place_id,company_name,formatted_address,city_searched,zone,keyword_searched,raw_query
ChIJd9nxJActO4gReWTOB0M_2I0,Germaine Restaurant Supply,"1131 Crawford Ave, Windsor, ON N9A 5E1, Canada",Windsor,Zone 1 — Windsor / Essex County,industrial equipment supplier,"industrial equipment supplier in Windsor, Ontario, Canada"
ChIJd8o4tIEtO4gRzbmiqtE8Re4,Sandwich Brewing Company,"3232 Sandwich St., Windsor, ON N9C 1A8, Canada",Windsor,Zone 1 — Windsor / Essex County,food manufacturer,"food manufacturer in Windsor, Ontario, Canada"
ChIJNQR2ct4tO4gRrwD45rN9oHU,CAFÉ DE HABIBI,"2395 Everts Ave, Windsor, ON N9E 3Y1, Canada",LaSalle,Zone 1 — Windsor / Essex County,food manufacturer,"food manufacturer in LaSalle, Ontario, Canada"
ChIJ4So9oZkvO4gRwdIXXvUGPwI,Boggs Coffee,"6865 Disputed Rd, LaSalle, ON N9H 1Y3, Canada",LaSalle,Zone 1 — Windsor / Essex County,food manufacturer,"food manufacturer in LaSalle, Ontario, Canada"
ChIJKW76lHkvO4gRgnOxmjqSHU0,Kava Café & Bakery Inc.,"5841 Malden Rd #164, LaSalle, ON N9H 1S3, Canada",LaSalle,Zone 1 — Windsor / Essex County,food manufacturer,"food manufacturer in LaSalle, Ontario, Canada"
ChIJxarfkKMvO4gRc-S_Cv1IMKw,St . Clair College Shipping Receiving Dock,"2000 Talbot Rd, Windsor, ON N9G 3C3, Canada",LaSalle,Zone 1 — Windsor / Essex County,logistics warehouse,"logistics warehouse in LaSalle, Ontario, Canada"
ChIJfVMSZZ4rO4gRrEf1kd-cLc8,Joseph's Farm Market (East),"6645 Tecumseh Rd E, Windsor, ON N8T 1E7, Canada",Tecumseh,Zone 1 — Windsor / Essex County,food manufacturer,"food manufacturer in Tecumseh, Ontario, Canada"
ChIJAxeSYRIrO4gRYWW1cD5_uTU,Mexico Lindo Latin American Food Market,"4611 Tecumseh Rd E, Windsor, ON N8W 1K8, Canada",Tecumseh,Zone 1 — Windsor / Essex County,food manufacturer,"food manufacturer in Tecumseh, Ontario, Canada"
ChIJGUXTkIkkO4gR0gIv9d1-n4c,Vivace Estate Winery,"5141 Concession Rd 5 N, Amherstburg, ON N9V 0C8, Canada",Amherstburg,Zone 1 — Windsor / Essex County,manufacturer,"manufacturer in Amherstburg, Ontario, Canada"
ChIJKQ_xqOYlO4gR0FQJ4YakxpU,Wolfhead Distillery & Restaurant,"7781 Howard Ave, Amherstburg, ON N0R 1J0, Canada",Amherstburg,Zone 1 — Windsor / Essex County,manufacturing company,"manufacturing company in Amherstburg, Ontario, Canada"
ChIJKZImih4tO4gRcYwh12-VYd4,Beer Store 3263,"80 Park St W, Amherstburg, ON N9V 1N5, Canada",Amherstburg,Zone 1 — Windsor / Essex County,warehouse,"warehouse in Amherstburg, Ontario, Canada"
ChIJfbB_XJo8O4gR5reJaQQk4XY,Super Green Convenience Store,"321 Sandwich St S, Amherstburg, ON N9V 2A9, Canada",Amherstburg,Zone 1 — Windsor / Essex County,warehouse,"warehouse in Amherstburg, Ontario, Canada"
ChIJCxzEN5glO4gRFZraS9nNP5Y,Amherstburg Self Storage,"33 Concession Rd 3 N, Amherstburg, ON N9V 2Y9, Canada",Amherstburg,Zone 1 — Windsor / Essex County,warehouse,"warehouse in Amherstburg, Ontario, Canada"
ChIJs8YwEzQiO4gRajOTvl1kQyY,Amherstburg Market at GL Heritage Brewery,"8728 Howard Ave, Amherstburg, ON N9V 0C8, Canada",Amherstburg,Zone 1 — Windsor / Essex County,food manufacturer,"food manufacturer in Amherstburg, Ontario, Canada"
ChIJY1oFTAA9O4gRkhb6sATogwo,Golden Oven European Bakery,"290 Sandwich St S, Amherstburg, ON N9V 2A8, Canada",Amherstburg,Zone 1 — Windsor / Essex County,food manufacturer,"food manufacturer in Amherstburg, Ontario, Canada"
ChIJKWUYXHw9O4gRWt4_3IOrf_w,Evelyn's Candy House,"63 Richmond St, Amherstburg, ON N9V 1G1, Canada",Amherstburg,Zone 1 — Windsor / Essex County,food manufacturer,"food manufacturer in Amherstburg, Ontario, Canada"
ChIJkRGvbV49O4gRETDXu6G2YJs,Legacies Kitchen,"190 Richmond St, Amherstburg, ON N9V 1G4, Canada",Amherstburg,Zone 1 — Windsor / Essex County,food manufacturer,"food manufacturer in Amherstburg, Ontario, Canada"
ChIJr2vumbzWOogRe4YsWqJGGaQ,Wagner Orchards & Estate Winery,"1222 Lakeshore Road 103, Lakeshore, ON N0R 1K0, Canada",Lakeshore,Zone 1 — Windsor / Essex County,food manufacturer,"food manufacturer in Lakeshore, Ontario, Canada"
ChIJ_6JirELVOogRrfdB1-BEDrY,WP Web & Print Boutique,"319 Talbot St N Unit 2, Essex, ON N8M 2W3, Canada",Lakeshore,Zone 1 — Windsor / Essex County,commercial printing company,"commercial printing company in Lakeshore, Ontario, Canada"
ChIJGZceuxPNOogRxsveoyrJH-k,Joe's Variety Store,"590 Notre Dame St, Belle River, ON N8L 1K8, Canada",Belle River,Zone 1 — Windsor / Essex County,warehouse,"warehouse in Belle River, Ontario, Canada"
ChIJU2FRExrNOogR5E381qoiS7I,Beer Store 3264,"399 Notre Dame St, Belle River, ON N8L 1K8, Canada",Belle River,Zone 1 — Windsor / Essex County,warehouse,"warehouse in Belle River, Ontario, Canada"
ChIJ_3kw_FHNOogR4yg8mna6iD0,Belle River Health Centre Pharmacy,"467 Notre Dame St, Belle River, ON N8L 1K8, Canada",Belle River,Zone 1 — Windsor / Essex County,distribution center,"distribution center in Belle River, Ontario, Canada"
ChIJeRmc8RLNOogRpJbqt_7WxEY,Outfield Diner,"601 Centre St #3, Belle River, ON N8L 1K8, Canada",Belle River,Zone 1 — Windsor / Essex County,distribution center,"distribution center in Belle River, Ontario, Canada"
ChIJY0krkOzNOogRR7NYY_48ykc,Belle River Family Restaurant,"189 Dupuis St, Belle River, ON N8L 1K8, Canada",Belle River,Zone 1 — Windsor / Essex County,food manufacturer,"food manufacturer in Belle River, Ontario, Canada"
ChIJhYgRzvq1OogRxM-OpQ8cXgE,A&W Canada,"7008 Industrial Dr, Comber, ON N0P 1J0, Canada",Comber,Zone 1 — Windsor / Essex County,warehouse,"warehouse in Comber, Ontario, Canada"
ChIJI8_Skn-1OogR6NM-V6ZWQjE,Original Guys Pizza Pies - OG PIZZA (Comber),"6316 Main St, Comber, ON N0P 1J0, Canada",Comber,Zone 1 — Windsor / Essex County,warehouse,"warehouse in Comber, Ontario, Canada"
ChIJXelVFP21OogRE_indMEIMEw,Comber Community Centre,"6211-6213 McAllaster St, Comber, ON N0P 1J0, Canada",Comber,Zone 1 — Windsor / Essex County,food manufacturer,"food manufacturer in Comber, Ontario, Canada"
ChIJ8fLQAziiLIgR1AhYaBMin-M,Beer Store 4091 - Stoney Creek Distribution Center,"414 Dewitt Rd, Stoney Creek, ON L8E 4B7, Canada",Stoney Point,Zone 1 — Windsor / Essex County,distribution center,"distribution center in Stoney Point, Ontario, Canada"
ChIJORT9qG-1OogRSmUnhXPg1QA,Harvest Fresh Catering,"6900 County Rd 42, Stoney Point, ON N0R 1N0, Canada",Stoney Point,Zone 1 — Windsor / Essex County,food manufacturer,"food manufacturer in Stoney Point, Ontario, Canada"
ChIJeVdWRkDTOogRvGrm-kUHYtA,Sandbar Waterfront Grill,"930 Old Tecumseh Rd, Belle River, ON N8L 0Y9, Canada",Puce,Zone 1 — Windsor / Essex County,fabrication shop,"fabrication shop in Puce, Ontario, Canada"
ChIJ5ZJWDOzSOogRJMltAbZBdy0,Twigg's Bar & Grill,"1207 Essex County Rd 22, Emeryville, ON N0R 1C0, Canada",Emeryville,Zone 1 — Windsor / Essex County,manufacturer,"manufacturer in Emeryville, Ontario, Canada"
ChIJvRRLClfTOogRAecn0x9DuLg,Kona Sushi - Lakeshore,"1224 Essex County Rd 22, Emeryville, ON N0R 1C0, Canada",Emeryville,Zone 1 — Windsor / Essex County,food manufacturer,"food manufacturer in Emeryville, Ontario, Canada"
ChIJBQK7Vv8iO4gRF5TCW9o-TXw,Ure's Country Kitchen,"6000 Essex County Rd 20, Amherstburg, ON N0R 1G0, Canada",Anderdon,Zone 1 — Windsor / Essex County,food manufacturer,"food manufacturer in Anderdon, Ontario, Canada"
ChIJyXcsncrXOogRz_lGTGfqkoo,AAA Stock 'n Lock Self Storage Windsor,"1920 Halford Dr, Windsor, ON N9G 0B8, Canada",Anderdon,Zone 1 — Windsor / Essex County,logistics warehouse,"logistics warehouse in Anderdon, Ontario, Canada"
ChIJExGM81XAOogRjngu1berj3U,Lakeside Bakery Deli Cafe,"286 Erie St S, Leamington, ON N8H 3C5, Canada",Leamington,Zone 1 — Windsor / Essex County,food manufacturer,"food manufacturer in Leamington, Ontario, Canada"
ChIJSdebt2HBOogR-PobvTRN9LE,Gore Hill Self Storage,"1126 Mersea Road 1, Leamington, ON N8W 3V5, Canada",Leamington,Zone 1 — Windsor / Essex County,logistics warehouse,"logistics warehouse in Leamington, Ontario, Canada"
ChIJ25HzI5jDOogR_OMH6vnueRE,Kingsville Brewery,"140 Park St, Kingsville, ON N9Y 1N5, Canada",Kingsville,Zone 1 — Windsor / Essex County,manufacturer,"manufacturer in Kingsville, Ontario, Canada"
ChIJQde2CCPdOogRX3Vmkuwt-yM,Banded Goose Brewery & Taproom,"15 Main St E, Kingsville, ON N9Y 1A1, Canada",Kingsville,Zone 1 — Windsor / Essex County,manufacturer,"manufacturer in Kingsville, Ontario, Canada"
ChIJXf1Pk9zCOogRXNwXzc1XVOU,Pelee Island Winery,"455 Seacliff Dr, Kingsville, ON N9Y 2K5, Canada",Kingsville,Zone 1 — Windsor / Essex County,manufacturer,"manufacturer in Kingsville, Ontario, Canada"
ChIJI6_NGyzdOogRPEKgQsT0w88,Kingsville Variety/LCBO/Beer/VAPE Store,"74 Division St N Unit 1, Kingsville, ON N9Y 1E2, Canada",Kingsville,Zone 1 — Windsor / Essex County,warehouse,"warehouse in Kingsville, Ontario, Canada"
ChIJuR5z2tHCOogRUTUwGDE-KEc,Kingsville Self Storage,"71 Wigle Ave, Kingsville, ON N9Y 1V1, Canada",Kingsville,Zone 1 — Windsor / Essex County,warehouse,"warehouse in Kingsville, Ontario, Canada"
ChIJ59HIvvPDOogRVmd78-3jU8A,Rock Island Self Storage,"1562 Road 3 E, Kingsville, ON N9Y 2E5, Canada",Kingsville,Zone 1 — Windsor / Essex County,logistics warehouse,"logistics warehouse in Kingsville, Ontario, Canada"
ChIJ07trj9HXOogRgetT7LdlXX0,Essex Self Storage,"326 South Talbot Rd N, Essex, ON N8M 2Z1, Canada",Essex,Zone 1 — Windsor / Essex County,warehouse,"warehouse in Essex, Ontario, Canada"
ChIJu_Yd7oxUXEARPSokk2ubToI,Stepping Out Fashion Boutique,"21 Talbot St N, Essex, ON N8M 1A4, Canada",Essex,Zone 1 — Windsor / Essex County,warehouse,"warehouse in Essex, Ontario, Canada"
ChIJ-b0UMVLXOogR9c7GdVtlUHE,Beer Store 3265,"160 Talbot St N, Essex, ON N8M 2C7, Canada",Essex,Zone 1 — Windsor / Essex County,warehouse,"warehouse in Essex, Ontario, Canada"
ChIJBYTmXFPXOogRFeBvUIBCwns,Dollar Tree,"61 Talbot St N, Essex, ON N8M 1A2, Canada",Essex,Zone 1 — Windsor / Essex County,distribution center,"distribution center in Essex, Ontario, Canada"
ChIJNZPyeWjbOogRcSKKizNaYPE,Henry Furtado Catering & Bakery (Food in Windsor-Essex),"100 County Rd 34 W, Cottam, ON N0R 1B0, Canada",Essex,Zone 1 — Windsor / Essex County,food manufacturer,"food manufacturer in Essex, Ontario, Canada"
ChIJ86_czKHdOogRjQHo0aVkyIY,Black Bear Farms of Ontario Estate Winery Inc.,"1137 Essex County Rd 20, Kingsville, ON N9Y 2E6, Canada",Essex,Zone 1 — Windsor / Essex County,food manufacturer,"food manufacturer in Essex, Ontario, Canada"
ChIJpVL0GHPROogRxUMHDF8rMF4,Acorn and Oak Coffee Company,"23 Victoria Ave, Essex, ON N8M 1M4, Canada",Essex,Zone 1 — Windsor / Essex County,food manufacturer,"food manufacturer in Essex, Ontario, Canada"
ChIJ9S9YBg0gO4gRR48pkgYSwxM,Sanford and Son Supermarket,"77 King St E, Harrow, ON N0R 1G0, Canada",Harrow,Zone 1 — Windsor / Essex County,manufacturer,"manufacturer in Harrow, Ontario, Canada"
ChIJO9MfdXIgO4gRDsi3805Ma0Y,Colio Estate Winery,"1 Colio Dr, Harrow, ON N0R 1G0, Canada",Harrow,Zone 1 — Windsor / Essex County,manufacturer,"manufacturer in Harrow, Ontario, Canada"
ChIJNW10cw0gO4gRzugDKQY5SzA,ServiceOntario,"72 King St E, Harrow, ON N0R 1G0, Canada",Harrow,Zone 1 — Windsor / Essex County,distribution center,"distribution center in Harrow, Ontario, Canada"
ChIJp4xDkBIgO4gRZggTtQ8C9yM,Shoppers Drug Mart,"69 King St E, Harrow, ON N0R 1G0, Canada",Harrow,Zone 1 — Windsor / Essex County,distribution center,"distribution center in Harrow, Ontario, Canada"
ChIJixrdnhMgO4gRighZBjD9p4E,"Uptown Meats & Deli , Ice cream shop","175 King St W, Harrow, ON N0R 1G0, Canada",Harrow,Zone 1 — Windsor / Essex County,distribution center,"distribution center in Harrow, Ontario, Canada"
ChIJZ9eCQv8hO4gRAPXk9aZudiY,The King St. Cafe,"24 King St W, Harrow, ON N0R 1G0, Canada",Harrow,Zone 1 — Windsor / Essex County,food manufacturer,"food manufacturer in Harrow, Ontario, Canada"
ChIJR7iD_qIhO4gRpFmB7jwVEXQ,Daisy & Co. Wine Bar,"41 King St W, Harrow, ON N0R 1G0, Canada",Harrow,Zone 1 — Windsor / Essex County,food manufacturer,"food manufacturer in Harrow, Ontario, Canada"
ChIJxVDUQQfaOogRT2cOegDebXQ,Essex County Library - McGregor Branch,"9571 Walker Rd, McGregor, ON N0R 1J0, Canada",McGregor,Zone 1 — Windsor / Essex County,manufacturer,"manufacturer in McGregor, Ontario, Canada"
ChIJzVH9ibHDOogRq6ACFa2YWHY,Ruthven Self Storage,"1963 Road 3 E, Ruthven, ON N9Y 2E5, Canada",Ruthven,Zone 1 — Windsor / Essex County,warehouse,"warehouse in Ruthven, Ontario, Canada"
ChIJPQQGJMW7OogRHBiwyntvTus,Lil Hil's Coffee Shop,"13 Talbot St W, Wheatley, ON N0P 2P0, Canada",Wheatley,Zone 1 — Windsor / Essex County,machine shop,"machine shop in Wheatley, Ontario, Canada"
ChIJSbFVUf67OogRkRVxvW07Flk,Beer Store - Returns Receiving Centre Only,"15 Talbot Rd W, Wheatley, ON N0P 2P0, Canada",Wheatley,Zone 1 — Windsor / Essex County,warehouse,"warehouse in Wheatley, Ontario, Canada"
ChIJK786zRi7OogRP5SoQG-Bggo,Well s food truck enter,"408 Chatham-Kent County Rd 1, Wheatley, ON N0P 2P0, Canada",Wheatley,Zone 1 — Windsor / Essex County,warehouse,"warehouse in Wheatley, Ontario, Canada"
ChIJiWHHEmD5L4gRha_W5gkck-w,Peapod Self Storage,"540 Park Ave E Unit 1, Chatham, ON N7M 5J4, Canada",Chatham,Zone 2 — Chatham-Kent,warehouse,"warehouse in Chatham, Ontario, Canada"
ChIJ3_4VxWP4L4gRWvPRm3gPLww,Sarah's Farm Market,"31 Sandys St, Chatham, ON N7L 3P5, Canada",Chatham,Zone 2 — Chatham-Kent,food manufacturer,"food manufacturer in Chatham, Ontario, Canada"
ChIJbRHi-274L4gRd_8njbW9lbo,Oriole Winery Ltd,"421 St Clair St, Chatham, ON N7L 3K4, Canada",Chatham Kent,Zone 2 — Chatham-Kent,food manufacturer,"food manufacturer in Chatham Kent, Ontario, Canada"
ChIJp6Q9tgCzOogRA4zYHbfInLs,Shoppers Drug Mart,"20 Mill St W, Tilbury, ON N0P 2L0, Canada",Tilbury,Zone 2 — Chatham-Kent,distribution center,"distribution center in Tilbury, Ontario, Canada"
ChIJ-Z33GH2zOogR2Px71c6zSR4,Real Food Kitchen & Bake Shop,"58 Queen St N, Tilbury, ON N0P 2L0, Canada",Tilbury,Zone 2 — Chatham-Kent,food manufacturer,"food manufacturer in Tilbury, Ontario, Canada"
ChIJAQCcNFGyOogR8Xi-iEZN5LE,Charcuterie Thyme Catering,"18 Park Ln, Tilbury, ON N0P 2L0, Canada",Tilbury,Zone 2 — Chatham-Kent,food manufacturer,"food manufacturer in Tilbury, Ontario, Canada"
ChIJ0RjcKquzOogRf10MydO0pNs,Beer Store 3058,"2 Queen St S, Tilbury, ON N0P 2L0, Canada",Tilbury,Zone 2 — Chatham-Kent,food manufacturer,"food manufacturer in Tilbury, Ontario, Canada"
ChIJQaA41aqzOogRyT6AgWF6BEM,Rose's Family Restaurant,"10 Queen St N, Tilbury, ON N0P 2L0, Canada",Tilbury,Zone 2 — Chatham-Kent,food manufacturer,"food manufacturer in Tilbury, Ontario, Canada"
ChIJfTywkzNDJYgRROJw1PdtIXc,Peapod Self Storage,"6 Arnold St, Wallaceburg, ON N8A 0A2, Canada",Wallaceburg,Zone 2 — Chatham-Kent,warehouse,"warehouse in Wallaceburg, Ontario, Canada"
ChIJ-emK4jNdJYgR9vYBoMNBTXw,Beer Store 3059,"64 McNaughton Ave, Wallaceburg, ON N8A 1R9, Canada",Wallaceburg,Zone 2 — Chatham-Kent,warehouse,"warehouse in Wallaceburg, Ontario, Canada"
ChIJb7NCsjFdJYgRo4GcVBYX1b8,True North Cannabis Co - Wallaceburg Dispensary,"740 James St, Wallaceburg, ON N8A 2P5, Canada",Wallaceburg,Zone 2 — Chatham-Kent,warehouse,"warehouse in Wallaceburg, Ontario, Canada"
ChIJ9_sknwxdJYgRJZayS7t1PtI,Mobil Gas & Convenience Store,"63 McNaughton Ave, Wallaceburg, ON N8A 1R9, Canada",Wallaceburg,Zone 2 — Chatham-Kent,warehouse,"warehouse in Wallaceburg, Ontario, Canada"
ChIJj11EUjRdJYgR5WPZOPALnmQ,Shoppers Drug Mart,"30 McNaughton Ave, Wallaceburg, ON N8A 1R9, Canada",Wallaceburg,Zone 2 — Chatham-Kent,distribution center,"distribution center in Wallaceburg, Ontario, Canada"
ChIJPZVstUtdJYgRNgb-UUzj-mw,The Black Goose Grill,"525 James St, Wallaceburg, ON N8A 2P1, Canada",Wallaceburg,Zone 2 — Chatham-Kent,food manufacturer,"food manufacturer in Wallaceburg, Ontario, Canada"
ChIJX_lSDzRdJYgRWql2-FtR0lA,A-1 Chinese Restaurant,"53 McNaughton Ave, Wallaceburg, ON N8A 1R7, Canada",Wallaceburg,Zone 2 — Chatham-Kent,food manufacturer,"food manufacturer in Wallaceburg, Ontario, Canada"
ChIJZcFelRpDJYgR5GVu0Aaf8ek,Taylor Auto Detailing,"60 Arnold St, Wallaceburg, ON N8A 3P3, Canada",Wallaceburg,Zone 2 — Chatham-Kent,logistics warehouse,"logistics warehouse in Wallaceburg, Ontario, Canada"
ChIJRR77qSn1L4gRFd78U_Ch2nY,JUST POP ON IN GOURMET POPCORN CANDY SHOPPE,"452 St George St, Dresden, ON N0P 1M0, Canada",Dresden,Zone 2 — Chatham-Kent,packaging manufacturer,"packaging manufacturer in Dresden, Ontario, Canada"
ChIJN55p5cdWJYgRZksh9mswJig,Central Tavern,"24121 Winter Line Rd, Pain Court, ON N0P 1Z0, Canada",Pain Court,Zone 2 — Chatham-Kent,warehouse,"warehouse in Pain Court, Ontario, Canada"
ChIJQ6B35MdWJYgRmPWoTxnOkFU,LCBO,"24129 Winter Line Rd, Chatham, ON N0P 1Z0, Canada",Pain Court,Zone 2 — Chatham-Kent,warehouse,"warehouse in Pain Court, Ontario, Canada"
ChIJt-IRUgvjL4gRp1uAb7dtRFk,Dana's Kitchen & Catering,"221 Talbot St W, Blenheim, ON N0P 1A0, Canada",Blenheim,Zone 2 — Chatham-Kent,food manufacturer,"food manufacturer in Blenheim, Ontario, Canada"
ChIJz5gM2MHjL4gRrPixnPlkHus,Convenience Store,"286 Chatham St N, Blenheim, ON N0P 1A0, Canada",Blenheim,Zone 2 — Chatham-Kent,food manufacturer,"food manufacturer in Blenheim, Ontario, Canada"
ChIJJyswdXPjL4gRVt3IHPoEYQs,Beer Store 3054,"100 Marlborough St N, Blenheim, ON N0P 1A0, Canada",Blenheim,Zone 2 — Chatham-Kent,food manufacturer,"food manufacturer in Blenheim, Ontario, Canada"
ChIJq_xIlXXjL4gRtekPgphTyjc,Venus De Milo Restaurant-Pizza,"50 Talbot St W, Blenheim, ON N0P 1A0, Canada",Blenheim,Zone 2 — Chatham-Kent,food manufacturer,"food manufacturer in Blenheim, Ontario, Canada"
ChIJgXswZxXoL4gRNT_xWQ39tII,New Town Variety Plus Diner,"54 Main St E, Ridgetown, ON N0P 2C0, Canada",Ridgetown,Zone 2 — Chatham-Kent,distribution center,"distribution center in Ridgetown, Ontario, Canada"
ChIJISPZ1ZLpL4gR4J83zWcqydg,Harvest Tables Restaurant Ridgetown,"11 Main St W, Ridgetown, ON N0P 2C0, Canada",Ridgetown,Zone 2 — Chatham-Kent,distribution center,"distribution center in Ridgetown, Ontario, Canada"
ChIJWZIfe_PsL4gRXgXWNb5LCVE,Thamesville Self Storage,"6 Sarah St, Thamesville, ON N0P 2K0, Canada",Thamesville,Zone 2 — Chatham-Kent,warehouse,"warehouse in Thamesville, Ontario, Canada"
ChIJOdqhy_LsL4gRVVVgXE8Hdgg,"Canter Lope - Western Clothing & Accessories Chatham-Kent, Ontario (Cowgirl & Cowboy boots, hats & more!)","71 London Rd, Thamesville, ON N0P 2K0, Canada",Thamesville,Zone 2 — Chatham-Kent,warehouse,"warehouse in Thamesville, Ontario, Canada"
ChIJWWV-_XLsL4gRubjokRiIk9o,LCBO,"99 Industrial Rd, Thamesville, ON N0P 2K0, Canada",Thamesville,Zone 2 — Chatham-Kent,distribution center,"distribution center in Thamesville, Ontario, Canada"
ChIJiRyx6eOVL4gRdQ_FduYPTxs,Bootlegger Distillery,"165 Oak St, Bothwell, ON N0P 1C0, Canada",Bothwell,Zone 2 — Chatham-Kent,manufacturer,"manufacturer in Bothwell, Ontario, Canada"
ChIJ25aZnIuVL4gR2SCVXu49i1I,Chatham-Kent Public Library - Bothwell Branch,"320 Main St N, Bothwell, ON N0P 1C0, Canada",Bothwell,Zone 2 — Chatham-Kent,manufacturer,"manufacturer in Bothwell, Ontario, Canada"
ChIJkVIR2WroL4gRQZ4dCHxkDEY,Chatham-Kent Public Library - Highgate Branch,"291 King St N, Highgate, ON N0P 1T0, Canada",Highgate,Zone 2 — Chatham-Kent,manufacturer,"manufacturer in Highgate, Ontario, Canada"
ChIJz2havRTdL4gRAClWeGhqX1M,Morpeth Community Centre,"12579 Talbot Trail, Morpeth, ON N0P 1X0, Canada",Morpeth,Zone 2 — Chatham-Kent,warehouse,"warehouse in Morpeth, Ontario, Canada"
ChIJz6q1ETpNJYgRb1Z91E7k6d8,Lighthouse convenience store,"Lighthouse Cove, ON N0R, Canada",Lighthouse Cove,Zone 2 — Chatham-Kent,machine shop,"machine shop in Lighthouse Cove, Ontario, Canada"
ChIJfw0qhLlMJYgRuM1lrQ6DNpI,Lighthouse Variety Bait & Tackle : LCBO & BEER STORE OUTLET,"425 Tisdelle Dr, Tilbury, ON N0P 2L0, Canada",Lighthouse Cove,Zone 2 — Chatham-Kent,warehouse,"warehouse in Lighthouse Cove, Ontario, Canada"
ChIJq6pmwdIfMIgRB5zShkhi34A,Erieview Ice Cream,"1565 Mariners Rd, Erieau, ON N0P 1A0, Canada",Erieau,Zone 2 — Chatham-Kent,manufacturing company,"manufacturing company in Erieau, Ontario, Canada"
ChIJ9WXWKy8eMIgRf5fFwSMtbb8,Erie-O Motel and Marina,"840 Ross Lane, Erieau, ON N0P 1A0, Canada",Erieau,Zone 2 — Chatham-Kent,machine shop,"machine shop in Erieau, Ontario, Canada"
ChIJay8HOgAfMIgRVPNzfewPa_I,The Beer Store,"1515 Kerr Ave, Erieau, ON N0P 1A0, Canada",Erieau,Zone 2 — Chatham-Kent,warehouse,"warehouse in Erieau, Ontario, Canada"
ChIJv0UgxFmDJYgRs4IP05tX6Xc,Moving Supplies at U-Haul,"1227 Confederation St, Sarnia, ON N7S 4M7, Canada",Sarnia,Zone 3 — Sarnia / Lambton County,packaging manufacturer,"packaging manufacturer in Sarnia, Ontario, Canada"
ChIJeajGKN6DJYgRqnFHd_9VkPg,U-Haul Moving & Storage of Golden Mile,"1513 Old London Rd, Sarnia, ON N7T 7H2, Canada",Sarnia,Zone 3 — Sarnia / Lambton County,packaging manufacturer,"packaging manufacturer in Sarnia, Ontario, Canada"
ChIJk45oS4qDJYgRTF9diOYoQK8,U-Haul Moving & Storage at Confederation St,"1227 Confederation St, Sarnia, ON N7S 4M7, Canada",Sarnia,Zone 3 — Sarnia / Lambton County,packaging manufacturer,"packaging manufacturer in Sarnia, Ontario, Canada"
ChIJg7MeZNCcJYgRIr2RpoOirBw,Personal Touch Eatery & Catering,"144 Mitton St S, Sarnia, ON N7T 3C7, Canada",Sarnia,Zone 3 — Sarnia / Lambton County,food manufacturer,"food manufacturer in Sarnia, Ontario, Canada"
ChIJ_zSzp6ScJYgRdqgwNoqYg1g,Local Self Storage,"712 Lite St, Point Edward, ON N7V 1A6, Canada",Point Edward,Zone 3 — Sarnia / Lambton County,warehouse,"warehouse in Point Edward, Ontario, Canada"
ChIJwVOsoxidJYgRmTeV62SnFV4,Bluewater cosMedic Bar,"546 Christina St N unit 600-A, Sarnia, ON N7T 5W6, Canada",Point Edward,Zone 3 — Sarnia / Lambton County,plastics manufacturer,"plastics manufacturer in Point Edward, Ontario, Canada"
ChIJL99HgyudJYgRqH88mvxTBYE,Bluewater Gourmet Catering,"Alexandra Ave, Point Edward, ON N7V 1C2, Canada",Point Edward,Zone 3 — Sarnia / Lambton County,food manufacturer,"food manufacturer in Point Edward, Ontario, Canada"
ChIJAaGZOeeHJYgRqlhlQTdCJA4,LCBO convenience outlet at Foodland,"2600 Lakeshore Rd, Brights Grove, ON N0N 1C0, Canada",Brights Grove,Zone 3 — Sarnia / Lambton County,warehouse,"warehouse in Brights Grove, Ontario, Canada"
ChIJjWDFQ-F8L4gRuU05yMrYDSw,Camlachie Food Market - LCBO Agency - Beer Store - M&M Frozen Food,"3785 Lakeshore Rd, Camlachie, ON N0N 1E0, Canada",Camlachie,Zone 3 — Sarnia / Lambton County,food manufacturer,"food manufacturer in Camlachie, Ontario, Canada"
ChIJidfs_F92JYgRrrE8jwPt4g4,Dollarama,"419 Lyndoch St, Corunna, ON N0N 1G0, Canada",Corunna,Zone 3 — Sarnia / Lambton County,warehouse,"warehouse in Corunna, Ontario, Canada"
ChIJUZ0RBV52JYgRZgC-o-MvoEI,Shoppers Drug Mart,"420 Lyndoch St, Corunna, ON N0N 1G0, Canada",Corunna,Zone 3 — Sarnia / Lambton County,distribution center,"distribution center in Corunna, Ontario, Canada"
ChIJJ3AWHFh3JYgRQ0luUHU4EcQ,Rustic Scoops Ice Cream Bar Inc.,"440 Lyndoch St, Corunna, ON N0N 1G0, Canada",Corunna,Zone 3 — Sarnia / Lambton County,food manufacturer,"food manufacturer in Corunna, Ontario, Canada"
ChIJ8-jI6tt3JYgRgjihC5U4f8k,Padre's Grill House,"394 Alfred St, Corunna, ON N0N 1G0, Canada",Corunna,Zone 3 — Sarnia / Lambton County,food manufacturer,"food manufacturer in Corunna, Ontario, Canada"
ChIJhRqeCROqK4gRq9VCba_RfX0,McDonald Tool & Manufacturing,"18 Tideman Dr, Orangeville, ON L9W 4N6, Canada",Mooretown,Zone 3 — Sarnia / Lambton County,CNC machine shop,"CNC machine shop in Mooretown, Ontario, Canada"
ChIJIbu2bH1xJYgRgqqjTjXEq9M,St Clair Riverview Restaurant,"1548 St Clair Pkwy, Courtright, ON N0N 1H0, Canada",Courtright,Zone 3 — Sarnia / Lambton County,automotive parts manufacturer,"automotive parts manufacturer in Courtright, Ontario, Canada"
ChIJ__8PNkx6JYgRgfpshEUooqs,Cedarview Farm Bakery,"3028 Kimball Rd, Courtright, ON N0N 1H0, Canada",Courtright,Zone 3 — Sarnia / Lambton County,packaging manufacturer,"packaging manufacturer in Courtright, Ontario, Canada"
ChIJ9ySHzqaBL4gRMh6nBSIFtHc,Black Gold Brewery,"395 Fletcher St, Petrolia, ON N0N 1R0, Canada",Dawn-Euphemia,Zone 3 — Sarnia / Lambton County,manufacturing company,"manufacturing company in Dawn-Euphemia, Ontario, Canada"
ChIJx51_GtX1L4gR7dZArt4HXjQ,Union Block Bakery,"413 St George St, Dresden, ON N0P 1M0, Canada",Dawn-Euphemia,Zone 3 — Sarnia / Lambton County,fabrication shop,"fabrication shop in Dawn-Euphemia, Ontario, Canada"
ChIJwaxSGKP1L4gRDRF7Yw-Dzxo,Magicbridge & Co. Wellness Boutique,"348 St George St, Dresden, ON N0P 1M0, Canada",Dawn-Euphemia,Zone 3 — Sarnia / Lambton County,warehouse,"warehouse in Dawn-Euphemia, Ontario, Canada"
ChIJyZeabMOTL4gRFlVJ09UnqFw,The Old Mill Store & Restaurant,"521 Florence Rd, Florence, ON N0P 1R0, Canada",Dawn-Euphemia,Zone 3 — Sarnia / Lambton County,warehouse,"warehouse in Dawn-Euphemia, Ontario, Canada"
ChIJ5RxI0wL1L4gRLZW1mnJ57fI,On The Run - Convenience Store,"295 St George St S, Dresden, ON N0P 1M0, Canada",Dawn-Euphemia,Zone 3 — Sarnia / Lambton County,warehouse,"warehouse in Dawn-Euphemia, Ontario, Canada"
ChIJy3dVKZiFL4gR0BTSM3J39PA,Oil Spring Self Storage,"2589 Margaret St, Oil Springs, ON N0N 1P0, Canada",Dawn-Euphemia,Zone 3 — Sarnia / Lambton County,warehouse,"warehouse in Dawn-Euphemia, Ontario, Canada"
ChIJg0WJtNOFL4gRuXFyd-q0CBM,LCBO CONVENIENCE OUTLET,"2596 Oil Heritage Rd, Oil Springs, ON N0N 1P0, Canada",Dawn-Euphemia,Zone 3 — Sarnia / Lambton County,distribution center,"distribution center in Dawn-Euphemia, Ontario, Canada"
ChIJzyAhWyKUL4gRrnnROobcMAQ,Safe and Sound Self Storage,"7191 Lambton Line, Bothwell, ON N0P 1C0, Canada",Dawn-Euphemia,Zone 3 — Sarnia / Lambton County,distribution center,"distribution center in Dawn-Euphemia, Ontario, Canada"
ChIJvT_oxJWBL4gRkHTJnbEy_Uc,ServiceOntario,"4178 Petrolia Line, Petrolia, ON N0N 1R0, Canada",Petrolia,Zone 3 — Sarnia / Lambton County,distribution center,"distribution center in Petrolia, Ontario, Canada"
ChIJsUyOG0yBL4gRN_6VSg0CRkA,Hogan Guardian Pharmacy,"4177 Petrolia Line, Petrolia, ON N0N 1R0, Canada",Petrolia,Zone 3 — Sarnia / Lambton County,distribution center,"distribution center in Petrolia, Ontario, Canada"
ChIJB51OJaGBL4gRD_uDLSPcO3M,Gramma's Candy Store,"4209 Petrolia Line, Petrolia, ON N0N 1R0, Canada",Petrolia,Zone 3 — Sarnia / Lambton County,food manufacturer,"food manufacturer in Petrolia, Ontario, Canada"
ChIJ-TkUgbiBL4gRRWX4ZAOY-2E,Petrolia Street Bakery,"4224 Petrolia Line, Petrolia, ON N0N 1R0, Canada",Petrolia,Zone 3 — Sarnia / Lambton County,food manufacturer,"food manufacturer in Petrolia, Ontario, Canada"
ChIJQwa8whuDL4gRHVWXyUhf8K4,The Lazy Wave Coffee Collective,"4247 Oil Heritage Rd, Petrolia, ON N0N 1R0, Canada",Petrolia,Zone 3 — Sarnia / Lambton County,food manufacturer,"food manufacturer in Petrolia, Ontario, Canada"
ChIJ5fbOcoyBL4gR0dozmfy1mPo,Beer Store 3157,"4355 Petrolia Line, Petrolia, ON N0N 1R0, Canada",Petrolia,Zone 3 — Sarnia / Lambton County,food manufacturer,"food manufacturer in Petrolia, Ontario, Canada"
ChIJ2VGJtNOFL4gRMQZ0EE1NhXc,Oil Springs Library,"4596 Oil Springs Line, Oil Springs, ON N0N 0A1, Canada",Oil Springs,Zone 3 — Sarnia / Lambton County,manufacturer,"manufacturer in Oil Springs, Ontario, Canada"
ChIJbQ1xTmp8JYgRcI-2puNbvAw,Brigden Library,"1540 Duncan St, Brigden, ON N0N 1B0, Canada",Brigden,Zone 3 — Sarnia / Lambton County,manufacturer,"manufacturer in Brigden, Ontario, Canada"
ChIJF9xpu8B9JYgRINRRv8XybdM,LCBO Convenience outlet,"2403 Courtright Line, Brigden, ON N0N 1B0, Canada",Brigden,Zone 3 — Sarnia / Lambton County,warehouse,"warehouse in Brigden, Ontario, Canada"
ChIJIdp9KMEFBSoRCksiM00xlrw,Sincerely Sweets.Co,"530 Main St, Wyoming, ON N0N 1T0, Canada",Wyoming,Zone 3 — Sarnia / Lambton County,manufacturer,"manufacturer in Wyoming, Ontario, Canada"
ChIJbVHX_rh0L4gRgL2Feb6EZAk,McLaren Pharmacy,"5299 Nauvoo Rd, Watford, ON N0M 2S0, Canada",Watford,Zone 3 — Sarnia / Lambton County,distribution center,"distribution center in Watford, Ontario, Canada"
ChIJDyzKxdpyL4gR6SvHMb60DrI,Township of Warwick Municipal Office,"5280 Nauvoo Rd, Watford, ON N0M 2S0, Canada",Warwick,Zone 3 — Sarnia / Lambton County,warehouse,"warehouse in Warwick, Ontario, Canada"
ChIJJaM9BQBwL4gRa7DnBM7GUgE,Alton Farms Estate Winery,"5547 Aberarder Line, Plympton-Wyoming, ON N0N 1J5, Canada",Warwick,Zone 3 — Sarnia / Lambton County,food manufacturer,"food manufacturer in Warwick, Ontario, Canada"
ChIJX-fOWKwVL4gRYQcpBMPlTpo,Shale Ridge Estate Winery & Cidery,"9090 Widder Rd, Thedford, ON N0M 2N0, Canada",Warwick,Zone 3 — Sarnia / Lambton County,food manufacturer,"food manufacturer in Warwick, Ontario, Canada"
ChIJ5U2GK-ChL4gRpSkBIk9UpqQ,Brooke-Alvinston-Inwood Community Centre Complex,"3310 Walnut St, Alvinston, ON N0N 1A0, Canada",Alvinston,Zone 3 — Sarnia / Lambton County,distribution center,"distribution center in Alvinston, Ontario, Canada"
ChIJoQUfgmWhL4gRmTfEQE5wBQ0,Today's Dollar Store,"8066 Centre St, Alvinston, ON N0N 1A0, Canada",Brooke-Alvinston,Zone 3 — Sarnia / Lambton County,warehouse,"warehouse in Brooke-Alvinston, Ontario, Canada"
ChIJNxD8bmChL4gRFiyM3EuQVGE,Alvinston Laundromat Plus,"8066 Centre St, Alvinston, ON N0N 1A0, Canada",Brooke-Alvinston,Zone 3 — Sarnia / Lambton County,warehouse,"warehouse in Brooke-Alvinston, Ontario, Canada"
ChIJc5q3GAQTL4gRjAT4ILeLX0U,Rock Glen Family Resort,"8685 Rock Glen Rd, Arkona, ON N0M 1B0, Canada",Arkona,Zone 3 — Sarnia / Lambton County,manufacturer,"manufacturer in Arkona, Ontario, Canada"
ChIJ_yhwPQNvL4gRpRuqUWgJTgo,CDS Pharmacy,"2 Main St S, Forest, ON N0N 1J0, Canada",Forest,Zone 3 — Sarnia / Lambton County,distribution center,"distribution center in Forest, Ontario, Canada"
ChIJw89nQANvL4gRo6kAJ54Y170,PHARMASAVE Forest Pharmacy,"19 King St W, Forest, ON N0N 1J0, Canada",Forest,Zone 3 — Sarnia / Lambton County,distribution center,"distribution center in Forest, Ontario, Canada"
ChIJ28NnnARvL4gRB0-rQuYxcPU,Godfathers Pizza - Forest,"50 King St W, Forest, ON N0N 1J0, Canada",Forest,Zone 3 — Sarnia / Lambton County,food manufacturer,"food manufacturer in Forest, Ontario, Canada"
ChIJAb6S8ppvL4gRgULue7gFWjQ,Pizza Hut,"10 King St W, Forest, ON N0N 1J0, Canada",Forest,Zone 3 — Sarnia / Lambton County,food manufacturer,"food manufacturer in Forest, Ontario, Canada"
ChIJ_fLiNFUVL4gRd91U06Bg_64,Pure Finish Mobile Auto Detailing Springvale,"132 Main St, Thedford, ON N0M 2N0, Canada",Thedford,Zone 3 — Sarnia / Lambton County,manufacturer,"manufacturer in Thedford, Ontario, Canada"
ChIJzZEuRCUVL4gRk00ywURps5g,Lizzy's Country Cafe and Catering,"109 Main St, Thedford, ON N0M 2N0, Canada",Thedford,Zone 3 — Sarnia / Lambton County,manufacturer,"manufacturer in Thedford, Ontario, Canada"
ChIJ70QV39EVL4gRbfmI4Hx42Jk,JAG Self Storage,"94 Victoria St, Thedford, ON N0M 2N0, Canada",Thedford,Zone 3 — Sarnia / Lambton County,manufacturer,"manufacturer in Thedford, Ontario, Canada"
ChIJ0YVM7y0VL4gRQ_itkqvZYgE,Thedford Library,"16 Allen St, Thedford, ON N0M 2N0, Canada",Thedford,Zone 3 — Sarnia / Lambton County,manufacturer,"manufacturer in Thedford, Ontario, Canada"
ChIJfTl9SRNAL4gRcgThxsBOlw0,Northville Self Storage,"9755 Northville Crescent, Thedford, ON N0M 2N0, Canada",Thedford,Zone 3 — Sarnia / Lambton County,warehouse,"warehouse in Thedford, Ontario, Canada"
ChIJV7BZJiUVL4gRlq3V9NM1PXo,LCBO,"109 Louisa St, Thedford, ON N0M 2N0, Canada",Thedford,Zone 3 — Sarnia / Lambton County,warehouse,"warehouse in Thedford, Ontario, Canada"
ChIJHRmoETg6L4gR5r-zMx6hDG0,Great Lakes Clothing Co.,"37 Main St W, Grand Bend, ON N0M 1T0, Canada",Grand Bend,Zone 3 — Sarnia / Lambton County,manufacturer,"manufacturer in Grand Bend, Ontario, Canada"
ChIJ4238KiM7L4gRLpuVot1Ij1s,Oakwood Resort,"70671 Bluewater Hwy, Grand Bend, ON N0M 1T0, Canada",Grand Bend,Zone 3 — Sarnia / Lambton County,manufacturer,"manufacturer in Grand Bend, Ontario, Canada"
ChIJS9eASTg6L4gRwlpNDGpS0V0,Gecko Clothing Company,"28 Main St W, Grand Bend, ON N0M 1T0, Canada",Grand Bend,Zone 3 — Sarnia / Lambton County,manufacturer,"manufacturer in Grand Bend, Ontario, Canada"
ChIJY5U91sw7L4gRwg1OCm1nGVo,Aux Sables Inn,"236 Ontario St S, Grand Bend, ON N0M 1T0, Canada",Grand Bend,Zone 3 — Sarnia / Lambton County,manufacturing company,"manufacturing company in Grand Bend, Ontario, Canada"
ChIJgU9mDjQ6L4gRd3kcFpisZK4,Blue Water Motel,"121 Ontario St S, Grand Bend, ON N0M 1T0, Canada",Grand Bend,Zone 3 — Sarnia / Lambton County,manufacturing company,"manufacturing company in Grand Bend, Ontario, Canada"
ChIJo_txpLo7L4gRMu9xwr8DrVQ,Grand Self Storage,"70578 Bluewater Hwy, Grand Bend, ON N0M 1T0, Canada",Grand Bend,Zone 3 — Sarnia / Lambton County,warehouse,"warehouse in Grand Bend, Ontario, Canada"
ChIJJ9-LbQs7L4gRHR5V32z4W_8,True North Cannabis Co - Grand Bend Dispensary,"31 Ontario St N, Grand Bend, ON N0M 1T0, Canada",Grand Bend,Zone 3 — Sarnia / Lambton County,distribution center,"distribution center in Grand Bend, Ontario, Canada"
ChIJEepvgHg7L4gREgWERuwNpbU,Industria Pizzeria + Bar,"15 Main St W unit 102, Grand Bend, ON N0M 1T0, Canada",Grand Bend,Zone 3 — Sarnia / Lambton County,distribution center,"distribution center in Grand Bend, Ontario, Canada"
ChIJ_1g1TTY6L4gR7GsVkjWwPZg,Pharmasave Grand Bend Pharmacy,"46 Ontario St S, Grand Bend, ON N0M 1T0, Canada",Grand Bend,Zone 3 — Sarnia / Lambton County,plastics manufacturer,"plastics manufacturer in Grand Bend, Ontario, Canada"
ChIJ1RyI8jc6L4gRgEtlaRm19WA,Highway Girl Café A Finer Food Shop,"18 81 Crescent St, Grand Bend, ON N0M 0B7, Canada",Grand Bend,Zone 3 — Sarnia / Lambton County,food manufacturer,"food manufacturer in Grand Bend, Ontario, Canada"
ChIJt2XoPjg6L4gRZucN2bLF0sc,Midori Sushi Bar & Restaurant,"19 81 Crescent St, Grand Bend, ON N0M 1T0, Canada",Grand Bend,Zone 3 — Sarnia / Lambton County,food manufacturer,"food manufacturer in Grand Bend, Ontario, Canada"
ChIJn6N8v0c6L4gRrFf7o56bncM,Paddingtons Pub,"18 Ontario St N, Grand Bend, ON N0M 1T0, Canada",Grand Bend,Zone 3 — Sarnia / Lambton County,food manufacturer,"food manufacturer in Grand Bend, Ontario, Canada"
ChIJs5wHlVM7L4gRD178fsJQV_c,Impressions Variety Store,"59 Main St W, Grand Bend, ON N0M 1T0, Canada",Grand Bend,Zone 3 — Sarnia / Lambton County,food manufacturer,"food manufacturer in Grand Bend, Ontario, Canada"
ChIJx_SApUE6L4gRvW1Au4wMAfo,Dave's Pub & Grill,"70671 Bluewater Hwy #1, Grand Bend, ON N0M 1T0, Canada",Grand Bend,Zone 3 — Sarnia / Lambton County,food manufacturer,"food manufacturer in Grand Bend, Ontario, Canada"
ChIJN0yidnAVL4gRu0P5oFZ-2h0,Juicy-Fruit Orchards & Farm Market,"9205 Ipperwash Rd, Lambton Shores, ON N0N 1J3, Canada",Lambton Shores,Zone 3 — Sarnia / Lambton County,fabrication shop,"fabrication shop in Lambton Shores, Ontario, Canada"
ChIJ36-eDFlAL4gR53Y1uPZNxfY,Port Franks Library,"9997 Port Franks Rd, Port Franks, ON N0M 2L0, Canada",Port Franks,Zone 3 — Sarnia / Lambton County,manufacturer,"manufacturer in Port Franks, Ontario, Canada"
ChIJowfdWFtAL4gRjLoN4SZoJhI,Khaos Artisan Kitchen,"7607 Ransford St, Port Franks, ON N0M 2L0, Canada",Port Franks,Zone 3 — Sarnia / Lambton County,food manufacturer,"food manufacturer in Port Franks, Ontario, Canada"
ChIJnSteX3hCL4gR1fK8GUjvdt8,"Arbor Acres Plaza - LCBO Convenience Outlet, Beer Store, Grocery, Laundromat and Restaurant","9612 W Ipperwash Rd, Lambton Shores, ON N0N 1J2, Canada",Ipperwash,Zone 3 — Sarnia / Lambton County,manufacturer,"manufacturer in Ipperwash, Ontario, Canada"
ChIJke41q7FpL4gR1uOGIMzjwK8,Points Preference Supermarket,"Lakeshore Rd, Lambton Shores, ON N0N 1J2, Canada",Ipperwash,Zone 3 — Sarnia / Lambton County,warehouse,"warehouse in Ipperwash, Ontario, Canada"
ChIJZXbw1h7yLogR8KkhbGPijYY,Labatt Brewery,"150 Simcoe St, London, ON N6A 4M3, Canada",London,Zone 4 — London / Middlesex,manufacturer,"manufacturer in London, Ontario, Canada"
ChIJpex9QXHzLogRGRgAApX58b4,LCBO London Logistics Facility,"955 Wilton Grove Rd, London, ON N6N 1C9, Canada",London,Zone 4 — London / Middlesex,warehouse,"warehouse in London, Ontario, Canada"
ChIJeVFG-mGNLogRHHavLwSviYs,Beer Store 3145 - London Distribution Center,"280 Sovereign Rd, London, ON N6M 1B3, Canada",London,Zone 4 — London / Middlesex,distribution center,"distribution center in London, Ontario, Canada"
ChIJNddh6AKNLogRtfS92uGHBd0,Dr Oetker Pizza Factory,"3100 Nova Court, London, ON N6M 1E2, Canada",London,Zone 4 — London / Middlesex,food manufacturer,"food manufacturer in London, Ontario, Canada"
ChIJBabEEgDxLogRaUCpx8suLYs,S4 Sweets Inc.,"3392 Wonderland Rd S #1305, London, ON N6L 1J9, Canada",London,Zone 4 — London / Middlesex,food manufacturer,"food manufacturer in London, Ontario, Canada"
ChIJO6pfkbDdLogRVs7kcp6ISWA,Dollarama,"The Glenns Shopping Centre, 315 Main St, Lucan, ON N0M 2J0, Canada",Lucan,Zone 4 — London / Middlesex,warehouse,"warehouse in Lucan, Ontario, Canada"
ChIJSzRIDhXdLogRHLCEghMOcfA,MJ's Catering Services Lucan,"174 Main St, Lucan, ON N0M 2J0, Canada",Lucan Biddulph,Zone 4 — London / Middlesex,machine shop,"machine shop in Lucan Biddulph, Ontario, Canada"
ChIJ37sHCVHdLogRx_N6sKf4bac,"IDA LUCAN CARE PHARMACY ( I.D.A ) LUCAN DRUG STORE , PHARMACY IN LUCAN","333 Main St, Lucan, ON N0M 2J0, Canada",Lucan Biddulph,Zone 4 — London / Middlesex,machine shop,"machine shop in Lucan Biddulph, Ontario, Canada"
ChIJc64DXcDdLogRZSVlxO4aHe0,True North Cannabis Co - Lucan Dispensary,"184 Main St unit 5, Lucan, ON N0M 2J0, Canada",Lucan Biddulph,Zone 4 — London / Middlesex,warehouse,"warehouse in Lucan Biddulph, Ontario, Canada"
ChIJ_1ocMfndLogROgEIEIx3P5g,True North Vape Shop - Lucan,"184 Main St Unit 5A, Lucan, ON N0M 2J0, Canada",Lucan Biddulph,Zone 4 — London / Middlesex,warehouse,"warehouse in Lucan Biddulph, Ontario, Canada"
ChIJQfQ8EbjdLogRpoUMF4IkyGE,Lucan Optimist Thrift Store,"188 Main St, Lucan, ON N0M 2J0, Canada",Lucan Biddulph,Zone 4 — London / Middlesex,warehouse,"warehouse in Lucan Biddulph, Ontario, Canada"
ChIJaal5D7jdLogR6g3QJFirNu8,LCBO,"196 Main St, Lucan, ON N0M 2J0, Canada",Lucan Biddulph,Zone 4 — London / Middlesex,warehouse,"warehouse in Lucan Biddulph, Ontario, Canada"
ChIJ3XrjJEncLogRlNGjhbPn3S8,U-Haul Moving & Storage,"34385 Saintsbury Line, Lucan, ON N0M 2J0, Canada",Lucan Biddulph,Zone 4 — London / Middlesex,distribution center,"distribution center in Lucan Biddulph, Ontario, Canada"
ChIJ75xVLADdLogR7s2-kaRqycs,Chuck's Roadhouse Bar & Grill,"184 Main St, Lucan, ON N0M 2J0, Canada",Lucan Biddulph,Zone 4 — London / Middlesex,food manufacturer,"food manufacturer in Lucan Biddulph, Ontario, Canada"
ChIJ6eJB2MAfL4gRl1YzYsfCaaQ,CDS Pharmacy Ailsa Craig,"163 Ailsa Craig Main St, Ailsa Craig, ON N0M 1A0, Canada",Ailsa Craig,Zone 4 — London / Middlesex,distribution center,"distribution center in Ailsa Craig, Ontario, Canada"
ChIJYXdbYpcfL4gRZZ78_UTXa5o,Cloverfarm Grocery LCBO Beer Store Ailsa Craig,"157 Ailsa Craig Main St, Ailsa Craig, ON N0M 1A0, Canada",Ailsa Craig,Zone 4 — London / Middlesex,food manufacturer,"food manufacturer in Ailsa Craig, Ontario, Canada"
ChIJCaMjoSYYL4gRg5yY1z__VOg,North Middlesex District Community Centre,"225 McLeod St, Parkhill, ON N0M 2K0, Canada",Parkhill,Zone 4 — London / Middlesex,industrial equipment supplier,"industrial equipment supplier in Parkhill, Ontario, Canada"
ChIJJQO8owkZL4gRXDJ6hYmB_7A,On The Run - Convenience Store,"105 Parkhill Main St, Parkhill, ON N0M 2K0, Canada",Parkhill,Zone 4 — London / Middlesex,warehouse,"warehouse in Parkhill, Ontario, Canada"
ChIJk1SBFSIYL4gRz8hm6KZZLx0,LCBO,"264 Parkhill Main St #1, Parkhill, ON N0M 2K0, Canada",Parkhill,Zone 4 — London / Middlesex,warehouse,"warehouse in Parkhill, Ontario, Canada"
ChIJ2QFU79TlLogRWgkrheuZTPs,The King Edward Restaurant & Pub,"13239 Ilderton Rd, Ilderton, ON N0M 2A0, Canada",Ilderton,Zone 4 — London / Middlesex,OEM manufacturer,"OEM manufacturer in Ilderton, Ontario, Canada"
ChIJ0cXvw9TlLogRkHafWs33354,New Orleans Pizza,"13229 Ilderton Rd, Ilderton, ON N0M 2A0, Canada",Ilderton,Zone 4 — London / Middlesex,warehouse,"warehouse in Ilderton, Ontario, Canada"
ChIJvbRpELPiLogRnE_1T7fKcJE,Coldstream Community Centre,"10227 Ilderton Rd, Ilderton, ON N0M 2A0, Canada",Ilderton,Zone 4 — London / Middlesex,distribution center,"distribution center in Ilderton, Ontario, Canada"
ChIJ-wQ7FHcFL4gR4a4LR8S4yl4,The Mana Lounge Strathroy,"89 Frank St, Strathroy, ON N7G 2R5, Canada",Strathroy,Zone 4 — London / Middlesex,machine shop,"machine shop in Strathroy, Ontario, Canada"
ChIJk8usQKkFL4gRtln04cVZOhM,True North Cannabis Co - Strathroy Dispensary,"51 Front St W, Strathroy, ON N7G 1X6, Canada",Strathroy,Zone 4 — London / Middlesex,warehouse,"warehouse in Strathroy, Ontario, Canada"
ChIJLQPCORYEL4gR79kWKRUx6hw,Orchard Clothing Company,"51 Front St E, Strathroy, ON N7G 1Y5, Canada",Strathroy,Zone 4 — London / Middlesex,warehouse,"warehouse in Strathroy, Ontario, Canada"
ChIJY7DfyhwEL4gR9W5n6GtySGI,ServiceOntario,"425 Caradoc St S #1, Strathroy, ON N7G 2P5, Canada",Strathroy,Zone 4 — London / Middlesex,distribution center,"distribution center in Strathroy, Ontario, Canada"
ChIJIfb_uSQPL4gR_RZNko64NHc,"A to Z Storage, Self Storage Units, Boat & Car Storage","28607 Centre Rd, Strathroy, ON N7G 3H6, Canada",Strathroy,Zone 4 — London / Middlesex,logistics warehouse,"logistics warehouse in Strathroy, Ontario, Canada"
ChIJf3Dftw4FL4gR3qE0hIKYcQc,On The Run - Convenience Store,"351 Caradoc St S, Strathroy, ON N7G 2P3, Canada",Strathroy-Caradoc,Zone 4 — London / Middlesex,warehouse,"warehouse in Strathroy-Caradoc, Ontario, Canada"
ChIJacwxbRgEL4gRTY2ir96-CPM,Beer Store 3116,"112 Metcalfe St W, Strathroy, ON N7G 1M8, Canada",Strathroy-Caradoc,Zone 4 — London / Middlesex,warehouse,"warehouse in Strathroy-Caradoc, Ontario, Canada"
ChIJqe09TE_-LogRB_xkFeWS6Gw,Trampoline Country Inc.,"22370 Adelaide Rd, Mount Brydges, ON N0L 1W0, Canada",Mount Brydges,Zone 4 — London / Middlesex,manufacturer,"manufacturer in Mount Brydges, Ontario, Canada"
ChIJpxDTcAD_LogRTgDVYW-hbVQ,The Still Bar and Tasting Room,"22469 Adelaide Rd, Mount Brydges, ON N0L 1W0, Canada",Mount Brydges,Zone 4 — London / Middlesex,manufacturer,"manufacturer in Mount Brydges, Ontario, Canada"
ChIJh3zLj0f-LogRDL6mHWFu9Js,Mount Brydges Food Market & Beer Store & LCBO and M&M EXPRESS,"22482 Adelaide Rd, Mount Brydges, ON N0L 1W0, Canada",Mount Brydges,Zone 4 — London / Middlesex,warehouse,"warehouse in Mount Brydges, Ontario, Canada"
ChIJU9x7nAd_0UwRb7I963D--88,BICN Printing & Design Boutique,"128 Raglan St S #1, Renfrew, ON K7V 1P9, Canada",Kerwood,Zone 4 — London / Middlesex,commercial printing company,"commercial printing company in Kerwood, Ontario, Canada"
ChIJd3hzTw2lL4gRKHeJQZPKJ2Q,Bryan's Variety/LCBO/BEER,"158 Mill St, Glencoe, ON N0L 1M0, Canada",Glencoe,Zone 4 — London / Middlesex,warehouse,"warehouse in Glencoe, Ontario, Canada"
ChIJUxDOvFa3L4gR_oA01BKwXf4,Jenny's Second Chance Consignment Thrift Store,"Building, 202 Main St, Glencoe, ON N0L 1M0, Canada",Glencoe,Zone 4 — London / Middlesex,warehouse,"warehouse in Glencoe, Ontario, Canada"
ChIJw6cDi4WlL4gRax26pNsFLE8,TNR Candy,"167 Symes St, Glencoe, ON N0L 1M0, Canada",Glencoe,Zone 4 — London / Middlesex,warehouse,"warehouse in Glencoe, Ontario, Canada"
ChIJN6X_BLilL4gR3FHWyfYldCo,Guardian Glencoe Pharmacy,"253 Main St, Glencoe, ON N0L 1M0, Canada",Glencoe,Zone 4 — London / Middlesex,distribution center,"distribution center in Glencoe, Ontario, Canada"
ChIJcaDeTuu9L4gRgMKvaBWKoPA,LCBO,"22789 Hagerty Rd N/A, Newbury, ON N0L 1Z0, Canada",Newbury,Zone 4 — London / Middlesex,manufacturer,"manufacturer in Newbury, Ontario, Canada"
ChIJy2QZ9WC8L4gRXsgVNnNVyi8,Newbury Foodmarket / LCBO Convenience Outlet,"22900 Hagerty Rd, Newbury, ON N0L 1Z0, Canada",Newbury,Zone 4 — London / Middlesex,warehouse,"warehouse in Newbury, Ontario, Canada"
ChIJDe83OZW9L4gR0CODAJGYmnc,The Beer Store,"22789 Hagerty Rd N/A, Newbury, ON N0L 1Z0, Canada",Newbury,Zone 4 — London / Middlesex,warehouse,"warehouse in Newbury, Ontario, Canada"
ChIJg9SLaaW7L4gRuEVNptDO16s,Gift Shop,"1776b Longwoods Rd, Wardsville, ON N0L 2N0, Canada",Wardsville,Zone 4 — London / Middlesex,warehouse,"warehouse in Wardsville, Ontario, Canada"
ChIJA_L5xcK7L4gReKmcqeOx0Wg,Dave's Wardsville Cafe,"1785 Longwoods Rd, Wardsville, ON N0L 2N0, Canada",Wardsville,Zone 4 — London / Middlesex,food manufacturer,"food manufacturer in Wardsville, Ontario, Canada"
ChIJx8pihoirL4gRTBBSR46WSnQ,Outlaw Apparel,"21943 Melbourne Rd, Melbourne, ON N0L 1T0, Canada",Southwest Middlesex,Zone 4 — London / Middlesex,commercial printing company,"commercial printing company in Southwest Middlesex, Ontario, Canada"
ChIJqTLga4z9LogRId5O8F9TnYQ,Pierogi Queen Food Truck,"22637 Komoka Rd, Komoka, ON N0L 1R0, Canada",Komoka,Zone 4 — London / Middlesex,manufacturer,"manufacturer in Komoka, Ontario, Canada"
ChIJFUlh4v39LogRetbYC72j9pA,Union Pub Komoka,"9952 Glendon Dr, Komoka, ON N0L 1R0, Canada",Komoka,Zone 4 — London / Middlesex,manufacturer,"manufacturer in Komoka, Ontario, Canada"
ChIJda_ZUs_7LogRGnL-9Y6tkF0,Inspired Cannabis | Komoka Cannabis Dispensary,"10166 Glendon Dr Unit 204, Komoka, ON N0L 1R0, Canada",Komoka,Zone 4 — London / Middlesex,manufacturer,"manufacturer in Komoka, Ontario, Canada"
ChIJ7Ur0r-r7LogRK4wqFTLkntk,LCBO,"10166 Glendon Dr Unit 301, Komoka, ON N0L 1R0, Canada",Komoka,Zone 4 — London / Middlesex,manufacturing company,"manufacturing company in Komoka, Ontario, Canada"
ChIJM0UHawn8LogRWV7BFwvX-3g,Little Beaver Restaurant,"9909 Glendon Dr, Komoka, ON N0L 1R0, Canada",Komoka,Zone 4 — London / Middlesex,warehouse,"warehouse in Komoka, Ontario, Canada"
ChIJx0VlaoD7LogRL8rEjbh4Opc,Dollarama,"10166 Glendon Dr, Komoka, ON N0L 1R0, Canada",Komoka,Zone 4 — London / Middlesex,warehouse,"warehouse in Komoka, Ontario, Canada"
ChIJxfbos2v9LogRwssBTQXuL6w,Pharmasave Komoka Kilworth Pharmacy & Compounding Centre,"22635 Komoka Rd, Komoka, ON N0L 1R0, Canada",Komoka,Zone 4 — London / Middlesex,distribution center,"distribution center in Komoka, Ontario, Canada"
ChIJTVi0JwD9LogRIgrOFklbEAk,"Domino’s Pizza, Komoka","9952 Glendon Dr, Komoka, ON N0L 1R0, Canada",Komoka,Zone 4 — London / Middlesex,distribution center,"distribution center in Komoka, Ontario, Canada"
ChIJRT2yT47yLogRmv3oYGa7qsY,Komoka Pharmacy,"9918 Glendon Dr, Komoka, ON N0L 1R0, Canada",Komoka,Zone 4 — London / Middlesex,distribution center,"distribution center in Komoka, Ontario, Canada"
ChIJs-8jW_37LogRboD7UAl6L1k,"InstaCare Pharmacy, Kilworth & Komoka","10166 Glendon Dr #203, Komoka, ON N0L 1R0, Canada",Komoka,Zone 4 — London / Middlesex,distribution center,"distribution center in Komoka, Ontario, Canada"
ChIJC4RRN4_tLogRzaZZQohx2SE,Ontario Restaurant Supply,"530 First St Unit 1, London, ON N5V 1Z3, Canada",Middlesex Centre,Zone 4 — London / Middlesex,industrial equipment supplier,"industrial equipment supplier in Middlesex Centre, Ontario, Canada"
ChIJ-XGoeSvkLogRh9tB4Lyh8eg,Ilderton Community Centre,"13168 Ilderton Rd, Ilderton, ON N0M 2A0, Canada",Middlesex Centre,Zone 4 — London / Middlesex,distribution center,"distribution center in Middlesex Centre, Ontario, Canada"
ChIJXdeC4nP8LogRYAikM7K_1yo,Komoka Community Centre,"Komoka & District Community Centre, 133 Queen St, Komoka, ON N0L 1R0, Canada",Middlesex Centre,Zone 4 — London / Middlesex,distribution center,"distribution center in Middlesex Centre, Ontario, Canada"
ChIJb1EGHIz7LogRXAbWroUj2vM,Lobo Self Storage,"10835 Gold Creek Dr, Komoka, ON N0L 1R0, Canada",Middlesex Centre,Zone 4 — London / Middlesex,distribution center,"distribution center in Middlesex Centre, Ontario, Canada"
ChIJUwoZDNyRLogRLO12w03VOsY,Beer Store 3119,"4367 Hamilton Rd, Dorchester, ON N0L 1G3, Canada",Dorchester,Zone 4 — London / Middlesex,warehouse,"warehouse in Dorchester, Ontario, Canada"
ChIJWfUec9yRLogRJI8KoULFkXc,LCBO,"4349 Hamilton Rd, Dorchester, ON N0L 1G3, Canada",Dorchester,Zone 4 — London / Middlesex,warehouse,"warehouse in Dorchester, Ontario, Canada"
ChIJn2AdfXWRLogRqiTkS-idgFY,I.D.A. Sunshine Drugs - Dorchester Pharmacy,"4327 Hamilton Rd #3, Dorchester, ON N0L 1G3, Canada",Dorchester,Zone 4 — London / Middlesex,distribution center,"distribution center in Dorchester, Ontario, Canada"
ChIJaebquyHtLogRxNp1kFrmilg,Carmina Design Co. - Apparel Manufacturing,"370 Saskatoon St, London, ON N5W 4R3, Canada",Thames Centre,Zone 4 — London / Middlesex,manufacturing company,"manufacturing company in Thames Centre, Ontario, Canada"
ChIJwbfq1eSSLogRriLq6MiRvL8,Haymach Canada - Foodservice Supplies & Restaurant Equipment Auctions,"2889 Dundas St, London, ON N5V 5B5, Canada",Thames Centre,Zone 4 — London / Middlesex,industrial equipment supplier,"industrial equipment supplier in Thames Centre, Ontario, Canada"
ChIJI2PxXueRLogRPTyvlHzOcGg,Dorchester Community Centre,"2066 Dorchester Rd, Dorchester, ON N0L 1G2, Canada",Thames Centre,Zone 4 — London / Middlesex,warehouse,"warehouse in Thames Centre, Ontario, Canada"
ChIJhSfHTACRLogR6E-fkUOprw4,The donut warehouse,"Dorchester, ON N0L 1G2, Canada",Thames Centre,Zone 4 — London / Middlesex,warehouse,"warehouse in Thames Centre, Ontario, Canada"
ChIJ-Z7MiB-VLogRMCk9BPKksns,Thorndale Lions Community Centre,"265 Queen St, Thorndale, ON N0M 2P0, Canada",Thames Centre,Zone 4 — London / Middlesex,warehouse,"warehouse in Thames Centre, Ontario, Canada"
ChIJ97MsVE-XLogRTyj8Tz3CAi8,Thamesford Self Storage,"202 Stanley St N, Thamesford, ON N0M 2M0, Canada",Thamesford,Zone 4 — London / Middlesex,warehouse,"warehouse in Thamesford, Ontario, Canada"
ChIJb37foxSXLogRRS2ML1PtASM,LCBO,"Thamesford, ON N0M 2M0, Canada",Thamesford,Zone 4 — London / Middlesex,warehouse,"warehouse in Thamesford, Ontario, Canada"
ChIJF55zf62QLogRAEGCxl3ROQQ,Thamesford District Recreation Centre,"85 Middleton St, Thamesford, ON N0M 2M0, Canada",Thamesford,Zone 4 — London / Middlesex,warehouse,"warehouse in Thamesford, Ontario, Canada"
ChIJm3eT3FCXLogR3zqh8uVfVFA,The Village Catering & Deli,"117 Dundas St W, Thamesford, ON N0M 2M0, Canada",Thamesford,Zone 4 — London / Middlesex,warehouse,"warehouse in Thamesford, Ontario, Canada"
ChIJvxwSouCXLogReFePTX9oEjI,On The Run - Convenience Store,"149 Dundas St, Thamesford, ON N0M 2M0, Canada",Thamesford,Zone 4 — London / Middlesex,warehouse,"warehouse in Thamesford, Ontario, Canada"
ChIJc-qJMsWLLogRgxP5K3Gx9i4,Belmont Town Restaurant & Catering/ BELMONT CATERING,"14139 Belmont Rd, Belmont, ON N0L 1B0, Canada",Belmont,Zone 4 — London / Middlesex,manufacturer,"manufacturer in Belmont, Ontario, Canada"
ChIJc-qJMsWLLogRoZ9-HIESAt4,Belmont Pharmacy Guardian,"14091 Belmont Rd, Belmont, ON N0L 1B0, Canada",Belmont,Zone 4 — London / Middlesex,distribution center,"distribution center in Belmont, Ontario, Canada"
ChIJA5v55dyLLogRMeOT8s3qln0,LCBO,"210 Caesar Rd, Belmont, ON N0L 1B0, Canada",Belmont,Zone 4 — London / Middlesex,distribution center,"distribution center in Belmont, Ontario, Canada"
ChIJ7d1G5SBeLogRs_Bkea8fRcI,Briwood Farm Market Inc,"1030 Talbot St, St Thomas, ON N5P 1G3, Canada",St. Thomas,Zone 4 — London / Middlesex,food manufacturer,"food manufacturer in St. Thomas, Ontario, Canada"
ChIJdQk4XINQLogR2eec0X9GKLE,Shedden LCBO Convenience Outlet,"35847 Talbot Line, Southwold, ON N0L 2E0, Canada",Southwold,Zone 4 — London / Middlesex,manufacturer,"manufacturer in Southwold, Ontario, Canada"
ChIJGdZ0-nRXLogRxLbr_q_Pe10,1st Stop Dispensary & Smoke Shop,"1154 Townline Rd, Southwold, ON N0L 2G0, Canada",Southwold,Zone 4 — London / Middlesex,manufacturer,"manufacturer in Southwold, Ontario, Canada"
ChIJ9Y7iIpZfLogR3V4I8xPPOZ8,Honey Cake Pastry Shop,"1346 Townline Rd, Southwold, ON N0L 0A8, Canada",Southwold,Zone 4 — London / Middlesex,manufacturer,"manufacturer in Southwold, Ontario, Canada"
ChIJ6ZRQg4RQLogRyBlXjA4ziRc,Evelyn's Sausage Kitchen,"9579 Union Rd, Shedden, ON N0L 2E0, Canada",Southwold,Zone 4 — London / Middlesex,manufacturer,"manufacturer in Southwold, Ontario, Canada"
ChIJv0KIpApXLogRlWrzU28lWFw,The Smokehouse dispensary,"244 Littlewood Dr, Southwold, ON N0L 2G0, Canada",Southwold,Zone 4 — London / Middlesex,warehouse,"warehouse in Southwold, Ontario, Canada"
ChIJe-w0KdVXLogRLuYZ2-gmpQQ,The Wolves Den Gift Shop,"1095 River Rd, Southwold, ON N0L 2G0, Canada",Southwold,Zone 4 — London / Middlesex,warehouse,"warehouse in Southwold, Ontario, Canada"
ChIJe8OnZ5VXLogRhHKYgx0shS8,Pinks Dispensary,"232 Littlewood Dr, Southwold, ON N0L 2G0, Canada",Southwold,Zone 4 — London / Middlesex,warehouse,"warehouse in Southwold, Ontario, Canada"
ChIJZ_838DdRLogRCCH-1r5uArE,The Old Station Kitchen,"9579 Union Rd, Shedden, ON N0L 2E0, Canada",Southwold,Zone 4 — London / Middlesex,food manufacturer,"food manufacturer in Southwold, Ontario, Canada"
ChIJ3wrkcSFDLogRJstb_dYdrxo,The Harbour Merchant Coffee Company Inc.,"288 Bridge St, Port Stanley, ON N5L 1C3, Canada",Port Stanley,Zone 4 — London / Middlesex,manufacturer,"manufacturer in Port Stanley, Ontario, Canada"
ChIJO0YTjV5DLogRBOb4fWhXJxc,The Candy Gram,"292 Bridge St, Port Stanley, ON N5L 1C3, Canada",Port Stanley,Zone 4 — London / Middlesex,manufacturer,"manufacturer in Port Stanley, Ontario, Canada"
ChIJP7-MYBhDLogR-NrWOhwifmI,Pierside Pub,"158 William St, Port Stanley, ON N5L 1E2, Canada",Port Stanley,Zone 4 — London / Middlesex,manufacturer,"manufacturer in Port Stanley, Ontario, Canada"
ChIJP3yOW0xDLogRyJNXesUzmPw,NADO Skin & Body | Medical Day Spa,"204 Main St Unit A1, Port Stanley, ON N5L 1C4, Canada",Port Stanley,Zone 4 — London / Middlesex,machine shop,"machine shop in Port Stanley, Ontario, Canada"
ChIJSZjFRcpDLogRlEQCKRWlTQE,Remax Advantage Realty - Port Stanley - Jason Froude,"238 Franklin Dr, Port Stanley, ON N5L 1A5, Canada",Port Stanley,Zone 4 — London / Middlesex,warehouse,"warehouse in Port Stanley, Ontario, Canada"
ChIJ5aaiwA_u-goRyRLtZDzbz3w,Littles Midnight - Bistro - Bar - Bakery,"The Telegraph House, 205 Main St, Port Stanley, ON N5L 1G3, Canada",Port Stanley,Zone 4 — London / Middlesex,food manufacturer,"food manufacturer in Port Stanley, Ontario, Canada"
ChIJ1Q1dqRlDLogRLBXfnC5cEPc,Buccaneer Bar and Grill,"128 William St, Port Stanley, ON N5L 1E2, Canada",Port Stanley,Zone 4 — London / Middlesex,food manufacturer,"food manufacturer in Port Stanley, Ontario, Canada"
ChIJRbCrXNhMLogReQ_O7ohoMpM,Dutton Variety & Gas Bar Inc,"197 Currie Rd, Dutton, ON N0L 1J0, Canada",Dutton,Zone 4 — London / Middlesex,manufacturer,"manufacturer in Dutton, Ontario, Canada"
ChIJ7aV5YNhMLogRhgiJZY5sqB8,LCBO,"234 Mary St, Dutton, ON N0L 1J0, Canada",Dutton,Zone 4 — London / Middlesex,warehouse,"warehouse in Dutton, Ontario, Canada"
ChIJhaHcWVlNLogR6kjbQpDcudo,I.D.A. HIGHLAND PHARMACY,"172 Currie Rd, Dutton, ON N0L 1J0, Canada",Dutton,Zone 4 — London / Middlesex,distribution center,"distribution center in Dutton, Ontario, Canada"
ChIJbwSAn61NLogR86Ij78o7pqo,Dollarama,"11158 Currie Rd, Dutton, ON N0L 1J0, Canada",Dutton-Dunwich,Zone 4 — London / Middlesex,machine shop,"machine shop in Dutton-Dunwich, Ontario, Canada"
ChIJw5iV_dhMLogRsWjXaWzKGKA,Ever After Consignment,"198 Currie Rd, Dutton, ON N0L 1J0, Canada",Dutton-Dunwich,Zone 4 — London / Middlesex,warehouse,"warehouse in Dutton-Dunwich, Ontario, Canada"
ChIJFcvscgBNLogRIx-6ug87jKs,The Daily Press Cafe,"167 Currie Rd, Dutton, ON N0L 1J0, Canada",Dutton-Dunwich,Zone 4 — London / Middlesex,warehouse,"warehouse in Dutton-Dunwich, Ontario, Canada"
ChIJOXCVFoO2L4gRa2M_j9UKNww,Ross & Co Salon And Tanning,"227 Graham Rd, West Lorne, ON N0L 2P0, Canada",West Lorne,Zone 4 — London / Middlesex,manufacturer,"manufacturer in West Lorne, Ontario, Canada"
ChIJt-t3RAvyLogRnoOF3oEJtGk,Fire Roasted Coffee Co.,"22360 Pioneer Line, Rodney, ON N0L 2C0, Canada",Rodney,Zone 4 — London / Middlesex,manufacturer,"manufacturer in Rodney, Ontario, Canada"
ChIJo4CHUIPJL4gRkMzzf4QK8Mk,The Wild Goat Coffee Company,"22360 Pioneer Line, Rodney, ON N0L 2C0, Canada",Rodney,Zone 4 — London / Middlesex,manufacturer,"manufacturer in Rodney, Ontario, Canada"
ChIJAx6agtZ8LogROXpeRydqPik,Aylmer Sales Arena & Farmers Market,"51 Murray St, Aylmer, ON N5H 2A4, Canada",Aylmer,Zone 4 — London / Middlesex,warehouse,"warehouse in Aylmer, Ontario, Canada"
ChIJB2dSyNV8LogR3H0Id9NPU9k,Beer Store 3115,"371 John St N, Aylmer, ON N5H 2B6, Canada",Aylmer,Zone 4 — London / Middlesex,warehouse,"warehouse in Aylmer, Ontario, Canada"
ChIJ308vRmF9LogRtDswt9kgWT4,True North Cannabis Co - Aylmer Dispensary,"115 Talbot St W, Aylmer, ON N5H 1J6, Canada",Aylmer,Zone 4 — London / Middlesex,warehouse,"warehouse in Aylmer, Ontario, Canada"
ChIJsbObupeHLogR5d4AaDCtIec,Springfield Food Mart - LCBO & Beer Store Outlet,"51195 Ron McNeil Line Unit 1, Springfield, ON N0L 2J0, Canada",Springfield,Zone 4 — London / Middlesex,warehouse,"warehouse in Springfield, Ontario, Canada"
ChIJ7-LBlMCHLogRzfijoiWWK1Q,RTA Cabinets Canada Ready to Assemble Kitchen & Bathroom Cabinets,"50432 Yorke Line, Malahide, ON N0L 1B0, Canada",Malahide,Zone 4 — London / Middlesex,distribution center,"distribution center in Malahide, Ontario, Canada"
ChIJrZiQSLnVLYgRnNvEWzE-yYA,Straffordville Community Centre,"56169 Heritage Line, Straffordville, ON N0J 1Y0, Canada",Bayham,Zone 4 — London / Middlesex,distribution center,"distribution center in Bayham, Ontario, Canada"
ChIJW2X71HUrLIgRUWZr11Ovbu4,D & E Family Farm Market,"441 Vienna Rd, Eden, ON N0J 1H0, Canada",Bayham,Zone 4 — London / Middlesex,food manufacturer,"food manufacturer in Bayham, Ontario, Canada"
ChIJTa4hGMnXLYgRZOHFSj5rSE0,Vienna Lions Community Centre,"26 Fulton St, Vienna, ON N0J 1Z0, Canada",Vienna,Zone 4 — London / Middlesex,warehouse,"warehouse in Vienna, Ontario, Canada"
ChIJcfOKPAHYLYgRP9LGEK6yrBo,LCBO,"30 Robinson St, Port Burwell, ON N0J 1T0, Canada",Port Burwell,Zone 4 — London / Middlesex,warehouse,"warehouse in Port Burwell, Ontario, Canada"
ChIJmQgUfjjZLYgRLygBVXhKmTU,I.D.A. Port Burwell Pharmacy,"41 Robinson St, Port Burwell, ON N0J 1T0, Canada",Port Burwell,Zone 4 — London / Middlesex,distribution center,"distribution center in Port Burwell, Ontario, Canada"
ChIJC1wKGQHYLYgRq2BMMGlaLCA,Izzy's Schooners Restaurant & Patio Lookout,"35 Robinson St, Port Burwell, ON N0J 1T0, Canada",Port Burwell,Zone 4 — London / Middlesex,food manufacturer,"food manufacturer in Port Burwell, Ontario, Canada"
ChIJs9FacQCdLogRnHYw2RlS6Pg,Thrift & Liquidation World,"111 Charles St E, Ingersoll, ON N5C 1J9, Canada",Ingersoll,Zone 4 — London / Middlesex,warehouse,"warehouse in Ingersoll, Ontario, Canada"
ChIJgZJr9o0fLIgRxix1NCuh8_4,Your Farm Market - Woodstock,"39 Young St, Woodstock, ON N4S 3L6, Canada",Woodstock,Zone 5 — Woodstock / Oxford County,food manufacturer,"food manufacturer in Woodstock, Ontario, Canada"
ChIJk00hvGkwLIgRLDTVAnji9LQ,Otterville Post Office,"14 Dover St, Otterville, ON N0J 0A8, Canada",Otterville,Zone 5 — Woodstock / Oxford County,warehouse,"warehouse in Otterville, Ontario, Canada"
ChIJY32iRRs7LIgRs8v8ilNjUaU,Norwich Deli and Bakery,"27 Main St W, Norwich, ON N0J 1P0, Canada",Norwich,Zone 5 — Woodstock / Oxford County,food manufacturer,"food manufacturer in Norwich, Ontario, Canada"
ChIJ29pocq47LIgR3ISkh7d4Wjk,Little Bones Grill,"7 Stover St S, Norwich, ON N0J 1P0, Canada",Norwich,Zone 5 — Woodstock / Oxford County,food manufacturer,"food manufacturer in Norwich, Ontario, Canada"
ChIJPYNh3HcyLIgRB-NGbJvMEAE,Courtland Variety & Cafe,"172 Talbot St, Courtland, ON N0J 1E0, Canada",Courtland,Zone 5 — Woodstock / Oxford County,industrial supplier,"industrial supplier in Courtland, Ontario, Canada"
ChIJxxxPWHEyLIgRjcZuDNlW-kg,Courtland Community Centre,"272 Main Street of Courtland, Courtland, ON N0J 1E0, Canada",Courtland,Zone 5 — Woodstock / Oxford County,distribution center,"distribution center in Courtland, Ontario, Canada"
ChIJO5Y4YuUrLIgRCyti7dQYma4,Beres Butchery and Catering,"510 Broadway St, Tillsonburg, ON N4G 3S3, Canada",Tillsonburg,Zone 5 — Woodstock / Oxford County,food manufacturer,"food manufacturer in Tillsonburg, Ontario, Canada"
ChIJQ78CIqqpLogR7Ji5x7Ts-K8,Madmash Brewery & Restaurant,"8 Hope St W, Tavistock, ON N0B 2R0, Canada",Tavistock,Zone 5 — Woodstock / Oxford County,manufacturer,"manufacturer in Tavistock, Ontario, Canada"
ChIJC30RN7qpLogRashRLgHmzR8,LCBO,"82 Hope St W, Tavistock, ON N0B 2R0, Canada",Tavistock,Zone 5 — Woodstock / Oxford County,warehouse,"warehouse in Tavistock, Ontario, Canada"
ChIJhzn7dLmpLogRU8F09rUR2G0,I.D.A. Tavistock Pharmacy,"Box 449, 17 Woodstock St S, Tavistock, ON N0B 2R0, Canada",Tavistock,Zone 5 — Woodstock / Oxford County,distribution center,"distribution center in Tavistock, Ontario, Canada"
ChIJM-5iHL0bLIgRw50DdW8V7j4,Innerkip Kommunity Food Market,"177 Blandford St, Innerkip, ON N0J 1M0, Canada",Innerkip,Zone 5 — Woodstock / Oxford County,distribution center,"distribution center in Innerkip, Ontario, Canada"
ChIJEUCSbr8bLIgRvTqW-pcN9IQ,Beata's Kitchen,"58 George St, Innerkip, ON N0J 1M0, Canada",Innerkip,Zone 5 — Woodstock / Oxford County,food manufacturer,"food manufacturer in Innerkip, Ontario, Canada"
ChIJBXkIq70bLIgRN6aUNbh-hZU,INNERKIP COMMUNITY FOOD MARKET,"177 Blandford St, Innerkip, ON N0J 1M0, Canada",Innerkip,Zone 5 — Woodstock / Oxford County,food manufacturer,"food manufacturer in Innerkip, Ontario, Canada"
ChIJO9WwdgWjLogRZpeOOpNyBPc,Kintore Coffee and Cold Brew.,"117 Huron St, Embro, ON N0J 1J0, Canada",Embro,Zone 5 — Woodstock / Oxford County,manufacturer,"manufacturer in Embro, Ontario, Canada"
ChIJ5bRzxymiLogRa0N8zs3Jgn0,Embro Hub - Fuel & Coffee ( Cheese House),"112 Huron St, Embro, ON N0J 0B5, Canada",Embro,Zone 5 — Woodstock / Oxford County,manufacturer,"manufacturer in Embro, Ontario, Canada"
ChIJ_dmVTzaiLogRNIi2iIVMIgA,Embro Zorra Community Centre,"355644 35th Line, Embro, ON N0J 1J0, Canada",Embro,Zone 5 — Woodstock / Oxford County,warehouse,"warehouse in Embro, Ontario, Canada"
ChIJTTRakSmiLogRmhOLkJEdBzo,Embro Food Market,"127 Huron St, Embro, ON N0J 1J0, Canada",Embro,Zone 5 — Woodstock / Oxford County,warehouse,"warehouse in Embro, Ontario, Canada"
ChIJCT8HGSSjLogRcCXQEVXy7Is,Embro Family Pharmacy,"104 Commissioner St, Embro, ON N0J 1J0, Canada",Embro,Zone 5 — Woodstock / Oxford County,warehouse,"warehouse in Embro, Ontario, Canada"
ChIJye9yjSmiLogRiZAEhpQlOLw,Highland Family Restaurant,"103 Commissioner St, Embro, ON N0J 1J0, Canada",Embro,Zone 5 — Woodstock / Oxford County,warehouse,"warehouse in Embro, Ontario, Canada"
ChIJZRVXxymiLogRs2lln_7KtJw,Classy Kitchen And Bath,"27 Commissioner St RR#1, Embro, ON N0J 1J0, Canada",Embro,Zone 5 — Woodstock / Oxford County,warehouse,"warehouse in Embro, Ontario, Canada"
ChIJ0RAxxB65LogRbHAPB3h8vsE,Teal Thistle Salon & Spa,"117 Huron St, Embro, ON N0J 1J0, Canada",Embro,Zone 5 — Woodstock / Oxford County,plastics manufacturer,"plastics manufacturer in Embro, Ontario, Canada"
ChIJA72LB8frcqgRF6EXWCc3Rmo,Megan Longlade - Private Chef & Catering Services,"270B Wonham St S, Ingersoll, ON N5C 2Z6, Canada",Zorra,Zone 5 — Woodstock / Oxford County,food manufacturer,"food manufacturer in Zorra, Ontario, Canada"
ChIJuQ937aMRLIgRNme8_et2_eE,Drumbo Pharmacy,"4 Wilmot St N, Drumbo, ON N0J 1G0, Canada",Drumbo,Zone 5 — Woodstock / Oxford County,machine shop,"machine shop in Drumbo, Ontario, Canada"
ChIJcUW97XkRLIgRCjA60SNi77g,Husky Market - Convenience Store,"23 Wilmot St S, Drumbo, ON N0J 1G0, Canada",Drumbo,Zone 5 — Woodstock / Oxford County,warehouse,"warehouse in Drumbo, Ontario, Canada"
ChIJzaiCfvARLIgRH2ETZEon0CA,Drumbo Pub,"7 Wilmot St N, Drumbo, ON N0J 1G0, Canada",Drumbo,Zone 5 — Woodstock / Oxford County,warehouse,"warehouse in Drumbo, Ontario, Canada"
ChIJixbEjy8uK4gRlUR9wqzxqUU,York University Printing Services,"159 Campus Walk, Central Square, 4700 Keele St Room 159, North York, ON M3J 1P3, Canada",Princeton,Zone 5 — Woodstock / Oxford County,commercial printing company,"commercial printing company in Princeton, Ontario, Canada"
ChIJy7rdwG4PLIgR4YJ486LEeHE,Trails Edge Tavern,"46 Albert St W, Plattsville, ON N0J 1S0, Canada",Plattsville,Zone 5 — Woodstock / Oxford County,manufacturer,"manufacturer in Plattsville, Ontario, Canada"
ChIJg9URXQo2LIgRY5039-2nvkg,Wholesome Pickins Market and Bakery,"500 Church St E, Delhi, ON N4B 3E6, Canada",Delhi,Zone 5 — Woodstock / Oxford County,manufacturer,"manufacturer in Delhi, Ontario, Canada"
ChIJ1_NG25mMK4gRMkPRMFOZhP4,s.t.o.p. Restaurant Supply,"206 Centennial Ct, Kitchener, ON N2B 3X2, Canada",Kitchener,Zone 6 — Kitchener / Waterloo / Cambridge / Guelph,industrial supplier,"industrial supplier in Kitchener, Ontario, Canada"
ChIJc8sMsfn1K4gRF23gPy_tCtg,KWC Pakistani Halal Food (Catering & Tiffin Service),"Valleyview Rd, Kitchener, ON N2E 1L6, Canada",Kitchener,Zone 6 — Kitchener / Waterloo / Cambridge / Guelph,food manufacturer,"food manufacturer in Kitchener, Ontario, Canada"
ChIJF72axNvzK4gRnJhFYQrlP5k,SoCold Restaurant Supply,"#3, 580 Colby Dr, Waterloo, ON N2V 1A2, Canada",Waterloo,Zone 6 — Kitchener / Waterloo / Cambridge / Guelph,industrial equipment supplier,"industrial equipment supplier in Waterloo, Ontario, Canada"
ChIJVclhsZ_2K4gRcVPgdVsuQUg,Noor Food Market & Butcher,"347 Erb St. W, Waterloo, ON N2L 1W4, Canada",Waterloo,Zone 6 — Kitchener / Waterloo / Cambridge / Guelph,food manufacturer,"food manufacturer in Waterloo, Ontario, Canada"
ChIJlWzsR6jzK4gRruh8RKq2-po,SFW Urban Winery & Artisan Cheese,"105 Northland Rd unit D, Waterloo, ON N2V 1Y8, Canada",Waterloo,Zone 6 — Kitchener / Waterloo / Cambridge / Guelph,food manufacturer,"food manufacturer in Waterloo, Ontario, Canada"
ChIJzfyXAAf0K4gRk_jhj8DR2sg,Live Switchboard / Printing / DHL / FedEx / Purolator / Driving School,"150 University Ave W #5a, Waterloo, ON N2L 3E4, Canada",Waterloo,Zone 6 — Kitchener / Waterloo / Cambridge / Guelph,commercial printing company,"commercial printing company in Waterloo, Ontario, Canada"
ChIJEwPye32IK4gRkYPVCjg8z8M,Domino's Pizza Supply Chain Distribution Centre,"490 Pinebush Rd, Cambridge, ON N1T 2K8, Canada",Cambridge,Zone 6 — Kitchener / Waterloo / Cambridge / Guelph,distribution center,"distribution center in Cambridge, Ontario, Canada"
ChIJS3Z1JCeQK4gRWMU--FbGBQQ,Bar-Tech Enterprises,"355 Elmira Rd N Unit #130, Guelph, ON N1K 1P9, Canada",Guelph,Zone 6 — Kitchener / Waterloo / Cambridge / Guelph,industrial equipment supplier,"industrial equipment supplier in Guelph, Ontario, Canada"
ChIJWfdYNo7uK4gR1RQddBy7DIU,Kitchen Kuttings Cafe Inc.,"40 Arthur St S, Elmira, ON N3B 2M7, Canada",Elmira,Zone 6 — Kitchener / Waterloo / Cambridge / Guelph,machine shop,"machine shop in Elmira, Ontario, Canada"
ChIJq46A0HruK4gRHSZEEBxWB3c,Elmira Self Storage,"100 South Field Dr, Elmira, ON N3B 2Z2, Canada",Elmira,Zone 6 — Kitchener / Waterloo / Cambridge / Guelph,warehouse,"warehouse in Elmira, Ontario, Canada"
ChIJEVJYGI_uK4gRLjcD0RvER-Y,Beer Store 4159,"6 Wyatt St E, Elmira, ON N3B 2H5, Canada",Elmira,Zone 6 — Kitchener / Waterloo / Cambridge / Guelph,warehouse,"warehouse in Elmira, Ontario, Canada"
ChIJIy9B8WHuK4gRb0unouxBFCI,Woolwich Self Storage,"17 Industrial Dr, Elmira, ON N3B 2S2, Canada",Elmira,Zone 6 — Kitchener / Waterloo / Cambridge / Guelph,distribution center,"distribution center in Elmira, Ontario, Canada"
ChIJ-z16X47uK4gRMqm15cJ0rpQ,Woolwich Thrift Shop,"5 Memorial Ave, Elmira, ON N3B 2P8, Canada",Elmira,Zone 6 — Kitchener / Waterloo / Cambridge / Guelph,distribution center,"distribution center in Elmira, Ontario, Canada"
ChIJAWgzDI7uK4gR8R2647FBYns,LCBO,"315 Arthur St S, Elmira, ON N3B 3L5, Canada",Elmira,Zone 6 — Kitchener / Waterloo / Cambridge / Guelph,distribution center,"distribution center in Elmira, Ontario, Canada"
ChIJAQMeOmnuK4gRbc7cgi2Op3k,Never Enough Thyme Catering Inc,"57 Arthur St S, Elmira, ON N3B 2M6, Canada",Elmira,Zone 6 — Kitchener / Waterloo / Cambridge / Guelph,food manufacturer,"food manufacturer in Elmira, Ontario, Canada"
ChIJB6faiZfxK4gRAHC84Q0OFHs,Stone Crock Bakery,"1402 King St N, St. Jacobs, ON N0B 2N0, Canada",St. Jacobs,Zone 6 — Kitchener / Waterloo / Cambridge / Guelph,automotive parts manufacturer,"automotive parts manufacturer in St. Jacobs, Ontario, Canada"
ChIJ1y81FyLzK4gRg5pVzD6jGJo,Crowsfoot Restaurant,"1872 Sawmill Rd, Conestogo, ON N0B 1N0, Canada",Conestogo,Zone 6 — Kitchener / Waterloo / Cambridge / Guelph,fabrication shop,"fabrication shop in Conestogo, Ontario, Canada"
ChIJEZbpOIuNK4gRNlAOKyQYdtE,Breslau Self Storage,"278 Woolwich St S, Breslau, ON N0B 1M0, Canada",Breslau,Zone 6 — Kitchener / Waterloo / Cambridge / Guelph,warehouse,"warehouse in Breslau, Ontario, Canada"
ChIJuxqwFISMK4gRSTdBIw73Bzw,Breslau Community Centre,"100 Andover Drive, Breslau, ON N0B 1M0, Canada",Breslau,Zone 6 — Kitchener / Waterloo / Cambridge / Guelph,distribution center,"distribution center in Breslau, Ontario, Canada"
ChIJ3Yd_kIyMK4gRq0QIto7f83E,Breslau Pharmacy & Wellness Centre Ltd.,"11 Woolwich St N, Breslau, ON N0B 1M0, Canada",Breslau,Zone 6 — Kitchener / Waterloo / Cambridge / Guelph,distribution center,"distribution center in Breslau, Ontario, Canada"
ChIJoVOQYwCNK4gRwrQmCfpct0o,Breslau Branch — Region of Waterloo Library,"100 Andover Drive, Breslau, ON N0B 1M0, Canada",Breslau,Zone 6 — Kitchener / Waterloo / Cambridge / Guelph,distribution center,"distribution center in Breslau, Ontario, Canada"
ChIJLa4bf6yNK4gRRLzrNwJdnPQ,The Nest Cafe & Creamery,"2057 Victoria St N #1, Breslau, ON N0B 1M0, Canada",Breslau,Zone 6 — Kitchener / Waterloo / Cambridge / Guelph,food manufacturer,"food manufacturer in Breslau, Ontario, Canada"
ChIJ5XeWut-NK4gRxQn_51V5dBQ,LITTLE GYROS GREEK GRILL (BRESLAU),"Unit #11, 10 Townsend Dr, Breslau, ON N0B 1M0, Canada",Breslau,Zone 6 — Kitchener / Waterloo / Cambridge / Guelph,food manufacturer,"food manufacturer in Breslau, Ontario, Canada"
ChIJV46pO3-LK4gRib1LE1xcIdI,The Shruti's Kitchen,"15 Waterbow Trl, Kitchener, ON N2A 0K6, Canada",Breslau,Zone 6 — Kitchener / Waterloo / Cambridge / Guelph,food manufacturer,"food manufacturer in Breslau, Ontario, Canada"
ChIJIcmwugSZmSQRId-9jlrWMcU,The Gem Boutique,"100 Rankin St, Waterloo, ON N2V 1Y2, Canada",Woolwich,Zone 6 — Kitchener / Waterloo / Cambridge / Guelph,warehouse,"warehouse in Woolwich, Ontario, Canada"
ChIJQ4VLWi4HLIgRb8b6pEN_wsc,Petro-Canada & Car Wash,"200 Waterloo St unit 2, New Hamburg, ON N3A 1T9, Canada",New Hamburg,Zone 6 — Kitchener / Waterloo / Cambridge / Guelph,industrial supplier,"industrial supplier in New Hamburg, Ontario, Canada"
ChIJVWSf4pAHLIgRYr5uafi4QS4,Baden Coffee Company,"1427 Gingerich Rd, Baden, ON N3A 4J3, Canada",Baden,Zone 6 — Kitchener / Waterloo / Cambridge / Guelph,manufacturer,"manufacturer in Baden, Ontario, Canada"
ChIJ__9PI4QHLIgRfT0PnmCPJKk,Pharmasave Baden Village Pharmacy,"18 Snyder's Rd W #6A, Baden, ON N3A 0A7, Canada",Baden,Zone 6 — Kitchener / Waterloo / Cambridge / Guelph,distribution center,"distribution center in Baden, Ontario, Canada"
ChIJadBy2qlR-0kRW9Ksk5ypuJw,GraffiTees Apparel Co.,"25 Zoeger Ct, Wellesley, ON N0B 2T0, Canada",Wellesley,Zone 6 — Kitchener / Waterloo / Cambridge / Guelph,manufacturer,"manufacturer in Wellesley, Ontario, Canada"
ChIJ7doMgzD_K4gROsh8gCBc1VE,Wellesley Self Storage,"Box 250, 1287 Hutchison Rd, Wellesley, ON N0B 2T0, Canada",Wellesley,Zone 6 — Kitchener / Waterloo / Cambridge / Guelph,warehouse,"warehouse in Wellesley, Ontario, Canada"
ChIJ9xXJYIr-K4gR1w_xNEt2wLA,Schmidtsville Restaurant,"3685 Nafziger Rd, Wellesley, ON N0B 2T0, Canada",Wellesley,Zone 6 — Kitchener / Waterloo / Cambridge / Guelph,warehouse,"warehouse in Wellesley, Ontario, Canada"
ChIJpZXuVC8HLIgR2_uP7MarwJU,ServiceOntario,"100 Mill St Unit B, New Hamburg, ON N3A 1R1, Canada",Wilmot,Zone 6 — Kitchener / Waterloo / Cambridge / Guelph,distribution center,"distribution center in Wilmot, Ontario, Canada"
ChIJnZJCc4v_K4gRQCI5xFpoatw,The Perth Farmhouse - Winery & Cidery,"4596 Wilmot Easthope Rd, Perth East, ON N3A 3T4, Canada",Wilmot,Zone 6 — Kitchener / Waterloo / Cambridge / Guelph,food manufacturer,"food manufacturer in Wilmot, Ontario, Canada"
ChIJ-3i7w8wMLIgRlO3Qm8vGCx0,Ayr Heritage Self Storage,"148 Northumberland St Unit 1, Ayr, ON N0B 1E0, Canada",Ayr,Zone 6 — Kitchener / Waterloo / Cambridge / Guelph,warehouse,"warehouse in Ayr, Ontario, Canada"
ChIJb3f6GC1zLIgRGihj-4aPrZI,MacNeil & Dodd Pharmacy,"45 Stanley St, Ayr, ON N0B 1E0, Canada",Ayr,Zone 6 — Kitchener / Waterloo / Cambridge / Guelph,distribution center,"distribution center in Ayr, Ontario, Canada"
ChIJCUEPuC5zLIgR5uIP5IhPQsU,BIG - BATCH COFFEE,"235 Mitchell St, Ayr, ON N0B 1E0, Canada",Ayr,Zone 6 — Kitchener / Waterloo / Cambridge / Guelph,food manufacturer,"food manufacturer in Ayr, Ontario, Canada"
ChIJq6pqZDJzLIgRWqel1VV5hiA,Tito's Pizza and Wings,"47 Northumberland St, Ayr, ON N0B 1E0, Canada",Ayr,Zone 6 — Kitchener / Waterloo / Cambridge / Guelph,food manufacturer,"food manufacturer in Ayr, Ontario, Canada"
ChIJKSn54xBzLIgR1bVmGCC83KI,Willibald Farm Distillery & Brewery,"1271 Reidsville Rd, Ayr, ON N0B 1E0, Canada",North Dumfries,Zone 6 — Kitchener / Waterloo / Cambridge / Guelph,food manufacturer,"food manufacturer in North Dumfries, Ontario, Canada"
ChIJZ-MSqz51LIgRejxf85ySHf0,Fo' Cheezy Food Truck,"55 Waydom Dr No public food sales happen here Truck storage location, See website for locations and hours, North Dumfries, ON N0B 2E0, Canada",North Dumfries,Zone 6 — Kitchener / Waterloo / Cambridge / Guelph,food manufacturer,"food manufacturer in North Dumfries, Ontario, Canada"
ChIJGQTbK-d0K4gRrX2EuAoKpnc,D & V Plastics Inc- Ontario Bakery Supply,"19 Commerce Crescent, Acton, ON L7J 2X2, Canada",Puslinch,Zone 6 — Kitchener / Waterloo / Cambridge / Guelph,plastics manufacturer,"plastics manufacturer in Puslinch, Ontario, Canada"
ChIJ3ZGb6nyfK4gRwBE3FuXU9Qk,Rural Roots Tea Lounge & Artisan Shop,"118 Main St S, Rockwood, ON N0B 2K0, Canada",Rockwood,Zone 6 — Kitchener / Waterloo / Cambridge / Guelph,food manufacturer,"food manufacturer in Rockwood, Ontario, Canada"
ChIJrze7b1-fK4gRuTyEaiBfASw,Bowling Green Logistics Inc.,"4923 7 Line, Rockwood, ON N0B 2K0, Canada",Rockwood,Zone 6 — Kitchener / Waterloo / Cambridge / Guelph,logistics warehouse,"logistics warehouse in Rockwood, Ontario, Canada"
ChIJeZ6m2nu9K4gRTyGnjd-Lisg,McDonald Machining,"6346 5th Line RR2, Fergus, ON N1M 2W5, Canada",Fergus,Zone 6 — Kitchener / Waterloo / Cambridge / Guelph,machine shop,"machine shop in Fergus, Ontario, Canada"
ChIJV5EcwBC-K4gR7A2IdvdSRNg,LCBO,"97 Parkside Dr W, Fergus, ON N1M 3M5, Canada",Fergus,Zone 6 — Kitchener / Waterloo / Cambridge / Guelph,warehouse,"warehouse in Fergus, Ontario, Canada"
ChIJ4fW8z2q-K4gRxrLeZKRiSrY,Beer Store 4005,"720 St David St N, Fergus, ON N1M 2K9, Canada",Fergus,Zone 6 — Kitchener / Waterloo / Cambridge / Guelph,distribution center,"distribution center in Fergus, Ontario, Canada"
ChIJY2XmhBK-K4gRbpSm7TDwO24,ServiceOntario,"200 St Patrick St E Unit 4, Fergus, ON N1M 1M4, Canada",Fergus,Zone 6 — Kitchener / Waterloo / Cambridge / Guelph,distribution center,"distribution center in Fergus, Ontario, Canada"
ChIJY3Iq-NS_K4gRXNaOyg6hzDk,Gerrie's Farm Market Inc,"7646 Colborne St, Elora, ON N0B 1S0, Canada",Fergus,Zone 6 — Kitchener / Waterloo / Cambridge / Guelph,food manufacturer,"food manufacturer in Fergus, Ontario, Canada"
ChIJyZQ4KVq_K4gRFZrgbNlyDQ8,Centre Wellington Carribbean Catering,"355 Stornoway Dr, Fergus, ON N1M 3K9, Canada",Fergus,Zone 6 — Kitchener / Waterloo / Cambridge / Guelph,food manufacturer,"food manufacturer in Fergus, Ontario, Canada"
ChIJCQzEF_aVK4gRA4J-SMSfRUw,The Ayrshire Hotel + The Ayrshire House,"143 Metcalfe St, Elora, ON N0B 1S0, Canada",Elora,Zone 6 — Kitchener / Waterloo / Cambridge / Guelph,fabrication shop,"fabrication shop in Elora, Ontario, Canada"
ChIJa_6WHUOVK4gRzHsT2Q-jkB4,Jefferson Elora Community Centre,"29 David St W, Elora, ON N0B 1S0, Canada",Elora,Zone 6 — Kitchener / Waterloo / Cambridge / Guelph,distribution center,"distribution center in Elora, Ontario, Canada"
ChIJzVjFtQTAK4gRfE4P0m558dg,Beer Store 4168,"6458 Wellington Rd 7 #2, Elora, ON N0B 1S0, Canada",Elora,Zone 6 — Kitchener / Waterloo / Cambridge / Guelph,distribution center,"distribution center in Elora, Ontario, Canada"
ChIJ-2FTtWmVK4gRr7zg7hhybfM,Centre Wellington Municipal Office,"2 Macdonald Square, Elora, ON N0B 1S0, Canada",Centre Wellington,Zone 6 — Kitchener / Waterloo / Cambridge / Guelph,warehouse,"warehouse in Centre Wellington, Ontario, Canada"
ChIJG0TTbwPrK4gRFjRd6Ri3-uU,Middlebrook Farm Market,"7192 Wellington Rd 18, Centre Wellington, ON N0B, Canada",Centre Wellington,Zone 6 — Kitchener / Waterloo / Cambridge / Guelph,food manufacturer,"food manufacturer in Centre Wellington, Ontario, Canada"
ChIJs4Xj1kvdK4gRwQ3CEZPcXIE,Pharmasave Drayton Pharmacy,"10 Wellington St N, Drayton, ON N0G 1P0, Canada",Drayton,Zone 6 — Kitchener / Waterloo / Cambridge / Guelph,warehouse,"warehouse in Drayton, Ontario, Canada"
ChIJZ8ocZQLdK4gRhRqvY-UlHzk,Mapleton Preschool,"35 High St, Drayton, ON N0G 1P0, Canada",Mapleton,Zone 6 — Kitchener / Waterloo / Cambridge / Guelph,warehouse,"warehouse in Mapleton, Ontario, Canada"
ChIJh8CCpLLBK4gRbC52ubgYS3g,"Alma Convenience (LCBO- Vodka, Whiskey, Wine)","3 Peel St W, Alma, ON N0B 1A0, Canada",Mapleton,Zone 6 — Kitchener / Waterloo / Cambridge / Guelph,warehouse,"warehouse in Mapleton, Ontario, Canada"
ChIJnbbVxmPdK4gRZTQvnkxQvRI,Mapleton Drug Mart Pharmacy,"11 Andrews Dr W, Drayton, ON N0G 1P0, Canada",Mapleton,Zone 6 — Kitchener / Waterloo / Cambridge / Guelph,warehouse,"warehouse in Mapleton, Ontario, Canada"
ChIJe7di7pDHK4gR9ODrq0Ewnm0,Silver Fox Distillery,"7999 Wellington County Rd 109, Arthur, ON N0G 1A0, Canada",Arthur,Zone 6 — Kitchener / Waterloo / Cambridge / Guelph,manufacturer,"manufacturer in Arthur, Ontario, Canada"
ChIJwwkESBPHK4gRaGZvKCaAXNA,Arthur Self Storage,"7639 Hwy 6, Arthur, ON N0G 1A0, Canada",Arthur,Zone 6 — Kitchener / Waterloo / Cambridge / Guelph,warehouse,"warehouse in Arthur, Ontario, Canada"
ChIJSXrogzTHK4gRC8WRfHp-iLU,Snack Express - Convenience Store,"8006 Wellington County Rd 109, Arthur, ON N0G 1A0, Canada",Arthur,Zone 6 — Kitchener / Waterloo / Cambridge / Guelph,warehouse,"warehouse in Arthur, Ontario, Canada"
ChIJna6rZVFiKYgRyzEO-hkhK1g,The Kitchen Factory,"345 Norman St, Palmerston, ON N0G 2P0, Canada",Palmerston,Zone 6 — Kitchener / Waterloo / Cambridge / Guelph,manufacturer,"manufacturer in Palmerston, Ontario, Canada"
ChIJVzuOXVFiKYgRNwVeOuPx7co,Blessings To You Thrift & Gift Store,"203 & 237 Main St W, Palmerston, ON N0G 2P0, Canada",Palmerston,Zone 6 — Kitchener / Waterloo / Cambridge / Guelph,warehouse,"warehouse in Palmerston, Ontario, Canada"
ChIJWZJDXbJjKYgRBROwUNumczk,LCBO,"440 Main St W, Palmerston, ON N0G 2P0, Canada",Palmerston,Zone 6 — Kitchener / Waterloo / Cambridge / Guelph,warehouse,"warehouse in Palmerston, Ontario, Canada"
ChIJXe6xYTdjKYgRqXeicChKiX0,Dulce Heaven Cafe,"107 William St Unit c, Palmerston, ON N0G 2P0, Canada",Palmerston,Zone 6 — Kitchener / Waterloo / Cambridge / Guelph,food manufacturer,"food manufacturer in Palmerston, Ontario, Canada"
ChIJM-L-g1piKYgRA6_KaQ_Vu6k,Subway,"405 Main St E Unit E, Palmerston, ON N0G 2P0, Canada",Palmerston,Zone 6 — Kitchener / Waterloo / Cambridge / Guelph,food manufacturer,"food manufacturer in Palmerston, Ontario, Canada"
ChIJwUw5LPmtLogR2d-5heLxKkk,Junction 56 Distillery,"45 Cambria St, Stratford, ON N5A 1G8, Canada",Stratford,Zone 6 — Kitchener / Waterloo / Cambridge / Guelph,food manufacturer,"food manufacturer in Stratford, Ontario, Canada"
ChIJ2z1SjnxdKYgRNvdcNgFBsQg,The Kitchen Cupboard & Icebox,"105 Elizabeth St W, Listowel, ON N4W 1C8, Canada",Listowel,Zone 6 — Kitchener / Waterloo / Cambridge / Guelph,fabrication shop,"fabrication shop in Listowel, Ontario, Canada"
ChIJU2TBHYFnKYgRVdSSbf_CBzk,Beer Store 4104,"850 Wallace Ave N, Listowel, ON N4W 1M4, Canada",Listowel,Zone 6 — Kitchener / Waterloo / Cambridge / Guelph,warehouse,"warehouse in Listowel, Ontario, Canada"
ChIJJz1LAwBdKYgRtI28WhM86l0,Cornerstone Thrift,"230 Elma St W, Listowel, ON N4W 1V7, Canada",Listowel,Zone 6 — Kitchener / Waterloo / Cambridge / Guelph,warehouse,"warehouse in Listowel, Ontario, Canada"
ChIJ8UjogIFnKYgRpGDds9ofmkg,ServiceOntario,"975 Wallace Ave N, Listowel, ON N4W 1M6, Canada",Listowel,Zone 6 — Kitchener / Waterloo / Cambridge / Guelph,distribution center,"distribution center in Listowel, Ontario, Canada"
ChIJV9yq6cptLIgRyHM7oCuFxQQ,"Burger Factory Paris, Ontario","1 Hartley Ave., Brant, ON N3L 0M3, Canada",Paris,Zone 6 — Kitchener / Waterloo / Cambridge / Guelph,manufacturer,"manufacturer in Paris, Ontario, Canada"
ChIJ6a_yyMxtLIgRWTr0Y8dqjRM,Syl Apps Community Centre,"51 William St, Paris, ON N3L 1L4, Canada",Paris,Zone 6 — Kitchener / Waterloo / Cambridge / Guelph,industrial equipment supplier,"industrial equipment supplier in Paris, Ontario, Canada"
ChIJa1NLrKJtLIgRWfEGlJfDJZc,Space At Hand Self Storage - Paris Ontario,"63 Woodslee Ave, Paris, ON N3L 3N6, Canada",Paris,Zone 6 — Kitchener / Waterloo / Cambridge / Guelph,warehouse,"warehouse in Paris, Ontario, Canada"
ChIJHyHv7N8rLIgRmJ8fLgat1G0,RE/MAX TRI-COUNTY REALTY INC,"565 Broadway St, Tillsonburg, ON N4G 3S8, Canada",Bayham,Zone 4 — London / Middlesex,hub_address_search,"14719 Dr, Tillsonburg, ON N4G 4G8, Canada"
ChIJUbla-fMrLIgRs3AL9EOZEiw,Royal Lepage R.E. Wood Realty brokerage,"55 Brock St E, Tillsonburg, ON N4G 1Z7, Canada",Bayham,Zone 4 — London / Middlesex,hub_address_search,"14719 Dr, Tillsonburg, ON N4G 4G8, Canada"
ChIJEaCBp-2uKU0RXAsW4SWdP8Y,Callander Community Centre,"1984 Swale St, Callander, ON P0H 1H0, Canada",Drumbo,Zone 5 — Woodstock / Oxford County,hub_address_search,"15 Drive, Callander, ON P0H 1H0, Canada"
ChIJx1JgFuOvKU0RnAsRSvRazD8,Angler’s Pub and Grill,"6 Main St S, Callander, ON P0H 1H0, Canada",Drumbo,Zone 5 — Woodstock / Oxford County,hub_address_search,"15 Drive, Callander, ON P0H 1H0, Canada"
ChIJj8gTXvdxqkER5BPzlC77Vis,Lu Lu's Callander Bar and Grill,"5 Main St S, Callander, ON P0H 1H0, Canada",Drumbo,Zone 5 — Woodstock / Oxford County,hub_address_search,"15 Drive, Callander, ON P0H 1H0, Canada"
ChIJgQvAk3avKU0R8cdToxnZxCI,Callander Bay Self Storage,"471 ON-654, Callander, ON P0H 1H0, Canada",Drumbo,Zone 5 — Woodstock / Oxford County,hub_address_search,"15 Drive, Callander, ON P0H 1H0, Canada"
ChIJU6tOePquKU0RcQdDHtHHnh8,Phoenix Restaurant,"26 Main St N, Callander, ON P0H 1H0, Canada",Drumbo,Zone 5 — Woodstock / Oxford County,hub_address_search,"15 Drive, Callander, ON P0H 1H0, Canada"
ChIJ7f4KmvCuKU0RFnba1IT5Roo,Callander Public Library,"30 Catherine St W, Callander, ON P0H 1H0, Canada",Drumbo,Zone 5 — Woodstock / Oxford County,hub_address_search,"15 Drive, Callander, ON P0H 1H0, Canada"
ChIJQ3UglWPZ1IkR4Gmh8S31bB8,HealRX Medical Clinic and Pharmacy,"1550 Bayly St #6, Pickering, ON L1W 3W1, Canada",Kerwood,Zone 4 — London / Middlesex,hub_address_search,"1550 St , Pickering, ON L1W 3W1, Canada"
ChIJi0n7Uxnf1IkRD8pd4t4E2Zk,Pickering First Place Pharmacy,"1550 Kingston Rd Unit 11, Pickering, ON L1V 6W9, Canada",Kerwood,Zone 4 — London / Middlesex,hub_address_search,"1550 St , Pickering, ON L1W 3W1, Canada"
ChIJn-8MtVSyOogRHkAoZj3-De4,"RE/MAX Preferred Realty Ltd., Tilbury","20 Queen St S Unit 2, Tilbury, ON N0P 2L0, Canada",Stoney Point,Zone 1 — Windsor / Essex County,hub_address_search,"20600 Morris Rd RR, Tilbury, ON N0P 2L0, Canada"
ChIJXxMP8RkEL4gRViQ9YDySgJ0,A&W Canada,"96 Caradoc St S, Strathroy, ON N7G 2N8, Canada",Strathroy,Zone 4 — London / Middlesex,hub_address_search,"233 Ave, Strathroy, ON N7G 4J1, Canada"
ChIJea2IohwEL4gROSxtUsyDmxI,Roy's Coffee Shop,"273 Caradoc St S, Strathroy, ON N7G 2P3, Canada",Strathroy,Zone 4 — London / Middlesex,hub_address_search,"233 Ave, Strathroy, ON N7G 4J1, Canada"
ChIJj3bjCRQEL4gRwhu5GiIV_8M,All Saints Parish,"124 Front St E, Strathroy, ON N7G 1Y9, Canada",Strathroy,Zone 4 — London / Middlesex,hub_address_search,"233 Ave, Strathroy, ON N7G 4J1, Canada"
ChIJayN5ese8KogRjdXDjrDGQ34,ServiceOntario,"274 Burton Ave Unit 21, Barrie, ON L4N 5W4, Canada",Dealtown,Zone 2 — Chatham-Kent,hub_address_search,"279 Dr, Barrie, ON L4N 8X9, Canada"
ChIJLxUzX9yiKogRw90yaViLTd4,ServiceOntario,"320 Bayfield St #104, Barrie, ON L4M 3C1, Canada",Dealtown,Zone 2 — Chatham-Kent,hub_address_search,"279 Dr, Barrie, ON L4N 8X9, Canada"
ChIJWWcm5a2uKk0RVA9Pou-Izsg,Lote Tree Apparel,"45 Esther Anne Dr, Orillia, ON L3V 3G8, Canada",Mooretown,Zone 3 — Sarnia / Lambton County,hub_address_search,"45 Dr, Orillia, ON L3V 0T7, Canada"
ChIJj9ua8MuuKk0RnSyrk_BjSoQ,Quality Inn & Conference Centre,"201 Woodside Dr, Orillia, ON L3V 6T4, Canada",Mooretown,Zone 3 — Sarnia / Lambton County,hub_address_search,"45 Dr, Orillia, ON L3V 0T7, Canada"
ChIJE9r086X0K4gRr-7UlJ0UyoI,Cushman & Wakefield Waterloo Region Ltd. | Commercial Real Estate | Kitchener Guelph Cambridge,"401, 4295 King St E, Kitchener, ON N2P 0C6, Canada",Kitchener,Zone 6 — Kitchener / Waterloo / Cambridge / Guelph,hub_address_search,"50 Pl, Kitchener, ON N2E 2C3, Canada"
ChIJQe1cI3-QK4gRjuSdt42kM4I,Guelph Dental Care,"5 Woodlawn Rd W #104, Guelph, ON N1H 1G8, Canada",Guelph,Zone 6 — Kitchener / Waterloo / Cambridge / Guelph,hub_address_search,"650 Woodlawn Rd W 13 and 14, Guelph, ON N1K 1B8, Canada"
ChIJAXVkzNKEK4gR0kTwKPI3_D8,Popeyes Louisiana Kitchen,"35 Harvard Rd Unit 14, Guelph, ON N1G 3A2, Canada",Guelph,Zone 6 — Kitchener / Waterloo / Cambridge / Guelph,hub_address_search,"650 Woodlawn Rd W 13 and 14, Guelph, ON N1K 1B8, Canada"
ChIJk90-N2-aK4gRKGImz1XoMPE,Woodlawn Pharmacy,"472 Woodlawn Rd E, Guelph, ON N1E 1B9, Canada",Guelph,Zone 6 — Kitchener / Waterloo / Cambridge / Guelph,hub_address_search,"650 Woodlawn Rd W 13 and 14, Guelph, ON N1K 1B8, Canada"
ChIJB4-sOW-aK4gRpNoCQPG5tlY,Woodlawn Dental Care,"470 Woodlawn Rd E Unit 1A, Guelph, ON N1E 1B9, Canada",Guelph,Zone 6 — Kitchener / Waterloo / Cambridge / Guelph,hub_address_search,"650 Woodlawn Rd W 13 and 14, Guelph, ON N1K 1B8, Canada"
ChIJtSIqquWbK4gRw_TIW4kqWvw,Woodlawn Kids Dental,"9 Woodlawn Rd E Suite 401, Guelph, ON N1H 0C1, Canada",Guelph,Zone 6 — Kitchener / Waterloo / Cambridge / Guelph,hub_address_search,"650 Woodlawn Rd W 13 and 14, Guelph, ON N1K 1B8, Canada"
ChIJudUQtXSQK4gRKZoRLmX2uFk,"Royal LePage Royal City Realty, Real Estate Brokerage","30 Edinburgh Rd N, Guelph, ON N1H 7J1, Canada",Guelph,Zone 6 — Kitchener / Waterloo / Cambridge / Guelph,hub_address_search,"650 Woodlawn Rd W 13 and 14, Guelph, ON N1K 1B8, Canada"
ChIJeUib5wDdK4gRJywmvdmip8M,Family Time Pizza,"89 Wellington St S, Drayton, ON N0G 1P0, Canada",Drayton,Zone 6 — Kitchener / Waterloo / Cambridge / Guelph,hub_address_search,"7665 Wellington St S , Drayton, ON N0G 1P0, Canada"
ChIJKeR6vhndK4gRaU42xUc-OKY,LCBO,"90 Wellington St S, Drayton, ON N0G 1P0, Canada",Drayton,Zone 6 — Kitchener / Waterloo / Cambridge / Guelph,hub_address_search,"7665 Wellington St S , Drayton, ON N0G 1P0, Canada"
ChIJlyymIt-5LogRuoq6DOq5Sm0,New Orleans Pizza,"84 Wellington St S, St. Marys, ON N4X 0A6, Canada",St. Marys,Zone 4 — London / Middlesex,hub_address_search,"84 Wellington Street South 1 & 2, 84 Wellington St S & 2, St. Marys, ON N4X 1C3, Canada"
ChIJh-y_OGrW1IkR7MCEqzGWAlo,Dollarama,"Crossings Plaza, 1555 Talbot Rd, Windsor, ON N9H 2N2, Canada",LaSalle,Zone 1 — Windsor / Essex County,hub_address_search,"Across from Dollarama, 1555 Talbot Rd , Windsor, ON N9H 2N2, Canada"
ChIJQ_Puij1eLogRuW6X3l0Om9E,Joe Thornton Community Centre,"75 Caso Xing, St Thomas, ON N5P 3V7, Canada",Cottam,Zone 1 — Windsor / Essex County,hub_address_search,"Parking lot, 800 Talbot St , St Thomas, ON N5P 1E2, Canada"
ChIJE8a4tj1eLogRv86kasb3TKk,LCBO,"1010 Talbot St #30, St Thomas, ON N5P 4N2, Canada",Cottam,Zone 1 — Windsor / Essex County,hub_address_search,"Parking lot, 800 Talbot St , St Thomas, ON N5P 1E2, Canada"
ChIJJxmrhjKDJYgREXYYIosO7kM,South East Cafe,"110 East Street N #3, Sarnia, ON N7T 1R3, Canada",St. Joachim,Zone 1 — Windsor / Essex County,hub_address_search,"off Kathleen St, 110 East Street S , Sarnia, ON N7T 3R1, Canada"
ChIJrXWFWheDJYgRa65GfWvDobc,Bluewater Church - Wellington Campus,"1256 Wellington St, Sarnia, ON N7S 5R5, Canada",St. Joachim,Zone 1 — Windsor / Essex County,hub_address_search,"off Kathleen St, 110 East Street S , Sarnia, ON N7T 3R1, Canada"
ChIJVxQhZcecJYgRvC8uqMMalYg,Waggs Steak & Seafood Restaurant,"420 Christina St N, Sarnia, ON N7T 5W1, Canada",St. Joachim,Zone 1 — Windsor / Essex County,hub_address_search,"off Kathleen St, 110 East Street S , Sarnia, ON N7T 3R1, Canada"
ChIJ6anKSSeDJYgRn2s97VNRpx8,Sal's Family Restaurant,"996 Confederation St, Sarnia, ON N7S 1H3, Canada",St. Joachim,Zone 1 — Windsor / Essex County,hub_address_search,"off Kathleen St, 110 East Street S , Sarnia, ON N7T 3R1, Canada"
ChIJYZk8Ff21OogR44YSeZj82zM,Lakeshore Fire Station 5,"6400 Main St, Comber, ON N0P 1J0, Canada",Comber,Zone 1 — Windsor / Essex County,corridor_nearby_search,"nearby:42.23286,-82.552872@1000m"
ChIJ46j9tge2OogRdYS5IOTZQAA,Essex County Library - Comber Branch,"6405 Main St, Comber, ON N0P 1J0, Canada",Comber,Zone 1 — Windsor / Essex County,corridor_nearby_search,"nearby:42.23286,-82.552872@1000m"
ChIJBRBZbqXdOogRyvB9BP3FSGM,Century 21 Local Home Team Realty Inc. - Kingsville,"12 Main St W, Kingsville, ON N9Y 1H1, Canada",Kingsville,Zone 1 — Windsor / Essex County,corridor_nearby_search,"nearby:42.0377389,-82.7402508@1000m"
ChIJY4j7lRXdOogRqykp_8fOXSE,Michelle Findlay - Century 21 Local Home Realty Inc.,"12 Main St W, Kingsville, ON N9Y 1H1, Canada",Kingsville,Zone 1 — Windsor / Essex County,corridor_nearby_search,"nearby:42.0377389,-82.7402508@1000m"
ChIJxxDKoK9CWggRDVwN00YNIZY,Joel Robinet - Century 21 Local Home Team Realty Inc.,"12 Main St W, Kingsville, ON N9Y 1H1, Canada",Kingsville,Zone 1 — Windsor / Essex County,corridor_nearby_search,"nearby:42.0377389,-82.7402508@1000m"
ChIJj0SfZbjDOogR4zOdhcWMBTw,Darien Slater Real Estate,"12 Main St W, Kingsville, ON N9Y 1H1, Canada",Kingsville,Zone 1 — Windsor / Essex County,corridor_nearby_search,"nearby:42.0377389,-82.7402508@1000m"
ChIJTbPV1dLDOogRDJE-U3JA7lQ,Stacey Jones - Century 21 Local Home Team Realty Inc.,"12 Main St W, Kingsville, ON N9Y 1H1, Canada",Kingsville,Zone 1 — Windsor / Essex County,corridor_nearby_search,"nearby:42.0377389,-82.7402508@1000m"
ChIJX-Dpdi7dOogRZ-IxHRHP0RY,Koi Sushi Kingsville,"18 Main St W, Kingsville, ON N9Y 1H1, Canada",Kingsville,Zone 1 — Windsor / Essex County,corridor_nearby_search,"nearby:42.0377389,-82.7402508@1000m"
ChIJMbY-N-bAOogRbMHk_Bovpic,Carmen's Catering,"75 Oak St W Unit 4, Leamington, ON N8H 2B2, Canada",Leamington,Zone 1 — Windsor / Essex County,corridor_nearby_search,"nearby:42.0487001,-82.6093863@1000m"
ChIJV_IJZxzBOogRx67N3z994pY,KFC,"134 Talbot St W, Leamington, ON N8H 1N3, Canada",Leamington,Zone 1 — Windsor / Essex County,corridor_nearby_search,"nearby:42.0487001,-82.6093863@1000m"
ChIJ1yYFzKQZLIgR3rUyrPGQcjo,PEEL TRUCK DRIVING SCHOOL (BRAMPTON WEST),"181 Woodall Wy, Woodstock, ON N4T 0K9, Canada",Pain Court,Zone 2 — Chatham-Kent,corridor_nearby_search,"nearby:43.13760449999999,-80.7093639@1000m"
ChIJzfwvvIQ8O4gRMzNtGXg_N8U,Jones Realty Inc.,"56 Richmond St, Amherstburg, ON N9V 1E9, Canada",Amherstburg,Zone 1 — Windsor / Essex County,corridor_nearby_search,"nearby:42.1028084,-83.1124175@1000m"
ChIJHf-qXNhMLogRbsQomew4yMQ,ServiceOntario,"271 Currie Rd, Dutton, ON N0L 1J0, Canada",Southwest Middlesex,Zone 4 — London / Middlesex,corridor_nearby_search,"nearby:42.66874869999999,-81.50741839999999@1000m"
ChIJH3b8_VxNLogRDLWb2ql1QYo,Car Wash self service 24h,"271 Currie Rd, Dutton, ON N0L 1J0, Canada",Southwest Middlesex,Zone 4 — London / Middlesex,corridor_nearby_search,"nearby:42.66874869999999,-81.50741839999999@1000m"
ChIJrfr4NhVNLogRRWNgOO3ue5w,Dunwich United Church,"274 Currie Rd, Dutton/Dunwich, ON N0L 1J0, Canada",Southwest Middlesex,Zone 4 — London / Middlesex,corridor_nearby_search,"nearby:42.66874869999999,-81.50741839999999@1000m"
ChIJ82svZihNLogR1FFaH85GinA,Kuchocki Realty Svc Corporation,"247 Currie Rd, Dutton, ON N0L 1J0, Canada",Southwest Middlesex,Zone 4 — London / Middlesex,corridor_nearby_search,"nearby:42.66874869999999,-81.50741839999999@1000m"
ChIJo4FQQQBNLogRmlK2V3-SaBQ,McDonald's,"11158 Currie Rd Unit 301, Dutton, ON N0L 1J0, Canada",Southwest Middlesex,Zone 4 — London / Middlesex,corridor_nearby_search,"nearby:42.66874869999999,-81.50741839999999@1000m"
ChIJV2drQRorO4gRPMKk6xNIs14,NuWay Hair Salon,"5400 Tecumseh Rd E, Windsor, ON N8T 1C7, Canada",Windsor,Zone 1 — Windsor / Essex County,corridor_nearby_search,"nearby:42.3092128,-82.9603542@1000m"
ChIJVZR2aFErO4gRkg3-o9fPsJ0,Wholistic Sky Spa,"5276 Tecumseh Rd E, Windsor, ON N8T 1C6, Canada",Windsor,Zone 1 — Windsor / Essex County,corridor_nearby_search,"nearby:42.3092128,-82.9603542@1000m"
ChIJdbPKcz3BOogRMPf7-ZgzUkc,Tea Malbasic: Jump Realty Kingsville: Real Estate Agent,"13 Main St E, Kingsville, ON N9Y 1A1, Canada",Kingsville,Zone 1 — Windsor / Essex County,corridor_nearby_search,"nearby:42.0377999,-82.7388833@1000m"
ChIJ8UlUqj3dOogRZ44ZsBljeNw,"Jump Realty Inc, Brokerage","13 Main St E, Kingsville, ON N9Y 1A1, Canada",Kingsville,Zone 1 — Windsor / Essex County,corridor_nearby_search,"nearby:42.0377999,-82.7388833@1000m"
ChIJU1U_Vv_DOogRkEe2LGomvX8,"Mary Del Ciancio, Real Estate Broker, Jump Realty Inc, Brokerage","13 Main St E, Kingsville, ON N9Y 1A1, Canada",Kingsville,Zone 1 — Windsor / Essex County,corridor_nearby_search,"nearby:42.0377999,-82.7388833@1000m"
ChIJDdVlwC3dOogRiK8JuL_fV90,Heart Hops Brewery Suites - King Suite,"Kingsville, ON N9Y 1A1, Canada",Kingsville,Zone 1 — Windsor / Essex County,corridor_nearby_search,"nearby:42.0377999,-82.7388833@1000m"
ChIJDdVlwC3dOogRPJ3Fywx_Ulo,Heart Hops Brewery Suites - Deluxe Queen Room,"Kingsville, ON N9Y 1A1, Canada",Kingsville,Zone 1 — Windsor / Essex County,corridor_nearby_search,"nearby:42.0377999,-82.7388833@1000m"
ChIJDdVlwC3dOogRC3yWYZvrDjU,Heart Hops Brewery Suites - Standard King Room,"Kingsville, ON N9Y 1A1, Canada",Kingsville,Zone 1 — Windsor / Essex County,corridor_nearby_search,"nearby:42.0377999,-82.7388833@1000m"
ChIJi85lwC3dOogRmpoFBck_xNw,Heart and Hops Brewery Suites,"15 Main St E, Kingsville, ON N9Y 1A1, Canada",Kingsville,Zone 1 — Windsor / Essex County,corridor_nearby_search,"nearby:42.0377999,-82.7388833@1000m"
ChIJ1WrNuC3dOogRjtG6AYUO_dk,Gaffans Apex Barber Shop,"21 Main St E, Kingsville, ON N9Y 1A1, Canada",Kingsville,Zone 1 — Windsor / Essex County,corridor_nearby_search,"nearby:42.0377999,-82.7388833@1000m"
ChIJ616TuC3dOogRgeXbxC1FodY,Jim's sub shop & Restaurant,"20 Main St E, Kingsville, ON N9Y 1A2, Canada",Kingsville,Zone 1 — Windsor / Essex County,corridor_nearby_search,"nearby:42.0377999,-82.7388833@1000m"
ChIJye0TnHgrO4gRypnfm_55-nU,Windsor United Community Centre,"4155 Walker Rd, Windsor, ON N8W 3T6, Canada",Windsor,Zone 1 — Windsor / Essex County,corridor_nearby_search,"nearby:42.260179,-82.9695301@1000m"
ChIJL2Ve6GH4L4gR0jUVh0BN_0Y,M.C. HOMES REALTY INC. BROKERAGE,"30 Victoria St, Thamesville, ON N0P 2K0, Canada",Thamesville,Zone 2 — Chatham-Kent,corridor_nearby_search,"nearby:42.5518095,-81.9776002@1000m"
ChIJgUp_ho3sL4gRcWA6mS-KJ0c,Chatham-Kent Public Library - Thamesville Branch,"3 London Rd, Thamesville, ON N0P 2K0, Canada",Thamesville,Zone 2 — Chatham-Kent,corridor_nearby_search,"nearby:42.5518095,-81.9776002@1000m"
ChIJqTkufZ3tL4gRfRUdAAi30Uw,Thamesville Pharmacy,"28 Victoria St, Thamesville, ON N0P 2K0, Canada",Thamesville,Zone 2 — Chatham-Kent,corridor_nearby_search,"nearby:42.5518095,-81.9776002@1000m"
ChIJI0Bb4_LsL4gRXcBi6KbYU0E,Thamesville Post Office,"17 Victoria St, Thamesville, ON N0P 0B4, Canada",Thamesville,Zone 2 — Chatham-Kent,corridor_nearby_search,"nearby:42.5518095,-81.9776002@1000m"
ChIJIwaBAPPsL4gRCj7SwSYzyxg,Thamesville United Church,"107 Elizabeth St, Thamesville, ON N0P 2K0, Canada",Thamesville,Zone 2 — Chatham-Kent,corridor_nearby_search,"nearby:42.5518095,-81.9776002@1000m"
ChIJEymDhI7tL4gRmSfHS6l3qi4,Lil' Dutchies Pizza,"90 Chatham-Kent County Rd 2, Thamesville, ON N0P 2K0, Canada",Thamesville,Zone 2 — Chatham-Kent,corridor_nearby_search,"nearby:42.5518095,-81.9776002@1000m"
ChIJ_cNL3mPxLy4R-NhgZrk7Owc,The Beauty Pro,"260 Bayview Dr, Barrie, ON L4N 4Y8, Canada",Dealtown,Zone 2 — Chatham-Kent,corridor_nearby_search,"nearby:44.3557468,-79.679064@1000m"
ChIJy1l9MXq9KogRYTZ0m4zK_4w,JM Massage Therapy,"250 Bayview Dr Unit #6, Barrie, ON L4N 4Y8, Canada",Dealtown,Zone 2 — Chatham-Kent,corridor_nearby_search,"nearby:44.3557468,-79.679064@1000m"
ChIJVR70tiy9KogRWlxt7hl-iNw,Koalaroo Catering,"250 Bayview Dr unit 3, Barrie, ON L4N 4Y8, Canada",Dealtown,Zone 2 — Chatham-Kent,corridor_nearby_search,"nearby:44.3557468,-79.679064@1000m"
ChIJT_FJJpCbLIgRMbjla3suzp4,Beautiful Nails Salon,"261 King St E, Hamilton, ON L8N 1B9, Canada",Stoney Point,Zone 1 — Windsor / Essex County,corridor_nearby_search,"nearby:43.25434629999999,-79.8613692@1000m"
ChIJQ5HZY5KbLIgRkcgyqjaUdm4,Vagabond Saints Tattoo Lounge,"249 King St E, Hamilton, ON L8R 1K9, Canada",Stoney Point,Zone 1 — Windsor / Essex County,corridor_nearby_search,"nearby:43.25434629999999,-79.8613692@1000m"
ChIJg6CxuMubLIgRFMHxVJZOJ7I,Dwellify Property Management,"271 King St E unit 110, Hamilton, ON L8N 1B9, Canada",Stoney Point,Zone 1 — Windsor / Essex County,corridor_nearby_search,"nearby:43.25434629999999,-79.8613692@1000m"
ChIJN8y_2Y-bLIgRFV4sMEP4i2I,Circle Studios Yoga + Art,"12 Ferguson Ave N, Hamilton, ON L8R 1K9, Canada",Stoney Point,Zone 1 — Windsor / Essex County,corridor_nearby_search,"nearby:43.25434629999999,-79.8613692@1000m"
ChIJI28cxo-bLIgRNxrL3WvdEh4,Unique Realty,"12 Ferguson Ave N, Hamilton, ON L8R 1K9, Canada",Stoney Point,Zone 1 — Windsor / Essex County,corridor_nearby_search,"nearby:43.25434629999999,-79.8613692@1000m"
ChIJyaQuvp2bLIgRTHwgi3furw4,Standard Dance Studio,"12 Ferguson Ave N Third Floor, Hamilton, ON L8R 1K9, Canada",Stoney Point,Zone 1 — Windsor / Essex County,corridor_nearby_search,"nearby:43.25434629999999,-79.8613692@1000m"
ChIJj7xogjfBL4gRj2jNyB9dI28,Church of the Redeemer,"263 Victoria St, Highgate, ON N0P 1T0, Canada",Highgate,Zone 2 — Chatham-Kent,corridor_nearby_search,"nearby:42.5023428,-81.81780350000001@1000m"
ChIJv-44-xgYL4gRgoSQGXWOuLQ,Ming's Chinese Restaurant,"242 Parkhill Main St, Parkhill, ON N0M 2K0, Canada",Ailsa Craig,Zone 4 — London / Middlesex,corridor_nearby_search,"nearby:43.1639901,-81.68327730000001@1000m"
ChIJJaDRorgZL4gRrbFcm6lW9OQ,Subway,"248 Parkhill Main St, Parkhill, ON N0M 2K0, Canada",Ailsa Craig,Zone 4 — London / Middlesex,corridor_nearby_search,"nearby:43.1639901,-81.68327730000001@1000m"
ChIJNewV-xgYL4gRsE1dIkrTjaI,Mainstreet Credit Union,"260 Parkhill Main St, Parkhill, ON N0M 2K0, Canada",Ailsa Craig,Zone 4 — London / Middlesex,corridor_nearby_search,"nearby:43.1639901,-81.68327730000001@1000m"
ChIJe3G75RwZL4gR2t3AailiUrA,I.D.A. MCINTYRE PHARMACY,"Box 38, 238 Parkhill Main St, Parkhill, ON N0M 2K0, Canada",Ailsa Craig,Zone 4 — London / Middlesex,corridor_nearby_search,"nearby:43.1639901,-81.68327730000001@1000m"
ChIJjVfzYRHNOogR3pcr6Fc0BQI,J.T. Fong's Chinese Restaurant,"527 Notre Dame St, Belle River, ON N8L 1K8, Canada",Lakeshore,Zone 1 — Windsor / Essex County,corridor_nearby_search,"nearby:42.2932663,-82.7072505@1000m"
ChIJnfxq9980K4gR6Cq9F4a61IM,Domino's Pizza,"510 Notre Dame St, Belle River, ON N0R 1A0, Canada",Lakeshore,Zone 1 — Windsor / Essex County,corridor_nearby_search,"nearby:42.2932663,-82.7072505@1000m"
ChIJ7a72TC_1L4gRUJ0dRxYS-vw,Dresden Lawn Bowling Club,"303 Sydenham St #207, Dresden, ON N0P 1M0, Canada",Dresden,Zone 2 — Chatham-Kent,corridor_nearby_search,"nearby:42.5870679,-82.17498920000001@1000m"
ChIJUQL0QC_1L4gR8C1sZ_um5cg,St. Michael's Church,"698 Tecumseh St, Dresden, ON N0P 1M0, Canada",Dresden,Zone 2 — Chatham-Kent,corridor_nearby_search,"nearby:42.5870679,-82.17498920000001@1000m"
ChIJE8hOoC_1L4gRex_neNyEy1c,Badder Funeral Home,"679 North St, Dresden, ON N0P 1M0, Canada",Dresden,Zone 2 — Chatham-Kent,corridor_nearby_search,"nearby:42.5870679,-82.17498920000001@1000m"
ChIJhZKCpSX1L4gRM_r5zInS6CA,Lambton Rural Child Care - Dresden Best Start,"941 North St, Dresden, ON N0P 1M0, Canada",Dresden,Zone 2 — Chatham-Kent,corridor_nearby_search,"nearby:42.5870679,-82.17498920000001@1000m"
ChIJ4bj-C1mfL4gRa-HeB4yzfI8,U-Haul Neighborhood Dealer,"3237 Nauvoo Rd, Alvinston, ON N0N 1A0, Canada",Erieau,Zone 2 — Chatham-Kent,corridor_nearby_search,"nearby:42.8192427,-81.86958849999999@1000m"
ChIJI3R3S1mfL4gRuyt3fSPQBrA,Alvinston Fire Station,"3267 Nauvoo Rd, Alvinston, ON N0N 1A0, Canada",Erieau,Zone 2 — Chatham-Kent,corridor_nearby_search,"nearby:42.8192427,-81.86958849999999@1000m"
ChIJr11t_OKhL4gRCIioqbhxdsI,Hope United Church Alvinston Pastoral Charge,"3219 Elgin St, Alvinston, ON N0N 1A0, Canada",Erieau,Zone 2 — Chatham-Kent,corridor_nearby_search,"nearby:42.8192427,-81.86958849999999@1000m"
ChIJB3353MXNOogRwNwgErfgbsY,Lakeshore Vape Shop,"1635 Essex County Rd 22 Unit 1, Belle River, ON N8L 1C3, Canada",Lakeshore,Zone 1 — Windsor / Essex County,corridor_nearby_search,"nearby:42.2942825,-82.72377949999999@1000m"
ChIJh9A_eBHNOogROaS7c9ON9cs,McDonald's,"1635 Essex County Rd 22, Belle River, ON N0R 1A0, Canada",Lakeshore,Zone 1 — Windsor / Essex County,corridor_nearby_search,"nearby:42.2942825,-82.72377949999999@1000m"
ChIJG0FjB2_NOogRgXFdIyVgiFw,Tan-T-Lyzing Day Spa,"Belle River, ON N8L 1C3, Canada",Lakeshore,Zone 1 — Windsor / Essex County,corridor_nearby_search,"nearby:42.2942825,-82.72377949999999@1000m"
ChIJY35G62gwLIgRG21q1_NHyEM,Otterville Baptist Church,"106 John St N, Otterville, ON N0J 1R0, Canada",Wheatley,Zone 1 — Windsor / Essex County,corridor_nearby_search,"nearby:42.9278676,-80.601171@1000m"
ChIJJQSVmmgwLIgRIudLdTZ2FD8,Otterville United Church,"231 Main St E, Otterville, ON N0J 1R0, Canada",Wheatley,Zone 1 — Windsor / Essex County,corridor_nearby_search,"nearby:42.9278676,-80.601171@1000m"
ChIJpe4NNP0xLIgR5p4FR2CzI0I,Otterville Guardian Pharmacy,"210 Main St E, Otterville, ON N0J 1R0, Canada",Wheatley,Zone 1 — Windsor / Essex County,corridor_nearby_search,"nearby:42.9278676,-80.601171@1000m"
ChIJrzqzIQAxLIgRQjr7-Y0lx70,"Kingdom Hall of Jehovah,s Witnesses","Otterville, ON N0J 1R0, Canada",Wheatley,Zone 1 — Windsor / Essex County,corridor_nearby_search,"nearby:42.9278676,-80.601171@1000m"
ChIJ55Zp03QxLIgRBHeK5c1FgLs,Ask Marius Real Estate,"201 Main St W, Otterville, ON N0J 1R0, Canada",Wheatley,Zone 1 — Windsor / Essex County,corridor_nearby_search,"nearby:42.9278676,-80.601171@1000m"
ChIJAQCQn2kwLIgRSRrLLuyVG2Y,Joyce Frew : Re/Max a-b Realty Brokerage Ltd,"201 Main St W, Otterville, ON N0J 1R0, Canada",Wheatley,Zone 1 — Windsor / Essex County,corridor_nearby_search,"nearby:42.9278676,-80.601171@1000m"
ChIJHf3B72gwLIgR5x4dCkhba2Y,Otterville Public Library (Oxford County Library),"207 Main St W, Otterville, ON N0J 1R0, Canada",Wheatley,Zone 1 — Windsor / Essex County,corridor_nearby_search,"nearby:42.9278676,-80.601171@1000m"
ChIJp6eewP2RK4gRbalnLAYr9gM,The Golf House & Sports Bar,"650 Woodlawn Rd W Unit 11 & 12 B, Guelph, ON N1K 1B8, Canada",Guelph,Zone 6 — Kitchener / Waterloo / Cambridge / Guelph,corridor_nearby_search,"nearby:43.5408583,-80.309613@1000m"
ChIJ01sXpy-QK4gR8f_8TKe8lVk,A&W Canada,"555 Woodlawn Rd W, Guelph, ON N1K 1E9, Canada",Guelph,Zone 6 — Kitchener / Waterloo / Cambridge / Guelph,corridor_nearby_search,"nearby:43.5408583,-80.309613@1000m"
ChIJtWepYwAhO4gR-g7PEn1bmbc,Beauty in Small Places Bell Box Mural,"2025 Roseborough Rd #2049, Harrow, ON N0R 1G0, Canada",Harrow,Zone 1 — Windsor / Essex County,corridor_nearby_search,"nearby:42.03624809999999,-82.9263735@1000m"
ChIJ9zEYwhQgO4gR9lJGh-KgkzU,Apostolic Christian Church (Nazarean),"330 Centre St W, Harrow, ON N0R 1G0, Canada",Harrow,Zone 1 — Windsor / Essex County,corridor_nearby_search,"nearby:42.03624809999999,-82.9263735@1000m"
ChIJs0y9NGsgO4gRwsJ8szGofzg,Christ Lutheran Church,"304 Munger Ave W, Harrow, ON N0R 1G0, Canada",Harrow,Zone 1 — Windsor / Essex County,corridor_nearby_search,"nearby:42.03624809999999,-82.9263735@1000m"
ChIJP8ideRMgO4gR6wwojE9s-rg,Gerald A. Smith Funeral Home Ltd,"197 King St W, Harrow, ON N0R 1G0, Canada",Harrow,Zone 1 — Windsor / Essex County,corridor_nearby_search,"nearby:42.03624809999999,-82.9263735@1000m"
ChIJzfnOApUhO4gRxFn_1ZQeaPo,Pizza Hut,"190 King St W Unit C, Harrow, ON N0R 1G0, Canada",Harrow,Zone 1 — Windsor / Essex County,corridor_nearby_search,"nearby:42.03624809999999,-82.9263735@1000m"
ChIJt3QydxMgO4gRkaMPQ-6yu2E,Lucky Kitchen Restaurant,"190 King St W, Harrow, ON N0R 1G0, Canada",Harrow,Zone 1 — Windsor / Essex County,corridor_nearby_search,"nearby:42.03624809999999,-82.9263735@1000m"
ChIJheghUgAhO4gRR03qpZYjj_4,Harrow laundromat,"196 King St W, Harrow, ON N0R 1G0, Canada",Harrow,Zone 1 — Windsor / Essex County,corridor_nearby_search,"nearby:42.03624809999999,-82.9263735@1000m"
ChIJM_oRKiLNOogR1WDJ1Gf-hQo,Little Monkeys Childrens Consignment Store,"601 Centre St Unit 1, Belle River, ON N0R 1A0, Canada",Belle River,Zone 1 — Windsor / Essex County,corridor_nearby_search,"nearby:42.2916847,-82.7111426@1000m"
ChIJ2WcgFxHNOogR8KIrvmisYIQ,"Icon Salon, Spa & Barbershop (formerly known as- Traditional Ways Barbershop)","601 Centre St, Belle River, ON N8L 1K8, Canada",Belle River,Zone 1 — Windsor / Essex County,corridor_nearby_search,"nearby:42.2916847,-82.7111426@1000m"
ChIJIVqi-BLNOogRNPEugSHlm5s,Lakeshore Fire Station 3,"592 St Charles St, Belle River, ON N8L 1K8, Canada",Belle River,Zone 1 — Windsor / Essex County,corridor_nearby_search,"nearby:42.2916847,-82.7111426@1000m"
ChIJ0eqYnhLNOogRO-oTh4l881o,Belle River High School Tennis Courts,"St Peter St, Belle River, ON N8L 1K8, Canada",Belle River,Zone 1 — Windsor / Essex County,corridor_nearby_search,"nearby:42.2916847,-82.7111426@1000m"
ChIJ86r6ew0gO4gR00Hs80PDUC4,Health & Beauty Salon Spa,"9 King St E, Harrow, ON N0R 1G0, Canada",Harrow,Zone 1 — Windsor / Essex County,corridor_nearby_search,"nearby:42.035444,-82.9179338@1000m"
ChIJW8Eoyw0hO4gR-yNDSEvI-E8,Hopetown Dental Harrow,"15 King St Unit 102, Harrow, ON N0R 1G0, Canada",Harrow,Zone 1 — Windsor / Essex County,corridor_nearby_search,"nearby:42.035444,-82.9179338@1000m"
ChIJZdDbVZIhO4gR3EevCYfkLhc,"Jump Realty Inc, Brokerage","22 King St, Harrow, ON N0R 1G0, Canada",Harrow,Zone 1 — Windsor / Essex County,corridor_nearby_search,"nearby:42.035444,-82.9179338@1000m"
ChIJZeBdeF87O4gRaLgavk6FPEY,U-Haul Neighborhood Dealer,"7 Fryer St, Amherstburg, ON N9V 2L5, Canada",LaSalle,Zone 1 — Windsor / Essex County,corridor_nearby_search,"nearby:42.1137562,-83.0996447@1000m"
ChIJGZ4LNNjzK4gRg2OnU6sBGek,Black Diamond Waterproof Clothing Ltd,"599 Colby Dr, Waterloo, ON N2V 1A1, Canada",Bothwell,Zone 2 — Chatham-Kent,corridor_nearby_search,"nearby:43.5034618,-80.5420541@1000m"
ChIJAWj1NIFDJYgRgILK07mu2Xw,Par 72 Golf Lounge,"400 Arnold St, Wallaceburg, ON N8A 3P5, Canada",Amherstburg,Zone 1 — Windsor / Essex County,corridor_nearby_search,"nearby:42.5851239,-82.4009645@1000m"
ChIJz5RueW0gO4gRBe7Ekf_bCB0,Subway,"357 Queen St, Harrow, ON N0R 1G0, Canada",Harrow,Zone 1 — Windsor / Essex County,corridor_nearby_search,"nearby:42.0401409,-82.91761939999999@1000m"
ChIJ5ZxHsnIgO4gRjjZgoQa6J60,Harrow United Church,"45 Munger Ave E, Harrow, ON N0R 1G0, Canada",Harrow,Zone 1 — Windsor / Essex County,corridor_nearby_search,"nearby:42.0401409,-82.91761939999999@1000m"
ChIJNycpwEpdJYgRJ5nJxVABgIU,$$$ 4 U Pawn Shop,"325 James St, Wallaceburg, ON N8A 2N5, Canada",Wallaceburg,Zone 2 — Chatham-Kent,corridor_nearby_search,"nearby:42.5942927,-82.3831628@1000m"
ChIJTbM230tdJYgR0xvDqkG5hWc,Intrigue Hair Lounge,"330 James St, Wallaceburg, ON N8A 2N5, Canada",Wallaceburg,Zone 2 — Chatham-Kent,corridor_nearby_search,"nearby:42.5942927,-82.3831628@1000m"
ChIJMzGROwFdJYgR1hfCxeKy4f0,Illegal beauty,"330 James St, Wallaceburg, ON N8A 2N5, Canada",Wallaceburg,Zone 2 — Chatham-Kent,corridor_nearby_search,"nearby:42.5942927,-82.3831628@1000m"
ChIJO-HHV39dJYgRh9adgTYVF_M,Municipal Parking Lot I - Wallaceburg Library,"James St, Wallaceburg, ON N8A 2N6, Canada",Wallaceburg,Zone 2 — Chatham-Kent,corridor_nearby_search,"nearby:42.5942927,-82.3831628@1000m"
ChIJddjuYEldJYgR95mt1aVVNGY,Lozon’s Barber Shop,"123 Nelson St, Wallaceburg, ON N8A 4G2, Canada",Wallaceburg,Zone 2 — Chatham-Kent,corridor_nearby_search,"nearby:42.5942927,-82.3831628@1000m"
ChIJGQrwZkldJYgRWWpKgOhcsbU,James St at Library,"Wallaceburg, ON N8A 2N4, Canada",Wallaceburg,Zone 2 — Chatham-Kent,corridor_nearby_search,"nearby:42.5942927,-82.3831628@1000m"
ChIJ74Gxr_zAOogRAGFnz-HpU34,Wendy's,"5 Oak St W, Leamington, ON N8H 2A7, Canada",Leamington,Zone 1 — Windsor / Essex County,corridor_nearby_search,"nearby:42.0454829,-82.602447@1000m"
ChIJCW5WrvzAOogRp0sW1oHdfUo,Libro Credit Union - Branch - Leamington,"141 Erie St S, Leamington, ON N8H 3B5, Canada",Leamington,Zone 1 — Windsor / Essex County,corridor_nearby_search,"nearby:42.0454829,-82.602447@1000m"
ChIJ3z2Y8FG23Y4RVF_npAFpUNM,Brayden Mazzella - Royal LePage Binder Real Estate,"185 Erie St S, Leamington, ON N8H 3B9, Canada",Leamington,Zone 1 — Windsor / Essex County,corridor_nearby_search,"nearby:42.0454829,-82.602447@1000m"
ChIJxxO3XuPAOogRkzishiCdY2o,Domino's Pizza,"129 Erie St S, Leamington, ON N8H 3B5, Canada",Leamington,Zone 1 — Windsor / Essex County,corridor_nearby_search,"nearby:42.0454829,-82.602447@1000m"
ChIJQwsmaYJnKYgRfBdk8mEdSV0,St. Joseph's Roman Catholic Church,"1025 Wallace Ave N, Listowel, ON N4W 3G6, Canada",Grand Bend,Zone 3 — Sarnia / Lambton County,corridor_nearby_search,"nearby:43.7438805,-80.9453556@1000m"
ChIJW9djLoJnKYgRuGD6l3aqb8U,Jason Kregar Remax Midwestern Realty Listowel,"995 Wallace Ave N, Listowel, ON N4W 1M6, Canada",Grand Bend,Zone 3 — Sarnia / Lambton County,corridor_nearby_search,"nearby:43.7438805,-80.9453556@1000m"
ChIJC-VAQXtdKYgRKtXXvgfKpaI,Sue Bolognone Broker RE/MAX Midwestern Realty Inc,"995 Wallace Ave N, Listowel, ON N4W 1K7, Canada",Grand Bend,Zone 3 — Sarnia / Lambton County,corridor_nearby_search,"nearby:43.7438805,-80.9453556@1000m"
ChIJbeN8ZYJnKYgR5SDCaqYYd1g,RE/MAX MIDWESTERN REALTY INC,"995 Wallace Ave N, Listowel, ON N4W 1M6, Canada",Grand Bend,Zone 3 — Sarnia / Lambton County,corridor_nearby_search,"nearby:43.7438805,-80.9453556@1000m"
ChIJg2sTgYFnKYgR9MV-JG2q_RU,Magic Wok Chinese Buffet,"975 Wallace Ave N, Listowel, ON N4W 1M6, Canada",Grand Bend,Zone 3 — Sarnia / Lambton County,corridor_nearby_search,"nearby:43.7438805,-80.9453556@1000m"
ChIJg2sTgYFnKYgRd3gFjQzHcqw,M&M Food Market,"975 Wallace Ave N, Listowel, ON N4W 1M6, Canada",Grand Bend,Zone 3 — Sarnia / Lambton County,corridor_nearby_search,"nearby:43.7438805,-80.9453556@1000m"
ChIJ29dv2ZfDOogRXsmiqP5Ib64,Across from Colasanti's tropical Gardens and Close to Mastronardi's Winery,"Kingsville, ON N9Y 2E5, Canada",Lakeshore,Zone 1 — Windsor / Essex County,corridor_nearby_search,"nearby:42.062043,-82.67934699999999@1000m"
ChIJ306pSujAOogRsUKCT4mJYlI,Talbot Trail Inn Suites - Queen Room - Non-Smoking,"Leamington, ON N8H 1M1, Canada",Leamington,Zone 1 — Windsor / Essex County,corridor_nearby_search,"nearby:42.0551975,-82.5924067@1000m"
ChIJ306pSujAOogR3u4Dx38EKU8,Talbot Trail Inn Suites - Queen Room with Two Queen Beds - Non-Smoking,"Leamington, ON N8H 1M1, Canada",Leamington,Zone 1 — Windsor / Essex County,corridor_nearby_search,"nearby:42.0551975,-82.5924067@1000m"
ChIJGTDbSujAOogRcERPQuobfxE,Talbot Trail Inn & Suites,"161 Talbot St E, Leamington, ON N8H 1M1, Canada",Leamington,Zone 1 — Windsor / Essex County,corridor_nearby_search,"nearby:42.0551975,-82.5924067@1000m"
ChIJD7j48VPBOogRwL1i63uFmcM,Ivan Martin Real Estate Agent Century 21 Local Home Team Inc,"150 Talbot St E, Leamington, ON N8H 3C9, Canada",Leamington,Zone 1 — Windsor / Essex County,corridor_nearby_search,"nearby:42.0551975,-82.5924067@1000m"
ChIJgfYYoCXDBagRovldkVPWzI0,Team Mercer Real Estate,"150 Talbot St E, Leamington, ON N8H 1M1, Canada",Leamington,Zone 1 — Windsor / Essex County,corridor_nearby_search,"nearby:42.0551975,-82.5924067@1000m"
ChIJ3cUHmhbBOogRfT_u6BEEFg4,Jake Klassen - Century 21 Local Home Team Realty Inc.,"150 Talbot St E, Leamington, ON N8H 1M1, Canada",Leamington,Zone 1 — Windsor / Essex County,corridor_nearby_search,"nearby:42.0551975,-82.5924067@1000m"
ChIJF3p4Q-jAOogRVI0UQCBBj74,Century 21 Local Home Team Realty Inc. - Leamington,"150 Talbot St E, Leamington, ON N8H 1M1, Canada",Leamington,Zone 1 — Windsor / Essex County,corridor_nearby_search,"nearby:42.0551975,-82.5924067@1000m"
ChIJ2XJphymiLogRxREcr5xyLDc,Oxford County Library - Embro Public Library,"135 Huron St, Embro, ON N0J 1J0, Canada",Embro,Zone 5 — Woodstock / Oxford County,corridor_nearby_search,"nearby:43.1544014,-80.9036175@1000m"
ChIJKWnka8E5Nk0RElC5sC1IOcw,Algoma University Fine Arts,"75 Huron St, Sault Ste. Marie, ON P6A 5P9, Canada",Dealtown,Zone 2 — Chatham-Kent,corridor_nearby_search,"nearby:46.5160201,-84.3487274@1000m"
ChIJX5RlVsE5Nk0RhGZi1wanYO4,The Mill Steakhouse and Wine Bar,"83 Huron St, Sault Ste. Marie, ON P6A 5P9, Canada",Dealtown,Zone 2 — Chatham-Kent,corridor_nearby_search,"nearby:46.5160201,-84.3487274@1000m"
ChIJO9LHuKAkLIgRRT22g7UfmLc,Norwich Township Fire Station 3,"385435, Oxford 59, Burgessville, ON N0J 1C0, Canada",Sweaburg,Zone 5 — Woodstock / Oxford County,corridor_nearby_search,"nearby:43.0258045,-80.6369438@1000m"
ChIJO2eK4XGzOogRKOH838E042A,Kathy's Style Boutique,"24 Lawson St, Tilbury, ON N0P 2L0, Canada",Stoney Point,Zone 1 — Windsor / Essex County,corridor_nearby_search,"nearby:42.2580142,-82.4252094@1000m"
ChIJ2390sIbFKogRW_v6fNEf2BE,Dollarama,"421 Sandwich St S, Sir Isaac, Brock St, Amherstburg, ON N9V 3K8, Canada",Amherstburg,Zone 1 — Windsor / Essex County,corridor_nearby_search,"nearby:42.0963033,-83.1075918@1000m"
ChIJw538C3E9O4gRisgwiElDhuE,Pho Little Vietnam - Bami Viet & More,"421 Sandwich St S, Amherstburg, ON N9V 3K8, Canada",Amherstburg,Zone 1 — Windsor / Essex County,corridor_nearby_search,"nearby:42.0963033,-83.1075918@1000m"
ChIJCzkb3ZA8O4gRgxStb45stE0,Lena Nails and Spa,"421 Sandwich St S #3, Amherstburg, ON N9V 3K8, Canada",Amherstburg,Zone 1 — Windsor / Essex County,corridor_nearby_search,"nearby:42.0963033,-83.1075918@1000m"
ChIJIyMrjZA8O4gRoGRgcXIuE2I,Armando's Pizza Amherstburg - Dine In & Delivery,"421 Sandwich St S, Amherstburg, ON N9V 3K8, Canada",Amherstburg,Zone 1 — Windsor / Essex County,corridor_nearby_search,"nearby:42.0963033,-83.1075918@1000m"
ChIJr10_8JA8O4gR98pU7R-ZzMY,James H. Sutton Funeral Home,"401 Sandwich St S, Amherstburg, ON N9V 3K8, Canada",Amherstburg,Zone 1 — Windsor / Essex County,corridor_nearby_search,"nearby:42.0963033,-83.1075918@1000m"
ChIJE3prLDg9O4gRQLZYeNeIbCw,Amherstburg Blood Lab & Diagnostics,"433 Sandwich St S Suite 104, Amherstburg, ON N9V 3K8, Canada",Amherstburg,Zone 1 — Windsor / Essex County,corridor_nearby_search,"nearby:42.0963033,-83.1075918@1000m"
ChIJnZthe5I9O4gRHspAh0YYkMY,Amherstburg Walk-In Clinic,"433 Sandwich St S, Amherstburg, ON N9V 3K8, Canada",Amherstburg,Zone 1 — Windsor / Essex County,corridor_nearby_search,"nearby:42.0963033,-83.1075918@1000m"
ChIJae-kGJE8O4gRpObzAWGqGnU,Amherstburg Pharmacy - Compounding & Wellness,"433 Sandwich St S, Amherstburg, ON N9V 3K8, Canada",Amherstburg,Zone 1 — Windsor / Essex County,corridor_nearby_search,"nearby:42.0963033,-83.1075918@1000m"
ChIJFaXbZ3G-K4gRWYgfFjk4Niw,La Beauty Boutique,"152 St. Andrew Street West Unit #2, Rear, Menzies Lane, St Andrew St W, Fergus, ON N1M 1P8, Canada",Fergus,Zone 6 — Kitchener / Waterloo / Cambridge / Guelph,corridor_nearby_search,"nearby:43.7051239,-80.3782136@1000m"
ChIJbQoIFxK-K4gRRQ6ZvGAIMtg,Underground Kitchen,"152 St Andrew St W Rear, Menzies Lane, Fergus, ON N1M 1N5, Canada",Fergus,Zone 6 — Kitchener / Waterloo / Cambridge / Guelph,corridor_nearby_search,"nearby:43.7051239,-80.3782136@1000m"
ChIJaTfRNEa_K4gRcYTWEVglidA,The Barber Lounge Fergus,"169 St Andrew St W, Fergus, ON N1M 1N6, Canada",Fergus,Zone 6 — Kitchener / Waterloo / Cambridge / Guelph,corridor_nearby_search,"nearby:43.7051239,-80.3782136@1000m"
ChIJ08xWqUTsEQARx5AOlkm335U,RKD Massage Therapy,"RKD Massage Therapy (Inside Youtopia Medical Spa, 128 St Andrew St W, Fergus, ON N1M 1N5, Canada",Fergus,Zone 6 — Kitchener / Waterloo / Cambridge / Guelph,corridor_nearby_search,"nearby:43.7051239,-80.3782136@1000m"
ChIJVQPetoq_K4gRhHB6xmVOk2g,YOUtopia Medical Spa,"128 S St Andrew St W, Fergus, ON N1M 1N5, Canada",Fergus,Zone 6 — Kitchener / Waterloo / Cambridge / Guelph,corridor_nearby_search,"nearby:43.7051239,-80.3782136@1000m"
ChIJeUGlFxK-K4gR7YVIXwi8XMQ,Ikiru Sushi,"141 St Andrew St W, Fergus, ON N1M 1N6, Canada",Fergus,Zone 6 — Kitchener / Waterloo / Cambridge / Guelph,corridor_nearby_search,"nearby:43.7051239,-80.3782136@1000m"
ChIJ3QyHv0fVOogRoxj2Y2_wqos,Low Price Convenience Store,"701 St Pierre St, Windsor, ON N8N 1H6, Canada",Lakeshore,Zone 1 — Windsor / Essex County,corridor_nearby_search,"nearby:42.3189644,-82.8856928@1000m"
ChIJewaAgzfVOogR6-ABjEWSoQk,St. Pius X Catholic Elementary School,"644 Lacasse Blvd, Tecumseh, ON N8N 2C1, Canada",Lakeshore,Zone 1 — Windsor / Essex County,corridor_nearby_search,"nearby:42.3189644,-82.8856928@1000m"
ChIJidGlawa-K4gROk1oXGqRtJo,M&M Food Market,"774 Tower St S #2, Fergus, ON N1M 2R3, Canada",Fergus,Zone 6 — Kitchener / Waterloo / Cambridge / Guelph,corridor_nearby_search,"nearby:43.6983688,-80.3701255@1000m"
ChIJl1QVybLP1IkRuWxZWTj90LQ,"RE/MAX Real Estate Centre Inc., Brokerage – Fergus","782 Tower St S, Fergus, ON N1M 2R3, Canada",Fergus,Zone 6 — Kitchener / Waterloo / Cambridge / Guelph,corridor_nearby_search,"nearby:43.6983688,-80.3701255@1000m"
ChIJ__9vOQa-K4gRw-ij9PsaFp0,"Lisa Bloor Sales Rep., RE/MAX Real Estate Centre Inc.","782 Tower St S, Fergus, ON N1M 2R3, Canada",Fergus,Zone 6 — Kitchener / Waterloo / Cambridge / Guelph,corridor_nearby_search,"nearby:43.6983688,-80.3701255@1000m"
ChIJJ2aNrKqRK4gRdtYIObOuM-s,Taylor Sugden - RE/MAX Real Estate Centre Inc,"782 Tower St S, Fergus, ON N1M 2R3, Canada",Fergus,Zone 6 — Kitchener / Waterloo / Cambridge / Guelph,corridor_nearby_search,"nearby:43.6983688,-80.3701255@1000m"
ChIJ95LE5vi_K4gRtgfPiUftMFE,Paul Clark @ KW Innovation Realty,"782 Tower St S, Fergus, ON N1M 2R3, Canada",Fergus,Zone 6 — Kitchener / Waterloo / Cambridge / Guelph,corridor_nearby_search,"nearby:43.6983688,-80.3701255@1000m"
ChIJsSbrSd5RKogRqObzehgqI0g,Local Home Finder | Real Estate Team | Amir Mojallali,"782 Tower St S, Fergus, ON N1M 2R3, Canada",Fergus,Zone 6 — Kitchener / Waterloo / Cambridge / Guelph,corridor_nearby_search,"nearby:43.6983688,-80.3701255@1000m"
ChIJgaX6hVa_K4gR1K8vQti4wjw,Angela Berriman - Realtor - Real Estate Broker,"60 York St E, Elora, ON N0B 1S0, Canada",Fergus,Zone 6 — Kitchener / Waterloo / Cambridge / Guelph,corridor_nearby_search,"nearby:43.6983688,-80.3701255@1000m"
ChIJrSnaHAtvK4gR-3U9Upc1HkM,Shakaib Ahmad Khan- Re/Max Real Estate Centre Fergus/Elora,"782 Tower St S, Fergus, ON N1M 2R3, Canada",Fergus,Zone 6 — Kitchener / Waterloo / Cambridge / Guelph,corridor_nearby_search,"nearby:43.6983688,-80.3701255@1000m"
ChIJ75fPD8i_K4gROc-KYrOwn2k,Natasha Silva - Real Estate,"782 Tower St S, Fergus, ON N1M 2R3, Canada",Fergus,Zone 6 — Kitchener / Waterloo / Cambridge / Guelph,corridor_nearby_search,"nearby:43.6983688,-80.3701255@1000m"
ChIJ4yqsSJm_K4gRBvXHb6M6URw,PAT KAKAR- Commercial RE/MAX Real Estate Centre,"782 Tower St S, Fergus, ON N1M 2R2, Canada",Fergus,Zone 6 — Kitchener / Waterloo / Cambridge / Guelph,corridor_nearby_search,"nearby:43.6983688,-80.3701255@1000m"
ChIJ0zcHZB1JK4gRz08vJ6RW3x0,LoriAnn Toplak I Real Estate Agent: Fergus/Elora/Guelph/Toronto,"782 Tower St S, Fergus, ON N1M 2R3, Canada",Fergus,Zone 6 — Kitchener / Waterloo / Cambridge / Guelph,corridor_nearby_search,"nearby:43.6983688,-80.3701255@1000m"
ChIJ__8T5aUJK4gRc6V7xALb2JU,Sarah Anthon - Real Estate Sales Representative,"782 Tower St S, Fergus, ON N1M 2R3, Canada",Fergus,Zone 6 — Kitchener / Waterloo / Cambridge / Guelph,corridor_nearby_search,"nearby:43.6983688,-80.3701255@1000m"
ChIJXe0uudqLLogRMsIIfz1tc2Y,Belmont Arena,"14020 Belmont Rd, Belmont, ON N0L 1B0, Canada",Belmont,Zone 4 — London / Middlesex,corridor_nearby_search,"nearby:42.8783071,-81.0849514@1000m"
ChIJG0ioNduLLogRSG_9tX1aAp4,Belmont Community Centre,"14020 Belmont Rd, Belmont, ON N0L 1B0, Canada",Belmont,Zone 4 — London / Middlesex,corridor_nearby_search,"nearby:42.8783071,-81.0849514@1000m"
ChIJD2hz-Q2QK4gR96uQ443UsaY,Neighbourhood Community Church,"218 Silvercreek Pkwy N #247, Guelph, ON N1H 8E8, Canada",Dealtown,Zone 2 — Chatham-Kent,corridor_nearby_search,"nearby:43.5456923,-80.2868287@1000m"
ChIJyVtfvd2RK4gRQwHio6cXTBM,Puffle Cafe,"219 Silvercreek Pkwy N #7, Guelph, ON N1H 7K4, Canada",Dealtown,Zone 2 — Chatham-Kent,corridor_nearby_search,"nearby:43.5456923,-80.2868287@1000m"
ChIJUUiV4g2QK4gR-ik72Mzz1BE,Pho Saigon,"240 Silvercreek Pkwy N, Guelph, ON N1H 7P8, Canada",Dealtown,Zone 2 — Chatham-Kent,corridor_nearby_search,"nearby:43.5456923,-80.2868287@1000m"
ChIJ20mV4g2QK4gReHsdQJhmVJQ,Winnie Hair Salon,"240 Silvercreek Pkwy N Unit 4, Guelph, ON N1H 1E7, Canada",Dealtown,Zone 2 — Chatham-Kent,corridor_nearby_search,"nearby:43.5456923,-80.2868287@1000m"
ChIJ7TuXc8EtO4gRw6QcFoXcKEg,Ambassador at Urgent Care,"Windsor, ON N9C 2L6, Canada",Windsor,Zone 1 — Windsor / Essex County,corridor_nearby_search,"nearby:42.2783987,-83.05747269999999@1000m"
ChIJ____IGosO4gR71DLGYS5s-g,Church and Ministry Website Design,"2679 Howard Ave, Windsor, ON N8X 3X2, Canada",Windsor,Zone 1 — Windsor / Essex County,corridor_nearby_search,"nearby:42.2843659,-83.01296409999999@1000m"
ChIJ95aTUavQOogRu3HuKLSQjRo,Subway,"341 Talbot St N Unit 1, Essex, ON N8M 2W3, Canada",Amherstburg,Zone 1 — Windsor / Essex County,corridor_nearby_search,"nearby:42.1835263,-82.831974@1000m"
ChIJZxuj4AvXOogRaCYKf4JAb4Q,Chuck's Roadhouse Bar & Grill,"346 Talbot St N, Essex, ON N8M 2W4, Canada",Amherstburg,Zone 1 — Windsor / Essex County,corridor_nearby_search,"nearby:42.1835263,-82.831974@1000m"
ChIJ2YNDm1_XOogR-YMEdAXyzdo,Armando's Pizza - Essex,"325 Talbot St N, Essex, ON N8M 2W3, Canada",Amherstburg,Zone 1 — Windsor / Essex County,corridor_nearby_search,"nearby:42.1835263,-82.831974@1000m"
ChIJmctNOTSIK4gRZ3xUW4Nvhao,RE/MAX Twin City Realty Inc.: Mike Prilisauer,"400 Bishop St N, Cambridge, ON N1R 6W8, Canada",Harrow,Zone 1 — Windsor / Essex County,corridor_nearby_search,"nearby:43.3955419,-80.3176193@1000m"
ChIJXemWV54kLIgR8QhvkkwssIQ,Burgessville Baptist Church,"63 Church St W, Burgessville, ON N0J 1C0, Canada",Burgessville,Zone 5 — Woodstock / Oxford County,corridor_nearby_search,"nearby:43.0238986,-80.65796379999999@1000m"
ChIJOQJwRaAkLIgRKEVxe9BXz6E,Burgessville Public Library (Oxford County Library),"604 Main St S, Burgessville, ON N0J 1C0, Canada",Burgessville,Zone 5 — Woodstock / Oxford County,corridor_nearby_search,"nearby:43.0238986,-80.65796379999999@1000m"
ChIJoY8OC6AkLIgR3c3bOzaHLrI,Burgessville United Church,"24 Church St E, Burgessville, ON N0J 1C0, Canada",Burgessville,Zone 5 — Woodstock / Oxford County,corridor_nearby_search,"nearby:43.0238986,-80.65796379999999@1000m"
ChIJsfHzV5azOogRfibvCoWgC2A,Convenience Store,"2 Mill St W, Chatham-Kent, ON N0P 2L0, Canada",Stoney Point,Zone 1 — Windsor / Essex County,corridor_nearby_search,"nearby:42.26425709999999,-82.4315009@1000m"
ChIJxXkqs72zOogRp8r_o3PWKYM,Ultramar - Car Wash,"2 Mill St W, Chatham-Kent, ON N0P 2L0, Canada",Stoney Point,Zone 1 — Windsor / Essex County,corridor_nearby_search,"nearby:42.26425709999999,-82.4315009@1000m"
ChIJtbyNKgCzOogR1lX_YwRUK0A,Armando's Pizza - Tilbury,"2 Mill St W, Tilbury, ON N0P 2L0, Canada",Stoney Point,Zone 1 — Windsor / Essex County,corridor_nearby_search,"nearby:42.26425709999999,-82.4315009@1000m"
ChIJUZiJaACzOogRIFgf3KP9uRs,Mike's Car Wash & Variety Inc.,"11 Mill St E, Tilbury, ON N0P 2L0, Canada",Stoney Point,Zone 1 — Windsor / Essex County,corridor_nearby_search,"nearby:42.26425709999999,-82.4315009@1000m"
ChIJ6_UzQwCzOogRePscIrd-Uvc,Domino's Pizza,"2 Dufferin St S, Tilbury, ON N0P 2L0, Canada",Stoney Point,Zone 1 — Windsor / Essex County,corridor_nearby_search,"nearby:42.26425709999999,-82.4315009@1000m"
ChIJ21O4j-srO4gRyiDvV_HlS5A,Sparkle Kleen Full Service Car wash,"3880 Walker Rd, Windsor, ON N8W 3T2, Canada",Windsor,Zone 1 — Windsor / Essex County,corridor_nearby_search,"nearby:42.2668462,-82.96903440000001@1000m"
ChIJ-Rw7JKcrO4gRrxFNK8UfXog,Niche Hair Lounge,"3900 Walker Rd, Windsor, ON N8W 3T3, Canada",Windsor,Zone 1 — Windsor / Essex County,corridor_nearby_search,"nearby:42.2668462,-82.96903440000001@1000m"
ChIJdaLvVd0rO4gR0g5G-bmgD9o,The Red Sail Restaurant,"3838 Walker Rd, Windsor, ON N8W 3T2, Canada",Windsor,Zone 1 — Windsor / Essex County,corridor_nearby_search,"nearby:42.2668462,-82.96903440000001@1000m"
ChIJmzC5ztedJYgR694wteVD4gA,Pair of Sympathetic Hands Massage and Reflexology,"1419 Confederation St Unit B, Sarnia, ON N7S 5N9, Canada",Sarnia,Zone 3 — Sarnia / Lambton County,corridor_nearby_search,"nearby:42.9595634,-82.35153820000001@1000m"
ChIJY6qX4LuEJYgRa4SxautW5jc,YMCA Child Care,"955 Lakeshore Rd, Sarnia, ON N7V 2V3, Canada",Sarnia,Zone 3 — Sarnia / Lambton County,corridor_nearby_search,"nearby:43.0130918,-82.37506619999999@1000m"
ChIJTWm8juidJYgR5I3iGGAjiE0,Cher Traditional Thai Massage,"1554 Lori Ave, Sarnia, ON N7S 3N3, Canada",Sarnia,Zone 3 — Sarnia / Lambton County,corridor_nearby_search,"nearby:43.0130918,-82.37506619999999@1000m"
ChIJPeQBptmVK4gR-xwqH21tWhs,McDonald's,"94 Wellington Rd 7, Elora, ON N0B 1S0, Canada",Elora,Zone 6 — Kitchener / Waterloo / Cambridge / Guelph,corridor_nearby_search,"nearby:43.6737759,-80.4257844@1000m"
ChIJyRzcdWqVK4gRLNXX9Fcajk0,Gorge Country Kitchen,"82 Wellington Rd 7, Elora, ON N0B 1S0, Canada",Elora,Zone 6 — Kitchener / Waterloo / Cambridge / Guelph,corridor_nearby_search,"nearby:43.6737759,-80.4257844@1000m"
ChIJUyiqkROVK4gReDlAJHlAkV4,"Dirty Detailz Auto Detailing, Car Wash & Accessories","7455 Speers Rd, Elora, ON N0B 1S0, Canada",Elora,Zone 6 — Kitchener / Waterloo / Cambridge / Guelph,corridor_nearby_search,"nearby:43.6737759,-80.4257844@1000m"
ChIJ24c1q2yVK4gRZXps8HUgenM,Touchless Car Wash,"Wellington Rd 7, Elora, ON N0B 1S0, Canada",Elora,Zone 6 — Kitchener / Waterloo / Cambridge / Guelph,corridor_nearby_search,"nearby:43.6737759,-80.4257844@1000m"
ChIJH9vit6KcJYgRK8OUesUVYBU,Coffee Lodge Point Edward,"1 Bridge St, Point Edward, ON N7V 4J5, Canada",Sarnia,Zone 3 — Sarnia / Lambton County,corridor_nearby_search,"nearby:42.9921736,-82.4107988@1000m"
ChIJszh5XQCdJYgR1dgAnTwlPUM,Boston Pizza,"1498 Venetian Blvd, Sarnia, ON N7T 7W6, Canada",Sarnia,Zone 3 — Sarnia / Lambton County,corridor_nearby_search,"nearby:42.9921736,-82.4107988@1000m"
ChIJ-bYCD2l3JYgRFeIftSomz7I,Pizza Hut,"450 Lyndoch St #446, Corunna, ON N0N 1G0, Canada",Corunna,Zone 3 — Sarnia / Lambton County,corridor_nearby_search,"nearby:42.885711,-82.4528498@1000m"
ChIJQeRjNPV2JYgRhB4hMJKwhlE,Antonio's Pizza,"443 Lyndoch St, Corunna, ON N0N 1G0, Canada",Corunna,Zone 3 — Sarnia / Lambton County,corridor_nearby_search,"nearby:42.885711,-82.4528498@1000m"
ChIJodvGTfV2JYgRNh8EjRdqPlE,Corunna Chiropractic & Massage,"426 Lyndoch St, Corunna, ON N0N 1G0, Canada",Corunna,Zone 3 — Sarnia / Lambton County,corridor_nearby_search,"nearby:42.885711,-82.4528498@1000m"
ChIJTfm1U_V2JYgRPvMVgSmGjxs,Sissio's Pizza,"435 Lyndoch St, Corunna, ON N0N 1G0, Canada",Corunna,Zone 3 — Sarnia / Lambton County,corridor_nearby_search,"nearby:42.885711,-82.4528498@1000m"
ChIJja3NXCYFL4gRMx9Kh09er4c,Quickie Convenience Store,"28508 Centre Rd, Strathroy, ON N7G 3H8, Canada",Strathroy,Zone 4 — London / Middlesex,corridor_nearby_search,"nearby:42.9782465,-81.6295627@1000m"
ChIJ_YQb4oAFL4gRzJYPz0u5HXA,Pita Pit Strathroy,"9 Second St unit 1, Strathroy, ON N7G 4L2, Canada",Strathroy,Zone 4 — London / Middlesex,corridor_nearby_search,"nearby:42.9782465,-81.6295627@1000m"
ChIJZ0AQIBIsO4gR9styZMxaqAo,Essex Dental Laboratory,"375 Croft Dr Unit 3, Windsor, ON N8N 2L9, Canada",Windsor,Zone 1 — Windsor / Essex County,corridor_nearby_search,"nearby:42.2995859,-82.8300814@1000m"
ChIJ67y3RpfUOogRbNdSS5CV7TA,Ashas Yoga Studios,"375 Croft Dr, Windsor, ON N8N 2L9, Canada",Windsor,Zone 1 — Windsor / Essex County,corridor_nearby_search,"nearby:42.2995859,-82.8300814@1000m"
ChIJ_xO6Q5nUOogR9vn3lZHerP4,Advance Blvd Dental Health Group,"416 Advance Blvd #2, Tecumseh, ON N8N 5G8, Canada",Windsor,Zone 1 — Windsor / Essex County,corridor_nearby_search,"nearby:42.2995859,-82.8300814@1000m"
ChIJR3hRImLTOogRRIecfPnU1Uc,BrightPath Lakeshore Child Care Centre,"444 Advance Blvd, Tecumseh, ON N8N 5G8, Canada",Windsor,Zone 1 — Windsor / Essex County,corridor_nearby_search,"nearby:42.2995859,-82.8300814@1000m"
ChIJcbQwvJw8O4gRTbELxstH40g,Good Shepherd Lutheran Church,"11 Concession Rd 3 N, Amherstburg, ON N9V 2Y9, Canada",Amherstburg,Zone 1 — Windsor / Essex County,corridor_nearby_search,"nearby:42.11020389999999,-83.0667196@1000m"
ChIJjQ5cJ1flLogRrPUg2IqIxqQ,Grill 23 Authentic Mexican,"13229 Ilderton Rd Unit #102, Ilderton, ON N0M 2A0, Canada",Ilderton,Zone 4 — London / Middlesex,corridor_nearby_search,"nearby:43.078616,-81.3831039@1000m"
ChIJZTbTdjblLogR99btL9wU38U,Shani Beauty Lounge,"13237 Ilderton Rd, Ilderton, ON N0M 2A0, Canada",Ilderton,Zone 4 — London / Middlesex,corridor_nearby_search,"nearby:43.078616,-81.3831039@1000m"
ChIJgaKk6NTlLogRzp8rgXk0MU8,Fringe Hair Spa,"13237 Ilderton Rd, Ilderton, ON N0M 2A0, Canada",Ilderton,Zone 4 — London / Middlesex,corridor_nearby_search,"nearby:43.078616,-81.3831039@1000m"
ChIJsaxJnM27OogRxJxx_I_sML0,Coulter Kitchen Saver,"37 Matier Ave, Wheatley, ON N0P 2P0, Canada",Comber,Zone 1 — Windsor / Essex County,corridor_nearby_search,"nearby:42.1087281,-82.46096829999999@1000m"
ChIJw-Vxgs07L4gRdGDJkrL6uyI,Laundromat,"ON-21, Grand Bend, ON N0M 1T0, Canada",Grand Bend,Zone 3 — Sarnia / Lambton County,corridor_nearby_search,"nearby:43.3001382,-81.76750179999999@1000m"
ChIJBY-f7kc6L4gRCZFECnxH15Q,Immaculate Heart of Mary Roman Catholic Church,"337 Ontario St S, Grand Bend, ON N0M 1T0, Canada",Grand Bend,Zone 3 — Sarnia / Lambton County,corridor_nearby_search,"nearby:43.3001382,-81.76750179999999@1000m"
ChIJZV9ZIF70K4gR-IF8-0TvByQ,"Luxurious Condo - Gym,Pool,Sauna,Bowling Alley,Hot Tub,Lounge","Kitchener, ON N2G 0E4, Canada",Wilmot,Zone 6 — Kitchener / Waterloo / Cambridge / Guelph,corridor_nearby_search,"nearby:43.4523957,-80.5047274@1000m"
ChIJ2V20rWD0K4gR3ySLOH8kwdo,DTK Cozy Farmhouse Semi 2 Beds - Two-Bedroom Apartment,"Kitchener, ON N2G 1S1, Canada",Wilmot,Zone 6 — Kitchener / Waterloo / Cambridge / Guelph,corridor_nearby_search,"nearby:43.4523957,-80.5047274@1000m"
ChIJ8xRXSF70K4gRqobw-CvN8WM,Hydropool Spa HotTub/Bowling Alley/Patio/BBQ/Games - Gorgeous Corner Condo,"Kitchener, ON N2G 1C7, Canada",Wilmot,Zone 6 — Kitchener / Waterloo / Cambridge / Guelph,corridor_nearby_search,"nearby:43.4523957,-80.5047274@1000m"
ChIJLb7K5MipLogRsMfni5POyOE,Al’s Mobile Auto Detailing,"154 Liebler St, Tavistock, ON N0B 2R0, Canada",North Middlesex,Zone 4 — London / Middlesex,corridor_nearby_search,"nearby:43.3120832,-80.84482129999999@1000m"
ChIJ5UrQwrGpLogRTMt3tLGDcJg,East Zorra-Tavistock Township Fire Station 3,"260 Woodstock St S, Tavistock, ON N0B 2R0, Canada",North Middlesex,Zone 4 — London / Middlesex,corridor_nearby_search,"nearby:43.3120832,-80.84482129999999@1000m"
ChIJ65d4fQcFL4gR_iA4oIsKLAs,Chucks Roadhouse Bar & Grill,"323 Caradoc St S Unit #C6, Strathroy, ON N7G 2P3, Canada",Strathroy,Zone 4 — London / Middlesex,corridor_nearby_search,"nearby:42.9496155,-81.614254@1000m"
ChIJ73uSjFIFL4gRm28Kcx2Z60k,Red Swan Pizza - Strathroy,"323 Caradoc St S unit C-1, Strathroy, ON N7G 2P3, Canada",Strathroy,Zone 4 — London / Middlesex,corridor_nearby_search,"nearby:42.9496155,-81.614254@1000m"
ChIJVcTbSFoFL4gRGKXGdt-eNyk,Strathroy Family Dental,"323 Caradoc St S Unit #C - 5B, Strathroy, ON N7G 2P3, Canada",Strathroy,Zone 4 — London / Middlesex,corridor_nearby_search,"nearby:42.9496155,-81.614254@1000m"
ChIJUwaCuhwEL4gRGh3jqnrvTyE,Subway,"323 Caradoc St S Unit C-2, Strathroy, ON N7G 2P4, Canada",Strathroy,Zone 4 — London / Middlesex,corridor_nearby_search,"nearby:42.9496155,-81.614254@1000m"
ChIJ7_Zwpr4FL4gRKga5bO0bKaY,Dairy Queen Grill & Chill,"319 Caradoc St S, Strathroy, ON N7G 2P4, Canada",Strathroy,Zone 4 — London / Middlesex,corridor_nearby_search,"nearby:42.9496155,-81.614254@1000m"
ChIJv-PFuhwEL4gR_tbtD3RnquE,M&M Food Market,"305 Caradoc St S Unit B4, Strathroy, ON N7G 2P3, Canada",Strathroy,Zone 4 — London / Middlesex,corridor_nearby_search,"nearby:42.9496155,-81.614254@1000m"
ChIJC3dDKj52JYgRJ8hRXTXnZV8,Cemetery,"137 Church St, Corunna, ON N0N 1G0, Canada",Sarnia,Zone 3 — Sarnia / Lambton County,corridor_nearby_search,"nearby:42.9055176,-82.4571035@1000m"
ChIJNxI3CJqJK4gRm1MQLGyAnHc,Dukes Dugout & Grill,"45 Rogers Dr, Breslau, ON N3E 0A5, Canada",Cambridge,Zone 6 — Kitchener / Waterloo / Cambridge / Guelph,corridor_nearby_search,"nearby:43.4147761,-80.35835809999999@1000m"
ChIJc7VUo8AfL4gRt5ZfADoMF08,Whimsy Salon and Gifts,"145 Ailsa Craig Main St, Ailsa Craig, ON N0M 1A0, Canada",Ailsa Craig,Zone 4 — London / Middlesex,corridor_nearby_search,"nearby:43.1478883,-81.53714409999999@1000m"
ChIJDd1coMAfL4gRmJRjX44HZgU,Mainstreet Credit Union,"135 Ailsa Craig Main St, Ailsa Craig, ON N0M 1A0, Canada",Ailsa Craig,Zone 4 — London / Middlesex,corridor_nearby_search,"nearby:43.1478883,-81.53714409999999@1000m"
ChIJK4Ifv8AfL4gRmX1Z6PWjcYY,Ailsa Craig Library,"147 Ailsa Craig Main St, Ailsa Craig, ON N0M 1A0, Canada",Ailsa Craig,Zone 4 — London / Middlesex,corridor_nearby_search,"nearby:43.1478883,-81.53714409999999@1000m"
ChIJjSMKF7QtLIgRdqPPCgCtedE,Little Lilly'Belle Beauty,"58 Ball St, Tillsonburg, ON N4G 2X1, Canada",Bayham,Zone 4 — London / Middlesex,corridor_nearby_search,"nearby:42.8514091,-80.7100392@1000m"
ChIJF75SbxlvL4gR0EWFxpCkafc,St Christophers Catholic Church,"68 Union St, Forest, ON N0N 1J0, Canada",Forest,Zone 3 — Sarnia / Lambton County,corridor_nearby_search,"nearby:43.1005897,-82.0063588@1000m"
ChIJJ4ooCfBvL4gRcCLm-2d22fA,Forest Kingdom Hall of Jehovah’s Witnesses,"5959 Townsend Line, Forest, ON N0N 1J0, Canada",Forest,Zone 3 — Sarnia / Lambton County,corridor_nearby_search,"nearby:43.1005897,-82.0063588@1000m"
ChIJRbIWrhxvL4gRJZjdUjuq_PQ,Forest United Church,"21 James St N, Forest, ON N0N 1J0, Canada",Forest,Zone 3 — Sarnia / Lambton County,corridor_nearby_search,"nearby:43.1005897,-82.0063588@1000m"
ChIJabHFiFX4L4gRfcAo7XrspWU,White Knight Amazing (Auto-Marine-Air) Glazing & Auto Beauty Shoppe,"50 Foster St, Chatham, ON N7M 4N5, Canada",Chatham,Zone 2 — Chatham-Kent,corridor_nearby_search,"nearby:42.4012638,-82.1733042@1000m"
ChIJzXor6v_4L4gRbOD-66jW7bM,Praise Fellowship Church,"165 Park Ave E, Chatham, ON N7M 3V7, Canada",Chatham,Zone 2 — Chatham-Kent,corridor_nearby_search,"nearby:42.4012638,-82.1733042@1000m"
ChIJKTcJpf_4L4gRAQ54x8B8s6A,Luxury Style Hotel Living,"Chatham, ON N7M 3V7, Canada",Chatham,Zone 2 — Chatham-Kent,corridor_nearby_search,"nearby:42.4012638,-82.1733042@1000m"
ChIJDbrTpf_4L4gRX9DanpczDRE,Two bed room adorable Apartment - Two-Bedroom Apartment,"Chatham, ON N7M 3V7, Canada",Chatham,Zone 2 — Chatham-Kent,corridor_nearby_search,"nearby:42.4012638,-82.1733042@1000m"
ChIJ1Vjg0gMEL4gRqDS5sy4QXlc,LCBO,"70 Carroll St E Unit A1, Strathroy, ON N7G 4G2, Canada",Strathroy,Zone 4 — London / Middlesex,corridor_nearby_search,"nearby:42.9449924,-81.6082407@1000m"
ChIJ5zZQ2wMEL4gRS4-JkMEi6OM,Money Mart,"70 Carroll St E Unit A5, Strathroy, ON N7G 4G2, Canada",Strathroy,Zone 4 — London / Middlesex,corridor_nearby_search,"nearby:42.9449924,-81.6082407@1000m"
ChIJVQKiKkSpKk0RGJA2G73LKqE,Dollarama,"70 Carroll St E Strathroy Crossing, Strathroy, ON N7G 4G2, Canada",Strathroy,Zone 4 — London / Middlesex,corridor_nearby_search,"nearby:42.9449924,-81.6082407@1000m"
ChIJ269HxgMEL4gR6Mkyh33_xEc,Q C Auto Spa,"69 Carroll St E, Strathroy, ON N7G 0A5, Canada",Strathroy,Zone 4 — London / Middlesex,corridor_nearby_search,"nearby:42.9449924,-81.6082407@1000m"
ChIJ03YWlo7uK4gRbj8H8RT6l6c,Arthur Street Dental Office,"77 Arthur St S, Elmira, ON N3B 2M8, Canada",Elmira,Zone 6 — Kitchener / Waterloo / Cambridge / Guelph,corridor_nearby_search,"nearby:43.597331,-80.5593316@1000m"
ChIJt8xSlI7uK4gRLeyLNpRAz_A,Elmira Pharmacy,"75 Arthur St S, Elmira, ON N3B 2M8, Canada",Elmira,Zone 6 — Kitchener / Waterloo / Cambridge / Guelph,corridor_nearby_search,"nearby:43.597331,-80.5593316@1000m"
ChIJxfWYko7uK4gRf9ebJMRAz-Q,Sandelli Massage Therapy & Associates,"69 Arthur St S, Elmira, ON N3B 2M8, Canada",Elmira,Zone 6 — Kitchener / Waterloo / Cambridge / Guelph,corridor_nearby_search,"nearby:43.597331,-80.5593316@1000m"
ChIJq6ra7274L4gRsCRqLhewbkM,Apollo Property Management and Developments,"186 Chatham St N, Blenheim, ON N0P 1A0, Canada",Chatham Kent,Zone 2 — Chatham-Kent,corridor_nearby_search,"nearby:42.3374616,-82.0041105@1000m"
ChIJK_q13nDjL4gRko-2K1pHnVQ,Campbell Chatham-Kent Realty,"199 Chatham St N, Blenheim, ON N0P 1A0, Canada",Chatham Kent,Zone 2 — Chatham-Kent,corridor_nearby_search,"nearby:42.3374616,-82.0041105@1000m"
ChIJK5aAnABvL4gRIjpy-pc4QCQ,Lambton College Legacy Project - Lambton Shores,"88 Main St S, Forest, ON N0N 1J0, Canada",Forest,Zone 3 — Sarnia / Lambton County,corridor_nearby_search,"nearby:43.0895604,-82.00013120000001@1000m"
ChIJf-ElgapvL4gRy_YVWm3NaMA,Car Wash,"102-106 Macnab St, Forest, ON N0N 1J0, Canada",Forest,Zone 3 — Sarnia / Lambton County,corridor_nearby_search,"nearby:43.0895604,-82.00013120000001@1000m"
ChIJRSv6SdLMW0ARvX8WRJn4cIU,Forest Golf Club & Inn,"102 Main St S, Forest, ON N0N 1J0, Canada",Forest,Zone 3 — Sarnia / Lambton County,corridor_nearby_search,"nearby:43.0895604,-82.00013120000001@1000m"
ChIJXUDFSV6jLIgRsbhrXGdlN34,Dental Surface Solutions,"11 Commerce Ct, Stoney Creek, ON L8E 4G3, Canada",Stoney Point,Zone 1 — Windsor / Essex County,corridor_nearby_search,"nearby:43.2272865,-79.7025918@1000m"
ChIJ3zAhAtVyL4gRHOmSHQFIMyE,Shanahan Realty Inc,"177 John St, Watford, ON N0M 2S0, Canada",Watford,Zone 3 — Sarnia / Lambton County,corridor_nearby_search,"nearby:42.949243,-81.8841697@1000m"
ChIJVVWF2rt0L4gRACnUuLqNxgk,THE MIKE HARVEY FOUNDATION,"5331 Nauvoo Rd, Watford, ON N0M 2S0, Canada",Watford,Zone 3 — Sarnia / Lambton County,corridor_nearby_search,"nearby:42.949243,-81.8841697@1000m"
ChIJ0yIZfLl0L4gR1SVtIiMHtgA,Watford Library,"5317 Nauvoo Rd, Watford, ON N0M 2S0, Canada",Watford,Zone 3 — Sarnia / Lambton County,corridor_nearby_search,"nearby:42.949243,-81.8841697@1000m"
ChIJO_t2zrt0L4gRXL7h6p6wPiA,Trinity Anglican Church,"5331 Nauvoo Rd, Watford, ON N0M 2S0, Canada",Watford,Zone 3 — Sarnia / Lambton County,corridor_nearby_search,"nearby:42.949243,-81.8841697@1000m"
ChIJTZP4vQ11L4gReHboN1-jez8,YAI YAI's Kitchen,"5303 Nauvoo Rd, Watford, ON N0M 2S0, Canada",Watford,Zone 3 — Sarnia / Lambton County,corridor_nearby_search,"nearby:42.949243,-81.8841697@1000m"
ChIJoXhXnOcrLIgRx71qv2aM5OU,Shaw's Ice Cream - Office,"10 Clearview Dr, Tillsonburg, ON N4G 4G8, Canada",Bayham,Zone 4 — London / Middlesex,corridor_nearby_search,"nearby:42.8459023,-80.7529505@1000m"
ChIJWR2V5EtdJYgRg1GbdHWaDQ0,Faith Baptist Church,"218 Nelson St, Wallaceburg, ON N8A 4G5, Canada",Wallaceburg,Zone 2 — Chatham-Kent,corridor_nearby_search,"nearby:42.5959514,-82.3830416@1000m"
ChIJN-l3ksFdJYgRPZFwGLNSIqQ,Hauser's Pharmacy Wallaceburg,"225 Nelson St, Wallaceburg, ON N8A 4G5, Canada",Wallaceburg,Zone 2 — Chatham-Kent,corridor_nearby_search,"nearby:42.5959514,-82.3830416@1000m"
ChIJV8fFtUtdJYgReTnw28xG_hc,re:find charity thrift shoppe,"216 Nelson St, Wallaceburg, ON N8A 1W5, Canada",Wallaceburg,Zone 2 — Chatham-Kent,corridor_nearby_search,"nearby:42.5959514,-82.3830416@1000m"
ChIJfd3Y_QNdJYgRdiLqDRoDTHA,the eddy yoga + wellness studio,"222 Wellington St UPPER UNIT, Wallaceburg, ON N8A 2X9, Canada",Wallaceburg,Zone 2 — Chatham-Kent,corridor_nearby_search,"nearby:42.5959514,-82.3830416@1000m"
ChIJ_QX5QEldJYgRW-42_SiuqgY,Wallaceburg Community Centre & Senior Citizens Club,"205 James St, Wallaceburg, ON N8A 2N4, Canada",Wallaceburg,Zone 2 — Chatham-Kent,corridor_nearby_search,"nearby:42.5959514,-82.3830416@1000m"
ChIJF0BgP7VCJYgReImLS3JQr38,Money Mart,"828 Dufferin Ave, Wallaceburg, ON N8A 2V4, Canada",Wallaceburg,Zone 2 — Chatham-Kent,corridor_nearby_search,"nearby:42.5926401,-82.3893696@1000m"
ChIJBZhq8ZNDJYgRFkPrtpDfyVk,Platinum Mobile Auto Detailing Wallaceburg,"25 Lisgar St, Wallaceburg, ON N8A 4A5, Canada",Wallaceburg,Zone 2 — Chatham-Kent,corridor_nearby_search,"nearby:42.5926401,-82.3893696@1000m"
ChIJcUnAoZJDJYgRYZV1a4w1x4g,Pizza Hut,"861 Dufferin Ave, Wallaceburg, ON N8A 2V5, Canada",Wallaceburg,Zone 2 — Chatham-Kent,corridor_nearby_search,"nearby:42.5926401,-82.3893696@1000m"
ChIJ78j-S14mO4gRTDBrpv6GfEg,McGregor Tavern & Eats,"9530 County Rd 11, McGregor, ON N0R 1J0, Canada",McGregor,Zone 1 — Windsor / Essex County,corridor_nearby_search,"nearby:42.1422281,-82.9706547@1000m"
ChIJz4W6CF0mO4gR1Ifgp5fx4_w,Naples Pizza,"9588 Walker Rd, McGregor, ON N0R 1J0, Canada",McGregor,Zone 1 — Windsor / Essex County,corridor_nearby_search,"nearby:42.1422281,-82.9706547@1000m"
ChIJT4PXxF0mO4gRu2yeWTAUk-U,McGregor Medical Pharmacy,"9558 County Rd 11, McGregor, ON N0R 1J0, Canada",McGregor,Zone 1 — Windsor / Essex County,corridor_nearby_search,"nearby:42.1422281,-82.9706547@1000m"
ChIJ_WXXxF0mO4gREUBytI_XFPU,Cindy's Hair Salon,"9558 County Rd 11, McGregor, ON N0R 1J0, Canada",McGregor,Zone 1 — Windsor / Essex County,corridor_nearby_search,"nearby:42.1422281,-82.9706547@1000m"
ChIJo3f4QVAmO4gRNZp3hk2r4tM,Elementary School Catholic Sainte-Ursule,"573 Grondin Ave, McGregor, ON N0R 1J0, Canada",McGregor,Zone 1 — Windsor / Essex County,corridor_nearby_search,"nearby:42.1422281,-82.9706547@1000m"
ChIJMQ7LjlwmO4gRfcOm2F35swU,St Clement Parish,"9567 County Rd 11, McGregor, ON N0R 1J0, Canada",McGregor,Zone 1 — Windsor / Essex County,corridor_nearby_search,"nearby:42.1422281,-82.9706547@1000m"
ChIJLf8FsJk8O4gR41IlnhAN0UU,Ruby King Restaurant,"244 Simcoe St, Amherstburg, ON N9V 1M7, Canada",Amherstburg,Zone 1 — Windsor / Essex County,corridor_nearby_search,"nearby:42.0992486,-83.1033087@1000m"
ChIJCwvM4Zk8O4gRAt8Bt3rC5n4,Bright Child Montessori,"236 Cherrylawn Cres, Amherstburg, ON N9V 1P8, Canada",Amherstburg,Zone 1 — Windsor / Essex County,corridor_nearby_search,"nearby:42.0992486,-83.1033087@1000m"
ChIJ_-rRjys9O4gRkWsKoslTLII,Studio Seven Boutique,"300 Victoria St S, Amherstburg, ON N9V 1M9, Canada",Amherstburg,Zone 1 — Windsor / Essex County,corridor_nearby_search,"nearby:42.0992486,-83.1033087@1000m"
ChIJtYCWJpo8O4gR9qKlfucsmS8,Little Buddies Preschool Centre,"193 Simcoe St, Amherstburg, ON N9V 1M3, Canada",Amherstburg,Zone 1 — Windsor / Essex County,corridor_nearby_search,"nearby:42.0992486,-83.1033087@1000m"
ChIJfW9g-phXLogRuhmogSpjIK0,Oneida Gas Bar,"1986 Fairgrounds Rd, Southwold, ON N0L 2G0, Canada",Southwold,Zone 4 — London / Middlesex,corridor_nearby_search,"nearby:42.80607920000001,-81.3741944@1000m"
ChIJP7ZOG1NtLIgR4HjdlcfvCec,The Waxing and Facial Studio,"109 Oak Ave, Paris, ON N3L 0J6, Canada",Thedford,Zone 3 — Sarnia / Lambton County,corridor_nearby_search,"nearby:43.2138932,-80.4017987@1000m"
ChIJ4dEjqW_4L4gRZDFHfaQN7oE,COVID-19 Assessment at Shoppers Drug Mart,"416 St Clair St, Chatham, ON N7L 3K5, Canada",Wheatley,Zone 1 — Windsor / Essex County,corridor_nearby_search,"nearby:42.4156106,-82.2018646@1000m"
ChIJlTbV_m74L4gRQVFuTZBq6L0,Shoppers Drug Mart,"416 St Clair St, Chatham, ON N7L 3K5, Canada",Wheatley,Zone 1 — Windsor / Essex County,corridor_nearby_search,"nearby:42.4156106,-82.2018646@1000m"
ChIJF4ITI_krLIgRAl-zCHZrYRQ,Onwards Thrift,"165 Tillson Ave, Tillsonburg, ON N4G 1K5, Canada",Talbotville,Zone 4 — London / Middlesex,corridor_nearby_search,"nearby:42.8697878,-80.7250001@1000m"
ChIJjQhDAJcrLIgR72Znmw09hgM,Mythril Massage,"146 Tillson Ave, Tillsonburg, ON N4G 3A5, Canada",Talbotville,Zone 4 — London / Middlesex,corridor_nearby_search,"nearby:42.8697878,-80.7250001@1000m"
ChIJ5b_-JjIrLIgRm1OUdkMZg8Q,Hometown Pool & Spa Inc.,"146 Tillson Ave Unit E, Tillsonburg, ON N4G 3A5, Canada",Talbotville,Zone 4 — London / Middlesex,corridor_nearby_search,"nearby:42.8697878,-80.7250001@1000m"
ChIJc-e60Nk204kR1TQ3sASookk,Barber Hymac Hydro Inc.,"239 Barrick Rd, Port Colborne, ON L3K 5Z5, Canada",Mooretown,Zone 3 — Sarnia / Lambton County,corridor_nearby_search,"nearby:42.9088669,-79.2540753@1000m"
ChIJO9eLDVudJYgRXH8VvGd14ho,Head Office Hair Salon,"510 Michigan Ave A, Point Edward, ON N7V 1G5, Canada",Sarnia,Zone 3 — Sarnia / Lambton County,corridor_nearby_search,"nearby:42.99798250000001,-82.408125@1000m"
ChIJFc_7q6GcJYgR4HciT1MQSoQ,Aveda Hair Concept Salon,"510 Michigan Ave, Point Edward, ON N7V 1G5, Canada",Sarnia,Zone 3 — Sarnia / Lambton County,corridor_nearby_search,"nearby:42.99798250000001,-82.408125@1000m"
ChIJeXLnXdSbK4gR-_8t46Hx2h8,Dawson Auto Detailing Guelph,"58 Dawson Rd, Guelph, ON N1H 1A8, Canada",Lucan Biddulph,Zone 4 — London / Middlesex,corridor_nearby_search,"nearby:43.5458132,-80.27520009999999@1000m"
ChIJ54GNNrObK4gRX6XD49L0rOo,Little Champs Daycare,"58 Dawson Rd, Guelph, ON N1H 1A8, Canada",Lucan Biddulph,Zone 4 — London / Middlesex,corridor_nearby_search,"nearby:43.5458132,-80.27520009999999@1000m"
ChIJ0a0x_c2bK4gRUuSq4Dp8jnU,Rajdhani Sweets and Restaurant - Guelph,"47 Willow Rd, Guelph, ON N1H 1W2, Canada",Lucan Biddulph,Zone 4 — London / Middlesex,corridor_nearby_search,"nearby:43.5458132,-80.27520009999999@1000m"
ChIJyQ9T4GCDJYgR-CbLD07eAv8,Dream Property Management,"114 Kendall St Unit 2, Point Edward, ON N7V 4G5, Canada",Point Edward,Zone 3 — Sarnia / Lambton County,corridor_nearby_search,"nearby:42.9957619,-82.4024644@1000m"
ChIJFe5gUaacJYgRlbac_KacaWw,McKerlie Kitchen & Bath,"110 Kendall St Unit 1, Point Edward, ON N7V 4G5, Canada",Point Edward,Zone 3 — Sarnia / Lambton County,corridor_nearby_search,"nearby:42.9957619,-82.4024644@1000m"
ChIJMVSN-DNdJYgRtt91CIIl8aw,Wallaceburg Inn,"76 McNaughton Ave, Wallaceburg, ON N8A 1R9, Canada",Wallaceburg,Zone 2 — Chatham-Kent,corridor_nearby_search,"nearby:42.5836418,-82.3829258@1000m"
ChIJ9Tj0V95dJYgRk7LMjBYZS3E,Dauw Automatic Car Wash,"73 McNaughton Ave, Wallaceburg, ON N8A 1R9, Canada",Wallaceburg,Zone 2 — Chatham-Kent,corridor_nearby_search,"nearby:42.5836418,-82.3829258@1000m"
ChIJ-QgKZTFdJYgRD2sbfWB4uEQ,McNaughton Family Dental,"68 McNaughton Ave unit 12, Wallaceburg, ON N8A 1R9, Canada",Wallaceburg,Zone 2 — Chatham-Kent,corridor_nearby_search,"nearby:42.5836418,-82.3829258@1000m"
ChIJnwwKOgBdJYgRnbJR5NvorVg,Burger King,"67 McNaughton Ave, Wallaceburg, ON N8A 1R7, Canada",Wallaceburg,Zone 2 — Chatham-Kent,corridor_nearby_search,"nearby:42.5836418,-82.3829258@1000m"
ChIJwYk3xSRxcVMR1j8fvBpeUr8,Dollarama,"McNaughton Square, 65 McNaughton Ave, Wallaceburg, ON N8A 1R7, Canada",Wallaceburg,Zone 2 — Chatham-Kent,corridor_nearby_search,"nearby:42.5836418,-82.3829258@1000m"
ChIJvcUSEjRdJYgRdp6B0t1_ILc,Dollar Tree,"60 McNaughton Ave Unit 68- 1&2, Wallaceburg, ON N8A 1R9, Canada",Wallaceburg,Zone 2 — Chatham-Kent,corridor_nearby_search,"nearby:42.5836418,-82.3829258@1000m"
ChIJJQUGmCVdJYgRJ26Hko1P3as,Chuck's Roadhouse Bar & Grill,"65 McNaughton Ave, Wallaceburg, ON N8A 1R9, Canada",Wallaceburg,Zone 2 — Chatham-Kent,corridor_nearby_search,"nearby:42.5836418,-82.3829258@1000m"
ChIJ92WMl4uVL4gRbc3tcMFcvKQ,Bothwell Diner Pizza and Wings,"260 Main St, Bothwell, ON N0P 1C0, Canada",Dealtown,Zone 2 — Chatham-Kent,corridor_nearby_search,"nearby:42.6303501,-81.86981999999999@1000m"
ChIJJRTyniKVL4gRJ-5-_-NEMBA,Tito’s pizza and wings,"255 Main St, Bothwell, ON N0P 1C0, Canada",Dealtown,Zone 2 — Chatham-Kent,corridor_nearby_search,"nearby:42.6303501,-81.86981999999999@1000m"
ChIJDbgjmYuVL4gRe0nBMBVYe44,Chatham-Kent Fire Station 9,"137 Elm St E, Bothwell, ON N0P 1C0, Canada",Dealtown,Zone 2 — Chatham-Kent,corridor_nearby_search,"nearby:42.6303501,-81.86981999999999@1000m"
ChIJgyTDn4uVL4gRj9ftsV1jf2Y,Cheryl - Ann's Restaurant,"Bothwell, ON N0P 1C0, Canada",Dealtown,Zone 2 — Chatham-Kent,corridor_nearby_search,"nearby:42.6303501,-81.86981999999999@1000m"
ChIJkTLGSbHtLogRgK1WLLsp4L0,Fanshawe College Z building outside parking lot,"1781 Oxford St E, London, ON N5V 2Z6, Canada",London,Zone 4 — London / Middlesex,corridor_nearby_search,"nearby:43.0166927,-81.1861181@1000m"
ChIJ23LQx57tLogRJ_Jtt8GQvJs,Self Storage London Ontario,"1783 Oxford St E, London, ON N5V 2Z6, Canada",London,Zone 4 — London / Middlesex,corridor_nearby_search,"nearby:43.0166927,-81.1861181@1000m"
ChIJF-qbO_rxK4gRhowJCMJf5hE,"A&F Souvenir, ULC","3060 Sawmill Rd, St. Jacobs, ON N0B 2N0, Canada",Waterloo,Zone 6 — Kitchener / Waterloo / Cambridge / Guelph,corridor_nearby_search,"nearby:43.5450453,-80.549379@1000m"
ChIJcRG1EvrxK4gRoAQx3E6_t2s,Martin's Guardian Pharmacy,"10 Parkside Dr, St. Jacobs, ON N0B 2N0, Canada",Waterloo,Zone 6 — Kitchener / Waterloo / Cambridge / Guelph,corridor_nearby_search,"nearby:43.5450453,-80.549379@1000m"
ChIJcRG1EvrxK4gRLaJQ75NbLjY,St Jacobs Dental Care,"10 Parkside Dr, St. Jacobs, ON N0B 2N0, Canada",Waterloo,Zone 6 — Kitchener / Waterloo / Cambridge / Guelph,corridor_nearby_search,"nearby:43.5450453,-80.549379@1000m"
ChIJ3VXsRfrxK4gRxRrsPXB2zgA,Harvest Moon Restaurant,"5 Parkside Dr, St. Jacobs, ON N0B 2N0, Canada",Waterloo,Zone 6 — Kitchener / Waterloo / Cambridge / Guelph,corridor_nearby_search,"nearby:43.5450453,-80.549379@1000m"
ChIJQzR68zr1K4gRWcETutHsV_U,LITTLE GYROS GREEK GRILL - KITCHENER,"1606 Battler Rd, Kitchener, ON N2E 1X1, Canada",Kitchener,Zone 6 — Kitchener / Waterloo / Cambridge / Guelph,corridor_nearby_search,"nearby:43.3974988,-80.4669203@1000m"
ChIJFTOn8ypeLogRrVTOM5Dh1Ho,Classic Touch Car Wash & Auto Detailing,"160 Burwell Rd, St Thomas, ON N5P 3R8, Canada",St. Thomas,Zone 4 — London / Middlesex,corridor_nearby_search,"nearby:42.790873,-81.1663621@1000m"
ChIJlSmL_aFfLogRCPZNagvQEBg,Ultramar - Car Wash,"245 S Edgeware Rd, St Thomas, ON N5P 4C4, Canada",St. Thomas,Zone 4 — London / Middlesex,corridor_nearby_search,"nearby:42.790873,-81.1663621@1000m"
ChIJXQsOyvNfLogRdtv7nGsnGxE,On The Run - Convenience Store,"245 S Edgeware Rd, St Thomas, ON N5P 4C4, Canada",St. Thomas,Zone 4 — London / Middlesex,corridor_nearby_search,"nearby:42.790873,-81.1663621@1000m"
ChIJCVRB_ipeLogRldkr5JAGvyc,U-Haul Neighborhood Dealer,"245 S Edgeware Rd, St Thomas, ON N5P 4C4, Canada",St. Thomas,Zone 4 — London / Middlesex,corridor_nearby_search,"nearby:42.790873,-81.1663621@1000m"
ChIJiUEnHW_4L4gRaiE7SjHSoEk,Pita Pit,"818 St Clair St, Chatham, ON N7M 5J7, Canada",Chatham,Zone 2 — Chatham-Kent,corridor_nearby_search,"nearby:42.4345881,-82.2260695@1000m"
ChIJsyxIKShXJYgR0zXvXwRxna8,Kitchen Design at The Home Depot,"8582 Pioneer Line, Chatham, ON N7M 5J7, Canada",Chatham,Zone 2 — Chatham-Kent,corridor_nearby_search,"nearby:42.4345881,-82.2260695@1000m"
ChIJT1ADXU1XJYgRlsvem6jITXY,WFCU Credit Union,"814 St Clair St, Chatham, ON N7L 0E8, Canada",Chatham,Zone 2 — Chatham-Kent,corridor_nearby_search,"nearby:42.4345881,-82.2260695@1000m"
ChIJdcpnY_5XJYgRFgSeeNJCTpg,KFC,"806 St Clair St, Chatham-Kent, ON N7M 5J7, Canada",Chatham,Zone 2 — Chatham-Kent,corridor_nearby_search,"nearby:42.4345881,-82.2260695@1000m"
ChIJyRhvp0ZfLogR0ksORmp7T9U,U-Haul Neighborhood Dealer,"16 Sunset Dr, St Thomas, ON N5P 2J6, Canada",St. Thomas,Zone 4 — London / Middlesex,corridor_nearby_search,"nearby:42.7790979,-81.2123577@1000m"
ChIJIb_cEgBfLogRBGXFdK-HcpQ,Kettle Creek Village Little Library,"4 Pleasant St, St Thomas, ON N5R 3E1, Canada",St. Thomas,Zone 4 — London / Middlesex,corridor_nearby_search,"nearby:42.7790979,-81.2123577@1000m"
ChIJJQB3AWBeLogRoD-8EfP-AG8,Cedarhurst Massage Therapy,"76 Talbot St, St Thomas, ON N5P 1A5, Canada",St. Thomas,Zone 4 — London / Middlesex,corridor_nearby_search,"nearby:42.7790979,-81.2123577@1000m"
ChIJJ_OZWWrzLogRYt0sbhdjTpY,"Accsell Realty Inc., Brokerage: Blair Campbell","55 Midpark Crescent, London, ON N6N 1A9, Canada",Brights Grove,Zone 3 — Sarnia / Lambton County,corridor_nearby_search,"nearby:42.9273645,-81.1889291@1000m"
ChIJT6jl9GrzLogR9qtZOhuOVtM,Accsell Realty,"55 Midpark Crescent, London, ON N6N 1A9, Canada",Brights Grove,Zone 3 — Sarnia / Lambton County,corridor_nearby_search,"nearby:42.9273645,-81.1889291@1000m"
ChIJKUUk63oiWkARgaHQxsQdv_8,Tavistock Dental,"48 Woodstock St N, Tavistock, ON N0B 2R0, Canada",Tavistock,Zone 5 — Woodstock / Oxford County,corridor_nearby_search,"nearby:43.3229041,-80.8358209@1000m"
ChIJsTjcSbmpLogRTQyLrfJOD8w,Azalea Yoga,"55 Woodstock St N #2, Tavistock, ON N0B 2R0, Canada",Tavistock,Zone 5 — Woodstock / Oxford County,corridor_nearby_search,"nearby:43.3229041,-80.8358209@1000m"
ChIJGfDwPrmpLogR2XSHZK9cqAY,Medisystem Pharmacy Inc,"55 Woodstock St N #2, Tavistock, ON N0B 2R0, Canada",Tavistock,Zone 5 — Woodstock / Oxford County,corridor_nearby_search,"nearby:43.3229041,-80.8358209@1000m"
ChIJ2YbiYgCpLogRkdFiofHNDPY,Francis Funeral Home,"77 Woodstock St N, Tavistock, ON N0B 2R0, Canada",Tavistock,Zone 5 — Woodstock / Oxford County,corridor_nearby_search,"nearby:43.3229041,-80.8358209@1000m"
ChIJfURMiLicJYgRrSpBValQMsY,Insight Tattoo,"454 Christina St N, Sarnia, ON N7T 5W6, Canada",Sarnia,Zone 3 — Sarnia / Lambton County,corridor_nearby_search,"nearby:42.9814723,-82.4022495@1000m"
ChIJ722jPqSdJYgRMT8HEEUAwVo,Peach Tree Bakery,"188 Maxwell St, Sarnia, ON N7T 5C2, Canada",Sarnia,Zone 3 — Sarnia / Lambton County,corridor_nearby_search,"nearby:42.9814723,-82.4022495@1000m"
ChIJpd0nj7icJYgRRIOW9GzMP-Y,Henne's Jewellery,"459 Christina St N, Sarnia, ON N7T 5W3, Canada",Sarnia,Zone 3 — Sarnia / Lambton County,corridor_nearby_search,"nearby:42.9814723,-82.4022495@1000m"
ChIJZZzCi7icJYgRABSj8BBMyq0,Gem Dental Studio,"463 Christina St N, Sarnia, ON N7T 5W3, Canada",Sarnia,Zone 3 — Sarnia / Lambton County,corridor_nearby_search,"nearby:42.9814723,-82.4022495@1000m"
ChIJ5ZaYfdo1LIgRVx0lj4TtpJY,Norfolk County Fire Station 5,"104 Argyle Ave, Delhi, ON N4B 1J3, Canada",Delhi,Zone 5 — Woodstock / Oxford County,corridor_nearby_search,"nearby:42.84888249999999,-80.4875545@1000m"
ChIJ1wfwX9A1LIgRscTEeKsCPD0,Beer Store 3005,"64 Argyle Ave, Delhi, ON N4B 1J3, Canada",Delhi,Zone 5 — Woodstock / Oxford County,corridor_nearby_search,"nearby:42.84888249999999,-80.4875545@1000m"
ChIJqQ6QHPRlLIgRoEL-t6cgxc0,Chris Costabile | Realty Advisors & co,"45 Argyle Ave, Delhi, ON N4B 1J4, Canada",Delhi,Zone 5 — Woodstock / Oxford County,corridor_nearby_search,"nearby:42.84888249999999,-80.4875545@1000m"
ChIJW_svekM1LIgR9k430W0C9SA,Scrub-A-Dub Car Wash,"#22A, Delhi, ON N4B 2E4, Canada",Delhi,Zone 5 — Woodstock / Oxford County,corridor_nearby_search,"nearby:42.84888249999999,-80.4875545@1000m"
ChIJPwAX6tJDLogRvHKPchDhr3U,Riva Italian Restaurant,"191 Carlow Rd, Port Stanley, ON N5L 1B6, Canada",Port Stanley,Zone 4 — London / Middlesex,corridor_nearby_search,"nearby:42.6639352,-81.2148054@1000m"
ChIJrVW4QiJDLogRT6Kl0Zwh3NE,LCBO,"325 Bridge St, Port Stanley, ON N5L 1C5, Canada",Port Stanley,Zone 4 — London / Middlesex,corridor_nearby_search,"nearby:42.6639352,-81.2148054@1000m"
ChIJtw-mmbKzOogR04qoMSII-Rs,Tilbury District High School,"97 Queen St S, Tilbury, ON N0P 2L0, Canada",Tilbury,Zone 2 — Chatham-Kent,corridor_nearby_search,"nearby:42.2472906,-82.4335428@1000m"
ChIJARD7S7SzOogRD7W6yuNhYWE,St. Francis Xavier Cemetery,"21500 County Rd 46, Tilbury, ON N0P 2L0, Canada",Tilbury,Zone 2 — Chatham-Kent,corridor_nearby_search,"nearby:42.2472906,-82.4335428@1000m"
ChIJz6WNRa2zOogR15VZX78lRW4,Tilbury Dental Care - Dr. Chad Denomme,"1 Jeffrey St W, Tilbury, ON N0P 2L0, Canada",Tilbury,Zone 2 — Chatham-Kent,corridor_nearby_search,"nearby:42.2472906,-82.4335428@1000m"
ChIJj25waa2zOogRPsqbYrMHczs,Tilbury High School,"Tilbury, ON N0P 2L0, Canada",Tilbury,Zone 2 — Chatham-Kent,corridor_nearby_search,"nearby:42.2472906,-82.4335428@1000m"
ChIJLa6ST_KzOogRxZYyqAxK6C8,Kitchen Bath And Basement Renewal,"56 Rose Ave, Tilbury, ON N0P 2L0, Canada",Tilbury,Zone 2 — Chatham-Kent,corridor_nearby_search,"nearby:42.2472906,-82.4335428@1000m"
ChIJlc_lvrcYLIgRImEerd-kXs8,Woodstock Fire Station 1,"1203 Parkinson Rd, Woodstock, ON N4S 8L2, Canada",Woodstock,Zone 5 — Woodstock / Oxford County,corridor_nearby_search,"nearby:43.1231584,-80.7071885@1000m"
ChIJk-Rmt9fTOogRJSm6gy7DhZY,Truck and Trailer Pharmacy,"665 Weaver Rd, Windsor, ON N9C 0B4, Canada",Windsor,Zone 1 — Windsor / Essex County,corridor_nearby_search,"nearby:42.2603893,-83.0938511@1000m"
ChIJL4iMn9XzLogRUuhrGeyrYj4,U-Haul Neighborhood Dealer,"77 Bessemer Rd #19, London, ON N6E 1P9, Canada",Watford,Zone 3 — Sarnia / Lambton County,corridor_nearby_search,"nearby:42.9299539,-81.2106797@1000m"
ChIJBW2GJ67zLogRRS2qxr87URE,Alisons Bakery,"79 Bessemer Rd, London, ON N6E 1P9, Canada",Watford,Zone 3 — Sarnia / Lambton County,corridor_nearby_search,"nearby:42.9299539,-81.2106797@1000m"
ChIJqassUAkHLIgRrWBMSLP0rNw,Wilmot Shawarma,"3589 Bleams Rd, New Hamburg, ON N3A 2J1, Canada",Tavistock,Zone 5 — Woodstock / Oxford County,corridor_nearby_search,"nearby:43.3767135,-80.6949308@1000m"
ChIJ8YZwyB4HLIgRc_1742SDgF0,McDonald's,"3589 Bleams Rd, New Hamburg, ON N3A 2J1, Canada",Tavistock,Zone 5 — Woodstock / Oxford County,corridor_nearby_search,"nearby:43.3767135,-80.6949308@1000m"
ChIJmbv_2L69L4gRlNWBGok11Ts,ServiceOntario,"22789 Hagerty Rd, Newbury, ON N0L 1Z0, Canada",Newbury,Zone 4 — London / Middlesex,corridor_nearby_search,"nearby:42.6811374,-81.793912@1000m"
ChIJscj7qWS8L4gRbFeEqXhlntg,Newbury Dental Care,"1794 Concession Dr, Newbury, ON N0L 1Z0, Canada",Newbury,Zone 4 — London / Middlesex,corridor_nearby_search,"nearby:42.6811374,-81.793912@1000m"
ChIJQeYY6f8pO4gRW1Zxl8Vih_k,Hope Floats Pilates,"2050 Halford Dr Unit 4, Oldcastle, ON N9A 6J3, Canada",Windsor,Zone 1 — Windsor / Essex County,corridor_nearby_search,"nearby:42.2419812,-82.96794299999999@1000m"
ChIJbc_0dTQpO4gR7c7HkmQAS78,U-Haul Neighborhood Dealer,"1920 Halford Dr, Windsor, ON N9A 6J3, Canada",Windsor,Zone 1 — Windsor / Essex County,corridor_nearby_search,"nearby:42.2419812,-82.96794299999999@1000m"
ChIJJ-SnaeSvLogRy3atQS1JUT0,Maya Kitchens LTD - Kitchen and Bathroom Renovation,"9 Humber St, Stratford, ON N4Z 0A6, Canada",Watford,Zone 3 — Sarnia / Lambton County,corridor_nearby_search,"nearby:43.3525054,-80.9812741@1000m"
ChIJm2BheAANLIgR80x05RbAFMA,Auto Detailing 1313,"1192 Northumberland St, Ayr, ON N0B 1E0, Canada",Ayr,Zone 6 — Kitchener / Waterloo / Cambridge / Guelph,corridor_nearby_search,"nearby:43.3101402,-80.4716735@1000m"
ChIJ4YzVkUYNLIgR7pigU4KA5VI,U-Haul Neighborhood Dealer,"1202 Northumberland St, Ayr, ON N0B 1E0, Canada",Ayr,Zone 6 — Kitchener / Waterloo / Cambridge / Guelph,corridor_nearby_search,"nearby:43.3101402,-80.4716735@1000m"
ChIJK4PLPvvZKIgRMJWBYNaGodE,North Middlesex District High School,"100 Parkhill Main St, Parkhill, ON N0M 2K0, Canada",Grand Bend,Zone 3 — Sarnia / Lambton County,corridor_nearby_search,"nearby:43.1529152,-81.6811032@1000m"
ChIJA_PniL0ZL4gRQvP32E-8sF8,U-Haul Neighborhood Dealer,"105 Parkhill Main St, Parkhill, ON N0M 2K0, Canada",Grand Bend,Zone 3 — Sarnia / Lambton County,corridor_nearby_search,"nearby:43.1529152,-81.6811032@1000m"
ChIJD4oe1q0ZL4gRMlrhc3QtwEk,Ultramar - Car Wash,"105 Parkhill Main St, Parkhill, ON N0M 2K0, Canada",Grand Bend,Zone 3 — Sarnia / Lambton County,corridor_nearby_search,"nearby:43.1529152,-81.6811032@1000m"
ChIJ3dOIc7l0L4gR8Nkw-Yr-pFs,Libro Credit Union - Branch - ATM - Watford,"Box 550, 5270 Nauvoo Rd, Watford, ON N0M 2S0, Canada",Anderdon,Zone 1 — Windsor / Essex County,corridor_nearby_search,"nearby:42.9459287,-81.8806149@1000m"
ChIJORzq_rh0L4gRXFhr31UZU4M,Happy Home Restaurant,"5279 Nauvoo Rd, Watford, ON N0M 2S0, Canada",Anderdon,Zone 1 — Windsor / Essex County,corridor_nearby_search,"nearby:42.9459287,-81.8806149@1000m"
ChIJsYTdA3DxK4gRW26ksAfyryg,Waterloo North Mennonite Church,"100 Benjamin Rd, Waterloo, ON N2V 2J9, Canada",Kitchener,Zone 6 — Kitchener / Waterloo / Cambridge / Guelph,corridor_nearby_search,"nearby:43.5045637,-80.5544353@1000m"
ChIJv6niq3rxK4gRrAa6uNrbyvM,The Bistro - Eat. Drink. Connect.®,"50 Benjamin Rd, Waterloo, ON N2V 2J9, Canada",Kitchener,Zone 6 — Kitchener / Waterloo / Cambridge / Guelph,corridor_nearby_search,"nearby:43.5045637,-80.5544353@1000m"
ChIJb07SlnrxK4gR4M5rv_QGRAc,Hampton Inn & Suites by Hilton Waterloo St. Jacobs,"55 Benjamin Rd, Waterloo, ON N2V 0C6, Canada",Kitchener,Zone 6 — Kitchener / Waterloo / Cambridge / Guelph,corridor_nearby_search,"nearby:43.5045637,-80.5544353@1000m"
ChIJgzHqF0jxK4gRwm3cYBYqD-w,B55 bar and grill,"55 Benjamin Rd, Waterloo, ON N2V 0C6, Canada",Kitchener,Zone 6 — Kitchener / Waterloo / Cambridge / Guelph,corridor_nearby_search,"nearby:43.5045637,-80.5544353@1000m"
ChIJ_UTIiGXxK4gRnSTOkVtHykI,Kingdom Hall of Jehovah's Witnesses,"185 Swallow St, Waterloo, ON N2V 1R2, Canada",Kitchener,Zone 6 — Kitchener / Waterloo / Cambridge / Guelph,corridor_nearby_search,"nearby:43.5045637,-80.5544353@1000m"
ChIJd3ju8kWDJYgRwVEmCbnwi8w,Centrepoint Ida Pharmacy,"889 Exmouth St Unit 3, Sarnia, ON N7T 5R3, Canada",Sarnia,Zone 3 — Sarnia / Lambton County,corridor_nearby_search,"nearby:42.9847396,-82.3773226@1000m"
ChIJh015-kWDJYgRoQwEQJHl4mM,"Brenda Di Muzio, Dental Hygiene Prof. Corp.","889 Exmouth St Unit #5, Sarnia, ON N7T 5R3, Canada",Sarnia,Zone 3 — Sarnia / Lambton County,corridor_nearby_search,"nearby:42.9847396,-82.3773226@1000m"
ChIJWd-XwGH7KYgRK2osSIww97c,Domino's Pizza,"889 Exmouth St, Sarnia, ON N7T 5R3, Canada",Sarnia,Zone 3 — Sarnia / Lambton County,corridor_nearby_search,"nearby:42.9847396,-82.3773226@1000m"
ChIJOS3O80WDJYgRTe1cWhAJSo0,Subway,"889 Exmouth St, Sarnia, ON N7T 5R3, Canada",Sarnia,Zone 3 — Sarnia / Lambton County,corridor_nearby_search,"nearby:42.9847396,-82.3773226@1000m"
ChIJmXN89UWDJYgRtFqxG7Ig64Q,Sissio's Pizza,"869 Exmouth St, Sarnia, ON N7T 5R3, Canada",Sarnia,Zone 3 — Sarnia / Lambton County,corridor_nearby_search,"nearby:42.9847396,-82.3773226@1000m"
ChIJm4NgweQSL4gR2azFZmXsqxM,Western Union,"Arkona, ON N0M 1B0, Canada",Warwick,Zone 3 — Sarnia / Lambton County,corridor_nearby_search,"nearby:43.06601,-81.83433@1000m"
ChIJSYypcO0SL4gRF_Y0K5OCCJQ,Libro Credit Union – Branch – Arkona - No ATM,"7130 Arkona Rd, Arkona, ON N0M 1B0, Canada",Warwick,Zone 3 — Sarnia / Lambton County,corridor_nearby_search,"nearby:43.06601,-81.83433@1000m"
ChIJTZcpJuUSL4gR53PIcY9Q8D8,Arkona Hearing Clinic,"Box 217, 7335 Arkona Rd, Arkona, ON N0M 1B0, Canada",Warwick,Zone 3 — Sarnia / Lambton County,corridor_nearby_search,"nearby:43.06601,-81.83433@1000m"
ChIJy1MoCOMSL4gR3B0SXZGPD74,Elim Bible Chapel,"8457 Townsend Line, Arkona, ON N0M 1B0, Canada",Warwick,Zone 3 — Sarnia / Lambton County,corridor_nearby_search,"nearby:43.06601,-81.83433@1000m"
ChIJ_Xnmx3FxJYgRNRUAVO6aJSo,Courtright Fire Station,"1550 Eighth St, Courtright, ON N0N 1H0, Canada",Courtright,Zone 3 — Sarnia / Lambton County,corridor_nearby_search,"nearby:42.8144577,-82.4661699@1000m"
ChIJoe588nxxJYgR2IZ5QqoXLbU,Courtright United Church,"1540 Fourth St, Courtright, ON N0N 1H0, Canada",Courtright,Zone 3 — Sarnia / Lambton County,corridor_nearby_search,"nearby:42.8144577,-82.4661699@1000m"
ChIJF89jwhpxJYgR_-krhM6rlvk,White Church Gallery,"76 Thompson St, Courtright, ON N0N 1H0, Canada",Courtright,Zone 3 — Sarnia / Lambton County,corridor_nearby_search,"nearby:42.8144577,-82.4661699@1000m"
ChIJoe588nxxJYgRYjuCXJalebA,Courtright Library,"1533 Fourth St, Courtright, ON N0N 1H0, Canada",Courtright,Zone 3 — Sarnia / Lambton County,corridor_nearby_search,"nearby:42.8144577,-82.4661699@1000m"
ChIJVb27cn1xJYgRvMr3UbUTs-k,Courtright Post Office,"1550 St Clair Pkwy, Courtright, ON N0N 1H0, Canada",Courtright,Zone 3 — Sarnia / Lambton County,corridor_nearby_search,"nearby:42.8144577,-82.4661699@1000m"
ChIJbWJ8DAD3K4gRlTNcQI58Au8,Avesta Bistro,"1656 Snyder's Rd E, Petersburg, ON N0B 2L0, Canada",Parkhill,Zone 4 — London / Middlesex,corridor_nearby_search,"nearby:43.4120533,-80.6076868@1000m"
ChIJY8aQutz3K4gRvED8w4LEksI,Old Fashion Variety & Gas Bar,"1656 Snyder's Rd E, Petersburg, ON N0B 2L0, Canada",Parkhill,Zone 4 — London / Middlesex,corridor_nearby_search,"nearby:43.4120533,-80.6076868@1000m"
ChIJy6f1Hkz3K4gRkef_iTrU40E,Hamere Noah Kidanemihret Church,"1677 Snyder's Rd E, Petersburg, ON N0B 2H0, Canada",Parkhill,Zone 4 — London / Middlesex,corridor_nearby_search,"nearby:43.4120533,-80.6076868@1000m"
ChIJ3eXp4irtLogRyFB3s6CxSo0,Van Houtte Coffee Services,"15875 Robins Hill Rd, London, ON N5V 0A5, Canada",London,Zone 4 — London / Middlesex,corridor_nearby_search,"nearby:43.0284166,-81.16969979999999@1000m"
ChIJ8X4oSntdKYgR91MbJVQ-84I,Spectrum Graphics & Apparel,"650 Rocher Rd E Suite #1, Listowel, ON N4W 0B2, Canada",Bright,Zone 5 — Woodstock / Oxford County,corridor_nearby_search,"nearby:43.714416,-80.9586088@1000m"
ChIJZeuuv-V8L4gRp3pI1DTyTrQ,U-Haul Neighborhood Dealer,"3912 Egremont Rd, Camlachie, ON N0N 1E0, Canada",Camlachie,Zone 3 — Sarnia / Lambton County,corridor_nearby_search,"nearby:43.0353991,-82.16070649999999@1000m"
ChIJEdkfCON9L4gRbxbdm9dbcDY,The Plympton - Camlachie Chapel,"3939 Egremont Rd, Camlachie, ON N0N 1E0, Canada",Camlachie,Zone 3 — Sarnia / Lambton County,corridor_nearby_search,"nearby:43.0353991,-82.16070649999999@1000m"
ChIJGdzc2uV8L4gRlJox6Qdz_x4,Camlachie Fire Station,"6715 Camlachie Rd, Camlachie, ON N0N 1E0, Canada",Camlachie,Zone 3 — Sarnia / Lambton County,corridor_nearby_search,"nearby:43.0353991,-82.16070649999999@1000m"
ChIJGx7wHbN9L4gRgSeYC7FQczY,Knox Presbyterian & Camlachie Cemetery,"6677 Camlachie Rd, Camlachie, ON N0N 1E0, Canada",Camlachie,Zone 3 — Sarnia / Lambton County,corridor_nearby_search,"nearby:43.0353991,-82.16070649999999@1000m"
ChIJOVqTIe98L4gRT-wGBqYqX1s,The Plympton - Camlachie Chapel,"Plympton-Wyoming, ON N0N 1E0, Canada",Camlachie,Zone 3 — Sarnia / Lambton County,corridor_nearby_search,"nearby:43.0353991,-82.16070649999999@1000m"
ChIJOVqTIe98L4gRli9sT1qKRc0,The Plympton - Camlachie Chapel,"Plympton-Wyoming, ON N0N 1E0, Canada",Camlachie,Zone 3 — Sarnia / Lambton County,corridor_nearby_search,"nearby:43.0353991,-82.16070649999999@1000m"
ChIJ1Vvn2OV8L4gRPvNGM6CBBL0,Kubs Kinder Care In-home Daycare,"6735 Camlachie Rd, Camlachie, ON N0N 1E0, Canada",Camlachie,Zone 3 — Sarnia / Lambton County,corridor_nearby_search,"nearby:43.0353991,-82.16070649999999@1000m"
ChIJq9K9szd9L4gRMEoqGsjfAH4,Crystal Wilson Real Estate Agent,"3931 Arie Ct, Camlachie, ON N0N 1E0, Canada",Camlachie,Zone 3 — Sarnia / Lambton County,corridor_nearby_search,"nearby:43.0353991,-82.16070649999999@1000m"
ChIJafgvxeV8L4gRVpFMt6O_QEk,Camlachie Library,"6745 Camlachie Rd, Camlachie, ON N0N 1E0, Canada",Camlachie,Zone 3 — Sarnia / Lambton County,corridor_nearby_search,"nearby:43.0353991,-82.16070649999999@1000m"
ChIJN7w4cXiDJYgR75xht4QhUnY,Ma & Pa's Diner,"1173 Michener Rd, Sarnia, ON N7S 5G5, Canada",Sarnia,Zone 3 — Sarnia / Lambton County,corridor_nearby_search,"nearby:42.9578929,-82.3711727@1000m"
ChIJ92GLP9-CJYgRsP4-0Hd8c7k,Cranberry's Catering,"1173 Michener Rd #17, Sarnia, ON N7S 5G5, Canada",Sarnia,Zone 3 — Sarnia / Lambton County,corridor_nearby_search,"nearby:42.9578929,-82.3711727@1000m"
ChIJyXcsncrXOogRUIx_TQjk9sw,Kitchen Korner,"1620 Rossi Dr, Oldcastle, ON N0R 1L0, Canada",Windsor,Zone 1 — Windsor / Essex County,corridor_nearby_search,"nearby:42.2385028,-82.9741002@1000m"
ChIJ2Vf-FkX2LogRiPmymJKBlDE,Thomas Brothers Farm Market,"5856 Colonel Talbot Rd, London, ON N6P 1J1, Canada",London,Zone 4 — London / Middlesex,corridor_nearby_search,"nearby:42.8622928,-81.2807748@1000m"
ChIJNWgeTcnzK4gRW31pnGkAV04,Van Houtte Coffee Services,"265 Frobisher Dr #2, Waterloo, ON N2V 2G4, Canada",Brigden,Zone 3 — Sarnia / Lambton County,corridor_nearby_search,"nearby:43.5135434,-80.5208382@1000m"
ChIJ6423j5EtLIgRPONXsTHIJLA,Touchless Car Wash,"2 Drive in Rd, Courtland, ON N0J 1E0, Canada",Bayham,Zone 4 — London / Middlesex,corridor_nearby_search,"nearby:42.84417,-80.64865999999999@1000m"
ChIJA6TiIzSsLogRJnQQIBEVVgM,Stratford Suburban Motel,"2808 Ontario Street East, Line 34, Stratford, ON N5A 6S5, Canada",Dresden,Zone 2 — Chatham-Kent,corridor_nearby_search,"nearby:43.3704836,-80.9142588@1000m"
ChIJP3zjPIO2L4gRvhRf7hyTpXk,U-Haul Neighborhood Dealer,"263 Graham Rd, West Lorne, ON N0L 2P0, Canada",Southwest Middlesex,Zone 4 — London / Middlesex,corridor_nearby_search,"nearby:42.6063713,-81.6104932@1000m"
ChIJG6IppjuQK4gRiikkD30s6-A,Hampton Inn & Suites by Hilton Guelph,"725 Imperial Rd N, Guelph, ON N1K 1X4, Canada",Guelph,Zone 6 — Kitchener / Waterloo / Cambridge / Guelph,corridor_nearby_search,"nearby:43.5468765,-80.3066727@1000m"
ChIJ3Ug-7_fBOogRqY69zH037II,Aziz Fruit Stand & The Wooden Spoon Bakery,"415 Seacliff Dr E, Leamington, ON N8H 3V7, Canada",Lakeshore,Zone 1 — Windsor / Essex County,corridor_nearby_search,"nearby:42.0328327,-82.5903794@1000m"
ChIJ5_VpKxDBOogRS-KBLPQTcCA,The Hair Cafe,"1 Iroquois Rd #3, Leamington, ON N8H 3V7, Canada",Lakeshore,Zone 1 — Windsor / Essex County,corridor_nearby_search,"nearby:42.0328327,-82.5903794@1000m"
ChIJzQ5Xw6SjLIgRGoqhsVub53s,Rita's Kitchen & Decor,"895 Barton St, Stoney Creek, ON L8E 5G6, Canada",Stoney Point,Zone 1 — Windsor / Essex County,corridor_nearby_search,"nearby:43.2180973,-79.6803755@1000m"
ChIJ61XbFzGRK4gRwjyfhRSiNOI,El Milagro Food Truck,"7633 Hwy 6, Arthur, ON N0G 1A0, Canada",Centre Wellington,Zone 6 — Kitchener / Waterloo / Cambridge / Guelph,corridor_nearby_search,"nearby:43.8290608,-80.51770239999999@1000m"
ChIJb2cQysDHK4gRkgU3QNdcYsQ,Casa Verde Ice Cream Division,"7633 Hwy 6 Unit B, Arthur, ON N0G 1A0, Canada",Centre Wellington,Zone 6 — Kitchener / Waterloo / Cambridge / Guelph,corridor_nearby_search,"nearby:43.8290608,-80.51770239999999@1000m"
ChIJB6BWNlPXOogRrvzFAPpNVAA,CHURCH,"43 Fox St, Essex, ON N8M 2S1, Canada",Essex,Zone 1 — Windsor / Essex County,corridor_nearby_search,"nearby:42.1753022,-82.8201303@1000m"
ChIJi6Ku6SCVK4gRGtV9yg65ucc,Rivers Edge Realty Group,"515 Dickson Dr, Fergus, ON N1M 0B4, Canada",Fergus,Zone 6 — Kitchener / Waterloo / Cambridge / Guelph,corridor_nearby_search,"nearby:43.720857,-80.379584@1000m"
ChIJl0VE-8BdJYgR4baNILwikqo,Vape Shop Boys,"155 Nelson St, Wallaceburg, ON N8A 4G2, Canada",Wallaceburg,Zone 2 — Chatham-Kent,corridor_nearby_search,"nearby:42.594767,-82.38321959999999@1000m"
ChIJob9aZ0ldJYgR6t7CmzcbChg,Clock Tower Dental Centre,"210 James St, Wallaceburg, ON N8A 2N3, Canada",Wallaceburg,Zone 2 — Chatham-Kent,corridor_nearby_search,"nearby:42.594767,-82.38321959999999@1000m"
ChIJ3y_WwktdJYgRPkUHV0qlUJQ,Homeward Realty Inc.,"134 Duncan St, Wallaceburg, ON N8A 4E2, Canada",Wallaceburg,Zone 2 — Chatham-Kent,corridor_nearby_search,"nearby:42.594767,-82.38321959999999@1000m"
ChIJY-F4GVGbK4gRrAQi4Gfiwd8,Taco Bell,"20 Woodlawn Rd E, Guelph, ON N1H 1G7, Canada",Guelph,Zone 6 — Kitchener / Waterloo / Cambridge / Guelph,corridor_nearby_search,"nearby:43.566888,-80.2759272@1000m"
ChIJuw2mDoCaK4gRSOQi6HfZCXE,PharmaChoice Guelph Discount Pharmacy,"20 Woodlawn Rd E, Guelph, ON N1H 1G7, Canada",Guelph,Zone 6 — Kitchener / Waterloo / Cambridge / Guelph,corridor_nearby_search,"nearby:43.566888,-80.2759272@1000m"
ChIJZyHJB4CaK4gRBNNJT1dsY08,City Pizza,"20 Woodlawn Rd E, Guelph, ON N1H 1G7, Canada",Guelph,Zone 6 — Kitchener / Waterloo / Cambridge / Guelph,corridor_nearby_search,"nearby:43.566888,-80.2759272@1000m"
ChIJm_DJpmmbK4gRPddfKnzaUvA,GW Family Practice and Walk-In Clinic,"20 Woodlawn Rd E #7, Guelph, ON N1H 1G7, Canada",Guelph,Zone 6 — Kitchener / Waterloo / Cambridge / Guelph,corridor_nearby_search,"nearby:43.566888,-80.2759272@1000m"
ChIJayHJB4CaK4gRpVH5n_OidOI,Guelph Discount Pharmacy,"DISCOUNT PHARMACY, 20 Woodlawn Rd E #7, Guelph, ON N1H 1G7, Canada",Guelph,Zone 6 — Kitchener / Waterloo / Cambridge / Guelph,corridor_nearby_search,"nearby:43.566888,-80.2759272@1000m"
ChIJ8WmymUc6L4gRoss9pz5-Fzc,Subway,"32 Ontario St N, Grand Bend, ON N0M 1T0, Canada",Grand Bend,Zone 3 — Sarnia / Lambton County,corridor_nearby_search,"nearby:43.3138756,-81.7549877@1000m"
ChIJqR3cmDA6L4gR0IxeeAI1UKA,Grand Bend Massage Therapy Clinic,"37 ON-21, Grand Bend, ON N0M 1T0, Canada",Grand Bend,Zone 3 — Sarnia / Lambton County,corridor_nearby_search,"nearby:43.3138756,-81.7549877@1000m"
ChIJHe5wziw7L4gR3_tb8CqFoCs,Pizza Hut,"31 Ontario St N, Grand Bend, ON N0M 1T0, Canada",Grand Bend,Zone 3 — Sarnia / Lambton County,corridor_nearby_search,"nearby:43.3138756,-81.7549877@1000m"
ChIJe2xPAls7L4gRt8HFjbaGNF0,True North Vape Shop - Grand Bend,"31 Ontario St N Unit A, Grand Bend, ON N0M 1T0, Canada",Grand Bend,Zone 3 — Sarnia / Lambton County,corridor_nearby_search,"nearby:43.3138756,-81.7549877@1000m"
ChIJDeoFwDc6L4gRFY3zYwvEHYU,Sutton Group Select Realty Inc,"26 Ontario St N, Grand Bend, ON N0M 1T0, Canada",Grand Bend,Zone 3 — Sarnia / Lambton County,corridor_nearby_search,"nearby:43.3138756,-81.7549877@1000m"
ChIJjd1kdUc6L4gR1yU_35xBes0,Royal Le Page Heartland Realty,"31 Ontario St N Unit 4, Grand Bend, ON N0M 1T0, Canada",Grand Bend,Zone 3 — Sarnia / Lambton County,corridor_nearby_search,"nearby:43.3138756,-81.7549877@1000m"
ChIJ4z5kQBK-K4gRn_R1C8W1l00,The Local Barber Shop,"155 St David St N, Fergus, ON N1M 2W3, Canada",Fergus,Zone 6 — Kitchener / Waterloo / Cambridge / Guelph,corridor_nearby_search,"nearby:43.7059279,-80.3786308@1000m"
ChIJC7y1ahK-K4gRUyHb8j2jR3A,Horizon Family Restaurant,"135 St David St N, Fergus, ON N1M 2J5, Canada",Fergus,Zone 6 — Kitchener / Waterloo / Cambridge / Guelph,corridor_nearby_search,"nearby:43.7059279,-80.3786308@1000m"
ChIJ4X6OFBK-K4gRnRbWKAzjb60,The Vault Coffee & Espresso Bar,"101 St Andrew St W Unit #100, Fergus, ON N1M 1N6, Canada",Fergus,Zone 6 — Kitchener / Waterloo / Cambridge / Guelph,corridor_nearby_search,"nearby:43.7059279,-80.3786308@1000m"
ChIJaatb5b8uO4gRVWiNQ5I0BWs,Amour Fragrances & Beauty Boutique,"1555 Talbot Rd Unit 505 A, LaSalle, ON N9H 2N2, Canada",LaSalle,Zone 1 — Windsor / Essex County,corridor_nearby_search,"nearby:42.23963639999999,-83.0139811@1000m"
ChIJ1xgKm6AvO4gRrWtL3KbYb7g,Spice Wagon food truck,"1555 Talbot Rd, Windsor, ON N0R 1L0, Canada",LaSalle,Zone 1 — Windsor / Essex County,corridor_nearby_search,"nearby:42.23963639999999,-83.0139811@1000m"
ChIJC9YzeACNLogRIXEwi5TcSgE,London Fire Station 15,"2340 Old Victoria Rd, London, ON N6M 1B8, Canada",Thedford,Zone 3 — Sarnia / Lambton County,corridor_nearby_search,"nearby:42.9615723,-81.1356108@1000m"
ChIJyeTC7cGNLogRX516T4mCSYU,Bostwick Pioneer Cemetery,"1929 Hamilton Rd, London, ON N6M 1G6, Canada",Thedford,Zone 3 — Sarnia / Lambton County,corridor_nearby_search,"nearby:42.9615723,-81.1356108@1000m"
ChIJuaUzsBWNLogRE6UpOsrIhdw,London First Korean Presbyterian Church,"1844 Hamilton Rd, London, ON N6M 1G3, Canada",Thedford,Zone 3 — Sarnia / Lambton County,corridor_nearby_search,"nearby:42.9615723,-81.1356108@1000m"
ChIJtdRNhBWNLogRCk33OxfguJM,Forest City Baptist Church,"1832 Hamilton Rd, London, ON N6M 0G8, Canada",Thedford,Zone 3 — Sarnia / Lambton County,corridor_nearby_search,"nearby:42.9615723,-81.1356108@1000m"
ChIJfdUJWzVRLogRR_L5GN-Hazk,Pharmasave Shedden Pharmacy,"35855 Talbot Line, Shedden, ON N0L 2E0, Canada",Southwold,Zone 4 — London / Middlesex,corridor_nearby_search,"nearby:42.7395305,-81.3458212@1000m"
ChIJ2yHJY4NQLogRgBDx7Jp8HBg,"Southwold Township Library, Shedden","35921 Talbot Line, Shedden, ON N0L 2E0, Canada",Southwold,Zone 4 — London / Middlesex,corridor_nearby_search,"nearby:42.7395305,-81.3458212@1000m"
ChIJC7u0bGl8JYgRTQdlSPAc-5s,Brigden Community Baptist Church,"2389 Courtright Line, Brigden, ON N0N 1B0, Canada",St. Clair,Zone 3 — Sarnia / Lambton County,corridor_nearby_search,"nearby:42.8095559,-82.2841839@1000m"
ChIJW8YXuiB9JYgRjMJea8Itw-0,T&T CAFE AND BAKERY,"3011 Brigden Rd UNIT 1, Brigden, ON N0N 1B0, Canada",St. Clair,Zone 3 — Sarnia / Lambton County,corridor_nearby_search,"nearby:42.8095559,-82.2841839@1000m"
ChIJuaE4Mi23L4gR0cbCYxacEBc,Apostolic Christian Church (Nazarean),"281 Centre St, Rodney, ON N0L 2C0, Canada",Dawn-Euphemia,Zone 3 — Sarnia / Lambton County,corridor_nearby_search,"nearby:42.5775466,-81.6949207@1000m"
ChIJywvrUu71K4gRgoDynAGPPQs,Sunflower Thrift & Collectibles,"842 Victoria St N #2a, Kitchener, ON N2H 6S2, Canada",Kitchener,Zone 6 — Kitchener / Waterloo / Cambridge / Guelph,corridor_nearby_search,"nearby:43.4650888,-80.4674127@1000m"
ChIJEdzt-6X0K4gRu5GqlJZDn-E,"Royal LePage Wolle Realty, Brokerage: Velibor Perisic","842 Victoria St N Unit 15, Kitchener, ON N2B 3C1, Canada",Kitchener,Zone 6 — Kitchener / Waterloo / Cambridge / Guelph,corridor_nearby_search,"nearby:43.4650888,-80.4674127@1000m"
ChIJEdzt-6X0K4gReaMkQeUvAXQ,"Smith Jones - Royal LePage Wolle Realty, Brokerage","842 Victoria St N, Kitchener, ON N2B 3C1, Canada",Kitchener,Zone 6 — Kitchener / Waterloo / Cambridge / Guelph,corridor_nearby_search,"nearby:43.4650888,-80.4674127@1000m"
ChIJe8adfAT1K4gR_hwGbaqpi5k,Marcia Renner Royal LePage Wolle Realty,"842 Victoria St N, Kitchener, ON N2B 3C1, Canada",Kitchener,Zone 6 — Kitchener / Waterloo / Cambridge / Guelph,corridor_nearby_search,"nearby:43.4650888,-80.4674127@1000m"
ChIJAQAA-6X0K4gRr-VaUDm5EkU,"Royal LePage Wolle Realty, Brokerage , Krista van Goozen","842 Victoria St N, Kitchener, ON N2B 3C1, Canada",Kitchener,Zone 6 — Kitchener / Waterloo / Cambridge / Guelph,corridor_nearby_search,"nearby:43.4650888,-80.4674127@1000m"
ChIJL2RD6y69KogRTDYX3LnzlFE,Barrie Kitchen Saver Inc.,"245 John St, Barrie, ON L4N 2L4, Canada",Anderdon,Zone 1 — Windsor / Essex County,corridor_nearby_search,"nearby:44.3747671,-79.7063812@1000m"
ChIJO2z-qLCRK4gRiwR1iL80Jlo,Funken Auto Spa,"775 Woodlawn Rd W unit # 4, Guelph, ON N1K 1E9, Canada",Guelph,Zone 6 — Kitchener / Waterloo / Cambridge / Guelph,corridor_nearby_search,"nearby:43.5385332,-80.31212219999999@1000m"
ChIJAQDAJRYEL4gRfwtM0u3kCN4,Tia's Place - Portuguese Restaurant,"11 Front St W, Strathroy, ON N7G 1X5, Canada",Strathroy,Zone 4 — London / Middlesex,corridor_nearby_search,"nearby:42.9584693,-81.62471769999999@1000m"
ChIJsx7oSk_-LogRNM7Phl_c3bs,O-Joe Coffee,"9 Front St W, Strathroy, ON N7G 1X5, Canada",Strathroy,Zone 4 — London / Middlesex,corridor_nearby_search,"nearby:42.9584693,-81.62471769999999@1000m"
ChIJPzbuMskFL4gR0l5octY49qk,Café Babyccino,"7 Front St W, Strathroy, ON N7G 1X5, Canada",Strathroy,Zone 4 — London / Middlesex,corridor_nearby_search,"nearby:42.9584693,-81.62471769999999@1000m"
ChIJfxWkMBYEL4gR__qVVbjkSNA,Hamilton's Bakery,"12 Front St W, Strathroy, ON N7G 1X4, Canada",Strathroy,Zone 4 — London / Middlesex,corridor_nearby_search,"nearby:42.9584693,-81.62471769999999@1000m"
ChIJr-v9e2kFL4gRERqgt04wuLw,Cookie Bar Strathroy,"22 Front St W, Strathroy, ON N7G 1X4, Canada",Strathroy,Zone 4 — London / Middlesex,corridor_nearby_search,"nearby:42.9584693,-81.62471769999999@1000m"
ChIJg535G0vyK4gRTC9gO3QFZE4,Massage Therapy For Health and Sport Recovery,"225 Toman Dr #4, Waterloo, ON N2K 4H1, Canada",Waterloo,Zone 6 — Kitchener / Waterloo / Cambridge / Guelph,corridor_nearby_search,"nearby:43.51302370000001,-80.5196065@1000m"
ChIJ1bqRoMrzK4gRs8DvBq--2UA,St. Louis Bar & Grill,"283 Northfield Dr E Unit 1, Waterloo, ON N2J 4G8, Canada",Waterloo,Zone 6 — Kitchener / Waterloo / Cambridge / Guelph,corridor_nearby_search,"nearby:43.51302370000001,-80.5196065@1000m"
ChIJR3Bn-Q2QK4gRrXgvMMI7cPI,"Buns Master Bakery, Guelph","256 Silvercreek Pkwy N, Guelph, ON N1H 1E7, Canada",Guelph,Zone 6 — Kitchener / Waterloo / Cambridge / Guelph,corridor_nearby_search,"nearby:43.5466625,-80.2880833@1000m"
ChIJZ4ymV1FkLIgR-Vd4YIrleQM,Carol Kitchen Dance Centre,"92 Roy Blvd, Brantford, ON N3R 7K2, Canada",Belle River,Zone 1 — Windsor / Essex County,corridor_nearby_search,"nearby:43.171683,-80.2332086@1000m"
ChIJNUlnJy31L4gREUeKbbc6mVk,Burns Restaurant,"296 St George St N, Dresden, ON N0P 1M0, Canada",Dresden,Zone 2 — Chatham-Kent,corridor_nearby_search,"nearby:42.597086,-82.17889339999999@1000m"
ChIJNaatKS31L4gR9RNO0m8mMqw,North Dresden Baptist Church,"182 Trerice St W, Dresden, ON N0P 1M0, Canada",Dresden,Zone 2 — Chatham-Kent,corridor_nearby_search,"nearby:42.597086,-82.17889339999999@1000m"
ChIJ38FAwVf1L4gROM-p6kBmB4c,U-Haul Neighborhood Dealer,"295 St George St, Dresden, ON N0P 1M0, Canada",Dresden,Zone 2 — Chatham-Kent,corridor_nearby_search,"nearby:42.597086,-82.17889339999999@1000m"
ChIJcXXc4yz1L4gR-8xZq6qHjLw,North St at Dresden High School,"Dresden, ON N0P 1M0, Canada",Dresden,Zone 2 — Chatham-Kent,corridor_nearby_search,"nearby:42.597086,-82.17889339999999@1000m"
ChIJH0mvKCpDJYgR0mqHxOeejgY,U-Haul Neighborhood Dealer,"750 Gillard St, Wallaceburg, ON N8A 4Z5, Canada",Chatham Kent,Zone 2 — Chatham-Kent,corridor_nearby_search,"nearby:42.5816405,-82.3923617@1000m"
ChIJl2LbpN2RLogRK1w2-CCNZHw,Town & Country Pizza,"2008 Dorchester Rd, Dorchester, ON N0L 1G2, Canada",Thames Centre,Zone 4 — London / Middlesex,corridor_nearby_search,"nearby:42.98796189999999,-81.0578736@1000m"
ChIJNYakbuaRLogRD4kbfFNbyB0,Mill Pond Tap & Grill,"2008 Dorchester Rd, Dorchester, ON N0L 1G2, Canada",Thames Centre,Zone 4 — London / Middlesex,corridor_nearby_search,"nearby:42.98796189999999,-81.0578736@1000m"
ChIJVXzka5SRLogRgCVR6bIb5-8,Ultramar - Convenience Store,"4063 Hamilton Rd, Dorchester, ON N0L 1G2, Canada",Thames Centre,Zone 4 — London / Middlesex,corridor_nearby_search,"nearby:42.98796189999999,-81.0578736@1000m"
ChIJl2LbpN2RLogR6FyHvTJWFKU,Mill Pond Dental Care | Dorchester Dentist | Dr. Aya Al Rafea | Dr. Steven MacHardy,"4085 Hamilton Rd, Dorchester, ON N0L 1G2, Canada",Thames Centre,Zone 4 — London / Middlesex,corridor_nearby_search,"nearby:42.98796189999999,-81.0578736@1000m"
ChIJAQDQDl52JYgR7PrFn2dvQCU,"Dr. Nicolaas van As, Family Physician","704 Mara St #126, Point Edward, ON N7V 1X4, Canada",Sarnia,Zone 3 — Sarnia / Lambton County,corridor_nearby_search,"nearby:42.9900741,-82.40179309999999@1000m"
ChIJf9rvDbqdJYgRL1uutv65QxA,I.D.A. THE POINT CARE PHARMACY,"704 Mara St Unit 112, Point Edward, ON N7V 1X4, Canada",Sarnia,Zone 3 — Sarnia / Lambton County,corridor_nearby_search,"nearby:42.9900741,-82.40179309999999@1000m"
ChIJswirZtfdLogRnFNPYdRFH0Q,Pilates MVMT,"634 Longfield St Unit #1, Mount Brydges, ON N0L 1W0, Canada",Mount Brydges,Zone 4 — London / Middlesex,corridor_nearby_search,"nearby:42.90388859999999,-81.49474359999999@1000m"
ChIJU6_qDQn_LogR8Rv_dzqO7ok,Mt. Brydges Car Wash,"634 Longfield St, Mount Brydges, ON N0L 1W0, Canada",Mount Brydges,Zone 4 — London / Middlesex,corridor_nearby_search,"nearby:42.90388859999999,-81.49474359999999@1000m"
ChIJ2VjdIuBWLogRg9l0nydfQ2s,McArthur Cemetery,"36433 2 Line, Southwold, ON N0L 2G0, Canada",Southwold,Zone 4 — London / Middlesex,corridor_nearby_search,"nearby:42.7893699,-81.3925021@1000m"
ChIJnbDX0x9XLogRD2dJeAkB9AA,Serenity Now Yoga now Nik Balogh,"36499 2 Line, Southwold, ON N0L 2G0, Canada",Southwold,Zone 4 — London / Middlesex,corridor_nearby_search,"nearby:42.7893699,-81.3925021@1000m"
ChIJaUXw1S07L4gR3iZ1DrTnBzw,The Cottage Cafe,"71 River Rd, Grand Bend, ON N0M 1T0, Canada",Grand Bend,Zone 3 — Sarnia / Lambton County,corridor_nearby_search,"nearby:43.3130593,-81.7651479@1000m"
ChIJ733hqSM7L4gRKHUunuoHNiY,Space Cafe,"63 River Rd Unit 2B, Grand Bend, ON N0M 1T0, Canada",Grand Bend,Zone 3 — Sarnia / Lambton County,corridor_nearby_search,"nearby:43.3130593,-81.7651479@1000m"
ChIJF-hinwM7LIgRHRYMlTjfl2g,Ritchies Ice Cream & BBQ,"773121 Stover St S, Norwich, ON N0J 1P0, Canada",Norwich,Zone 5 — Woodstock / Oxford County,corridor_nearby_search,"nearby:42.9796749,-80.594667@1000m"
ChIJU9nWXX5DLogR99rn6tWFLfw,Radius Massage Therapy,"194 Main St, Port Stanley, ON N5L 1H6, Canada",Southwold,Zone 4 — London / Middlesex,corridor_nearby_search,"nearby:42.6635779,-81.213684@1000m"
ChIJc3rWThxDLogR_ZxElxb5g_Q,Kaleidoscope Yoga Studio,"194 Main St #9, Port Stanley, ON N5L 1H6, Canada",Southwold,Zone 4 — London / Middlesex,corridor_nearby_search,"nearby:42.6635779,-81.213684@1000m"
ChIJoc8ubgBDLogRk5sCpc4BuaI,Beechwood Beauty Co.,"194 Main St #6f, Port Stanley, ON N5L 1H6, Canada",Southwold,Zone 4 — London / Middlesex,corridor_nearby_search,"nearby:42.6635779,-81.213684@1000m"
ChIJq-FEtl8AWAQRj1rauO6S8q0,Kais Tattoo,"Dougall Ave, Windsor, ON N8X 1T6, Canada",Windsor,Zone 1 — Windsor / Essex County,corridor_nearby_search,"nearby:42.2846882,-83.0209603@1000m"
ChIJSZx5RvEtO4gRIF4v80Rlw3Y,Body Massage Therapy,"235 Eugenie St W Suite 105E, Windsor, ON N8X 2X7, Canada",Windsor,Zone 1 — Windsor / Essex County,corridor_nearby_search,"nearby:42.2846882,-83.0209603@1000m"
ChIJz3uIIfksO4gRprR1uTCk114,Windsor Career College,"235 Eugenie St W Suite 200, Windsor, ON N8X 2X7, Canada",Windsor,Zone 1 — Windsor / Essex County,corridor_nearby_search,"nearby:42.2846882,-83.0209603@1000m"
ChIJbxJxmpItO4gRM2NoEqLTgDQ,Modern Beauty & Wellness,"2530 Dougall Ave, Windsor, ON N8X 1T6, Canada",Windsor,Zone 1 — Windsor / Essex County,corridor_nearby_search,"nearby:42.2846882,-83.0209603@1000m"
ChIJgRDTJo8tO4gR30bcp2zvssE,ACA Tattoo,"2530 Dougall Ave, Windsor, ON N8X 1T6, Canada",Windsor,Zone 1 — Windsor / Essex County,corridor_nearby_search,"nearby:42.2846882,-83.0209603@1000m"
ChIJHwnBbQAHLIgRPXMDWppy0sU,Riverside Cemetery,"82 Bergey Ct, New Hamburg, ON N3A 2J5, Canada",Anderdon,Zone 1 — Windsor / Essex County,corridor_nearby_search,"nearby:43.375838,-80.69715599999999@1000m"
ChIJSUpbNtCLK4gR1zsChQQcDV0,Skilled Trades College of Canada - Cambridge Campus,"32 Cherry Blossom Rd, Cambridge, ON N3H 4R7, Canada",Kitchener,Zone 6 — Kitchener / Waterloo / Cambridge / Guelph,corridor_nearby_search,"nearby:43.4131379,-80.3807874@1000m"
ChIJDfffQwD1L4gRZuKCZ60KqGc,Falcon's Pub...Trackside,"1251 North St, Dresden, ON N0P 1M0, Canada",Dresden,Zone 2 — Chatham-Kent,corridor_nearby_search,"nearby:42.581117,-82.1787916@1000m"
ChIJKwwaKGvxBFMRr0yoXmLFDeo,Dollarama,"Highbury Mall, 1298 Trafalgar St, London, ON N5Z 1J1, Canada",London,Zone 4 — London / Middlesex,corridor_nearby_search,"nearby:42.9837736,-81.2023858@1000m"
ChIJrRdu4SkZLIgRIxhaf3rqWf8,5-Bedroom Spacious Townhouse - Apartment,"Woodstock, ON N4T 0L7, Canada",Woodstock,Zone 5 — Woodstock / Oxford County,corridor_nearby_search,"nearby:43.1452514,-80.7118835@1000m"
ChIJe_d5Hr8l1okRD7oP8F9nrgg,KK's Sunshine Diner (Temp Closed) fire 🔥,"Temp Closed Due to 🔥, 652 Dundas St E, Belleville, ON K8N 1G7, Canada",Belle River,Zone 1 — Windsor / Essex County,corridor_nearby_search,"nearby:44.1683089,-77.3381623@1000m"
ChIJqZzUlusv1okR5UbxgGEM-MQ,Starbucks Coffee Company,"620 Dundas St E, Belleville, ON K8N 1G7, Canada",Belle River,Zone 1 — Windsor / Essex County,corridor_nearby_search,"nearby:44.1683089,-77.3381623@1000m"
ChIJG4lgf0Av1okRoeNozJLL-_4,Domino's Pizza,"620 Dundas St E #2, Belleville, ON K8N 1G7, Canada",Belle River,Zone 1 — Windsor / Essex County,corridor_nearby_search,"nearby:44.1683089,-77.3381623@1000m"
ChIJfSYx4Qcv1okRzr9_sou99q4,Popeyes Louisiana Kitchen,"620 Dundas St E, Belleville, ON K8N 1G7, Canada",Belle River,Zone 1 — Windsor / Essex County,corridor_nearby_search,"nearby:44.1683089,-77.3381623@1000m"
ChIJPWq40aYv1okRYjqk0m4hhxc,DMS Montessori Preschool and Daycare Inc.,"610 Dundas St E, Belleville, ON K8N 1G7, Canada",Belle River,Zone 1 — Windsor / Essex County,corridor_nearby_search,"nearby:44.1683089,-77.3381623@1000m"
ChIJoXFAYikvO4gR4Hsv1zfFK2Q,Great Lakes Truck Driving School Inc.,"850 Division Rd, Windsor, ON N8N 0A3, Canada",Windsor,Zone 1 — Windsor / Essex County,corridor_nearby_search,"nearby:42.2663005,-82.9913067@1000m"
ChIJ0c_06tMtO4gRFbZrCWyBOuA,Highway Truck Driving School WINDSOR,"850 Division Rd, Windsor, ON N8W 5R9, Canada",Windsor,Zone 1 — Windsor / Essex County,corridor_nearby_search,"nearby:42.2663005,-82.9913067@1000m"
ChIJbX7KgXDTOogR_yrRou64kX0,Twenty Two Coffee House,"962 Old Tecumseh Rd Unit 2, Belle River, ON N8L 0Y9, Canada",Belle River,Zone 1 — Windsor / Essex County,corridor_nearby_search,"nearby:42.3010286,-82.78291200000001@1000m"
ChIJtznFITzTOogRU3TQsRA_hyA,Lakehouse Dental,"962 Old Tecumseh Rd Unit #3, Emeryville, ON N0R 1C0, Canada",Belle River,Zone 1 — Windsor / Essex County,corridor_nearby_search,"nearby:42.3010286,-82.78291200000001@1000m"
ChIJxZNHdR7TOogRIE_Onu9D6pY,Pizza House,"1000 Essex County Rd 22, Belle River, ON N8L 1B3, Canada",Belle River,Zone 1 — Windsor / Essex County,corridor_nearby_search,"nearby:42.3010286,-82.78291200000001@1000m"
ChIJGzU8ResFL4gRbFUl9Zp7qtk,Pharmacy on Metcalfe,"278 Metcalfe St W, Strathroy, ON N7G 1N3, Canada",Strathroy,Zone 4 — London / Middlesex,corridor_nearby_search,"nearby:42.9508411,-81.6295859@1000m"
ChIJkXdX_oe9KogRkLyhcYU5aQo,Cinnamon Kitchen Ltd.,"25 Saunders Rd, Barrie, ON L4N 9A7, Canada",Anderdon,Zone 1 — Windsor / Essex County,corridor_nearby_search,"nearby:44.32618189999999,-79.6784289@1000m"
ChIJmXjU7Bi9KogRBkRct7NQnYk,Nukkad Indian Kitchen - Barrie,"25 Saunders Rd Unit 2, Barrie, ON L4N 9A7, Canada",Anderdon,Zone 1 — Windsor / Essex County,corridor_nearby_search,"nearby:44.32618189999999,-79.6784289@1000m"
ChIJCZjm4-CtLogRU2YfjOgGbW8,Rover's Ranch Dog Daycare and Boarding,"212 Norfolk St, Stratford, ON N5A 3Z2, Canada",Tavistock,Zone 5 — Woodstock / Oxford County,corridor_nearby_search,"nearby:43.36113,-80.96458369999999@1000m"
ChIJF6szScytLogRq5s-Wm_gSIw,Howling Moon Catering,"251 Norfolk St, Stratford, ON N5A 3Z1, Canada",Tavistock,Zone 5 — Woodstock / Oxford County,corridor_nearby_search,"nearby:43.36113,-80.96458369999999@1000m"
ChIJibTLJPKtLogRWNOtcqkYtEw,Stratford Lawn Bowling Club,"251 Norfolk St, Stratford, ON N5A 3Z1, Canada",Tavistock,Zone 5 — Woodstock / Oxford County,corridor_nearby_search,"nearby:43.36113,-80.96458369999999@1000m"
ChIJ0z1MJfwFL4gRdeS7BRvRI7g,The Shops Barber,"51 Front St E, Strathroy, ON N7G 1Y5, Canada",Strathroy,Zone 4 — London / Middlesex,corridor_nearby_search,"nearby:42.960521,-81.6227984@1000m"
ChIJuUs1wu4FL4gROFDY8_0eTEQ,Front Nails Spa,"51 Front St E #2A, Strathroy, ON N7G 1Y5, Canada",Strathroy,Zone 4 — London / Middlesex,corridor_nearby_search,"nearby:42.960521,-81.6227984@1000m"
ChIJ71gR5BwFL4gRvSufG-0gUhs,Papa Johns Pizza,"51 Front St E, Strathroy, ON N7G 1Y5, Canada",Strathroy,Zone 4 — London / Middlesex,corridor_nearby_search,"nearby:42.960521,-81.6227984@1000m"
ChIJ88gRz3H9LogRHTB-1OpUYyI,Vital Beauty,"22663 Komoka Rd, Komoka, ON N0L 1R0, Canada",Komoka,Zone 4 — London / Middlesex,corridor_nearby_search,"nearby:42.9501246,-81.4384781@1000m"
ChIJIfzddQr9LogREeCvnNiH29I,Beyounique salon,"22663 Komoka Rd, Komoka, ON N0L 1R0, Canada",Komoka,Zone 4 — London / Middlesex,corridor_nearby_search,"nearby:42.9501246,-81.4384781@1000m"
ChIJPxJI6bZ3LIgReDDApOR4C8o,The Signman Realty Services Inc,"10 Clemens Ave, Cambridge, ON N3C 2W2, Canada",Anderdon,Zone 1 — Windsor / Essex County,corridor_nearby_search,"nearby:43.43165339999999,-80.31728269999999@1000m"
ChIJIUIWCV2JK4gR5rCS-fy3864,Hespeler Vape shop,"139 Queen St W, Cambridge, ON N3C 1G2, Canada",Anderdon,Zone 1 — Windsor / Essex County,corridor_nearby_search,"nearby:43.43165339999999,-80.31728269999999@1000m"
ChIJ35YXmeSIK4gRf0JPM2AsHN8,Queen / Harvey,"Cambridge, ON N3C 1G2, Canada",Anderdon,Zone 1 — Windsor / Essex County,corridor_nearby_search,"nearby:43.43165339999999,-80.31728269999999@1000m"
ChIJoX-2Zh-JK4gRBqLHAE9LqRw,U-Haul Neighborhood Dealer,"139 Queen St W, Cambridge, ON N3C 1G2, Canada",Anderdon,Zone 1 — Windsor / Essex County,corridor_nearby_search,"nearby:43.43165339999999,-80.31728269999999@1000m"
ChIJA2r6AuduL4gRClNENQlBnB4,COVID-19 vaccine location - The Shores Recreation Centre,"7883 Amtelecom Pkwy, Forest, ON N0N 1J0, Canada",Muirkirk,Zone 2 — Chatham-Kent,corridor_nearby_search,"nearby:43.1049999,-81.98539@1000m"
ChIJdwGX7uZuL4gRaqnv4A_xDb4,The Shores Recreation Centre,"7883 Amtelecom Pkwy, Forest, ON N0N 1J0, Canada",Muirkirk,Zone 2 — Chatham-Kent,corridor_nearby_search,"nearby:43.1049999,-81.98539@1000m"
ChIJWe94ieZuL4gRnmSsAFv0CPM,Pretty Pampered Salon,"104 King St E, Forest, ON N0N 1J0, Canada",Muirkirk,Zone 2 — Chatham-Kent,corridor_nearby_search,"nearby:43.1049999,-81.98539@1000m"
ChIJBdCXlw5vL4gRnW2DocSQogw,King's 21 Restaurant,"94 King St E, Forest, ON N0N 1J0, Canada",Muirkirk,Zone 2 — Chatham-Kent,corridor_nearby_search,"nearby:43.1049999,-81.98539@1000m"
ChIJ00dXPlnuK4gRTsX64K73ErI,Guys & Dolls Salon & Spa,"6 Memorial Ave, Elmira, ON N3B 2J9, Canada",Elmira,Zone 6 — Kitchener / Waterloo / Cambridge / Guelph,corridor_nearby_search,"nearby:43.599684,-80.5565154@1000m"
ChIJ31g1yo_uK4gRiZqSNq4RQbw,Turn Key Real Estate Brokerage,"5 Church St E, Elmira, ON N3B 2K7, Canada",Elmira,Zone 6 — Kitchener / Waterloo / Cambridge / Guelph,corridor_nearby_search,"nearby:43.599684,-80.5565154@1000m"
ChIJsRzSNI7uK4gRUZG1o6WfYYE,Shoppers Drug Mart,"11 Arthur St N, Elmira, ON N3B 1Z4, Canada",Elmira,Zone 6 — Kitchener / Waterloo / Cambridge / Guelph,corridor_nearby_search,"nearby:43.599684,-80.5565154@1000m"
ChIJXbwGNo7uK4gRJ8M2KVyaTHs,"RE/MAX Solid Gold Realty (II) Ltd., Brokerage: Leon Martin","3 Arthur St S, Elmira, ON N3B 2M4, Canada",Elmira,Zone 6 — Kitchener / Waterloo / Cambridge / Guelph,corridor_nearby_search,"nearby:43.599684,-80.5565154@1000m"
ChIJI3HIwq__L4gRA1EyoXmv_gw,Broadbent Cemetery,"Raleigh, Chatham-Kent, ON N0P 1G0, Canada",Chatham Kent,Zone 2 — Chatham-Kent,corridor_nearby_search,"nearby:42.3031212,-82.1428729@1000m"
ChIJZUtfp2mVK4gRLLWj3peOEh0,Drimmie Florist,"95 Metcalfe St, Elora, ON N0B 1S0, Canada",Elora,Zone 6 — Kitchener / Waterloo / Cambridge / Guelph,corridor_nearby_search,"nearby:43.6821537,-80.4302958@1000m"
ChIJZz76tDqVK4gRursn_vPu684,The Lodge Café,"90 Metcalfe St, Elora, ON N0B 1S0, Canada",Elora,Zone 6 — Kitchener / Waterloo / Cambridge / Guelph,corridor_nearby_search,"nearby:43.6821537,-80.4302958@1000m"
ChIJeTpgdlqVK4gRoSgets5h0t4,Church St. Clock Tower,"40 Church St, Elora, ON N0B 1S0, Canada",Elora,Zone 6 — Kitchener / Waterloo / Cambridge / Guelph,corridor_nearby_search,"nearby:43.6821537,-80.4302958@1000m"
ChIJ2-zQegBtLIgRkDNLrWspwmo,Flour Power Bakery,"31 Mechanic St, Paris, ON N3L 1K1, Canada",Paris,Zone 6 — Kitchener / Waterloo / Cambridge / Guelph,corridor_nearby_search,"nearby:43.19186,-80.3850891@1000m"
ChIJ1S65aNBtLIgRpou-KKHqUQU,Detour Cafe Paris,"31 Mechanic St #102, Paris, ON N3L 1K1, Canada",Paris,Zone 6 — Kitchener / Waterloo / Cambridge / Guelph,corridor_nearby_search,"nearby:43.19186,-80.3850891@1000m"
ChIJYeY-bgJtLIgRVwzSBg1kXco,Q’Vida juice bar,"31 Mechanic St, Paris, ON N3L 1K1, Canada",Paris,Zone 6 — Kitchener / Waterloo / Cambridge / Guelph,corridor_nearby_search,"nearby:43.19186,-80.3850891@1000m"
ChIJLeGebeC3OogR0Gcp3zMvDXk,Gallery 46 Tattoo,"7135 Middle Rd, Comber, ON N0P 1J0, Canada",Comber,Zone 1 — Windsor / Essex County,corridor_nearby_search,"nearby:42.2330483,-82.53951959999999@1000m"
ChIJNUhgPNzAOogRTdQizhpyUjw,Days Inn by Wyndham Leamington,"201 Erie St N, Leamington, ON N8H 3A5, Canada",Leamington,Zone 1 — Windsor / Essex County,corridor_nearby_search,"nearby:42.0634004,-82.60795159999999@1000m"
ChIJv2DYZP6NK4gRb2OSjVgD1Hw,Townsend Convenience & Vape Shop,"Unit #11, 10 Townsend Dr Unit #15, Breslau, ON N0B 1M0, Canada",Breslau,Zone 6 — Kitchener / Waterloo / Cambridge / Guelph,corridor_nearby_search,"nearby:43.4855852,-80.4164259@1000m"
ChIJceUCgZ-NK4gR2ilSgGgJHj8,Pizza La Villa Breslau,"10 Townsend Dr #14, Breslau, ON N0B 1M0, Canada",Breslau,Zone 6 — Kitchener / Waterloo / Cambridge / Guelph,corridor_nearby_search,"nearby:43.4855852,-80.4164259@1000m"
ChIJwwCFwd6NK4gRZl-wbBXEXP0,Breslau Commons Pharmacy (Pharmasave),"10 Townsend Dr #10, Breslau, ON N0B 1M0, Canada",Breslau,Zone 6 — Kitchener / Waterloo / Cambridge / Guelph,corridor_nearby_search,"nearby:43.4855852,-80.4164259@1000m"
ChIJxzFrXW5gLogR8hpBwx_IS28,BAPTIST CHURCH PLANTING MINISTRY,"320 Highbury Ave S, St Thomas, ON N5P 0A5, Canada",St. Thomas,Zone 4 — London / Middlesex,corridor_nearby_search,"nearby:42.8024905,-81.1531022@1000m"
ChIJCSawFuOhL4gREtP87M3OV5U,Krista Shepley RMT - Alvinston Massage Therapy,"3100 Broadway St, Alvinston, ON N0N 1A0, Canada",Alvinston,Zone 3 — Sarnia / Lambton County,corridor_nearby_search,"nearby:42.8127945,-81.8587854@1000m"
ChIJW-3O-K2hL4gREzo9OEQC9CQ,"The Church, The Art Studio Of Liana Russwurm","3210 Church St, Alvinston, ON N0N 1A0, Canada",Alvinston,Zone 3 — Sarnia / Lambton County,corridor_nearby_search,"nearby:42.8127945,-81.8587854@1000m"
ChIJBWpkl7ShL4gR8c62q5X1Yw0,I.D.A. ALVINSTON PHARMACY,"3231 River St, Alvinston, ON N0N 1A0, Canada",Alvinston,Zone 3 — Sarnia / Lambton County,corridor_nearby_search,"nearby:42.8127945,-81.8587854@1000m"
ChIJ-Wi2mVY9O4gRD7pWVxRKWr8,The Gentleman's Reserve Barber Co.,"274 Dalhousie St Unit 103, Amherstburg, ON N9V 0E8, Canada",Amherstburg,Zone 1 — Windsor / Essex County,corridor_nearby_search,"nearby:42.1014033,-83.1127113@1000m"
ChIJFwwHGCo9O4gRItZ_7wk20ts,Burger 67,"273 Dalhousie St, Amherstburg, ON N9V 1X1, Canada",Amherstburg,Zone 1 — Windsor / Essex County,corridor_nearby_search,"nearby:42.1014033,-83.1127113@1000m"
ChIJozdb3YQ8O4gRF2B8mSc4Zy8,Artisan Grill,"269 Dalhousie St, Amherstburg, ON N9V 1X1, Canada",Amherstburg,Zone 1 — Windsor / Essex County,corridor_nearby_search,"nearby:42.1014033,-83.1127113@1000m"
ChIJywbN6YQ8O4gRG8FldRLq1Sk,Royal Sushi House,"259 Dalhousie St, Amherstburg, ON N9V 1W8, Canada",Amherstburg,Zone 1 — Windsor / Essex County,corridor_nearby_search,"nearby:42.1014033,-83.1127113@1000m"
ChIJNfNFhQM9O4gRKlVwv9bNRII,Lavender Hair Lounge,"262 Dalhousie St, Amherstburg, ON N9V 1W7, Canada",Amherstburg,Zone 1 — Windsor / Essex County,corridor_nearby_search,"nearby:42.1014033,-83.1127113@1000m"
ChIJ4U9K-S89O4gRor73B95toTI,The Local Barber,"262 Dalhousie St, Amherstburg, ON N9V 1W7, Canada",Amherstburg,Zone 1 — Windsor / Essex County,corridor_nearby_search,"nearby:42.1014033,-83.1127113@1000m"
ChIJjSWn3h09O4gRQpiwztXW258,Purple Vixen Beauty,"262 Dalhousie St Suite 1, Amherstburg, ON N9V 1W7, Canada",Amherstburg,Zone 1 — Windsor / Essex County,corridor_nearby_search,"nearby:42.1014033,-83.1127113@1000m"
ChIJAXA2tllkLogRJ44x2P_ihRE,Jaffa Cemetery,"Malahide, ON N5H 2R4, Canada",Central Elgin,Zone 4 — London / Middlesex,corridor_nearby_search,"nearby:42.723507,-81.0345127@1000m"
ChIJC1vFQV4zO4gREgvL5zrpkCk,Maya's Catering & Food Truck,"3746 Sandwich St., Windsor, ON N9C 1B7, Canada",Windsor,Zone 1 — Windsor / Essex County,corridor_nearby_search,"nearby:42.290959,-83.081321@1000m"
ChIJieFGoHcyO4gR80EPPODV3iA,Travellers Choice Motel - Windsor,"deliON, 3665 Sandwich St., Windsor, ON N9C 1B8, Canada",Windsor,Zone 1 — Windsor / Essex County,corridor_nearby_search,"nearby:42.290959,-83.081321@1000m"
ChIJSWT7w3cyO4gR4YhafiZ0R-8,Sandwich First Baptist Church,"3652 Peter St, Windsor, ON N9C 1J7, Canada",Windsor,Zone 1 — Windsor / Essex County,corridor_nearby_search,"nearby:42.290959,-83.081321@1000m"
ChIJUbVI5UQzO4gRLuOT7cWuoi4,Sandwich Street Apartments - York Property,"3655 Sandwich St., Windsor, ON N9C 1B8, Canada",Windsor,Zone 1 — Windsor / Essex County,corridor_nearby_search,"nearby:42.290959,-83.081321@1000m"
ChIJIfQRdLQzO4gRvTI9Amw1NhM,Sohnii Jewelry,"Peter St, Windsor, ON N9C 1K2, Canada",Windsor,Zone 1 — Windsor / Essex County,corridor_nearby_search,"nearby:42.290959,-83.081321@1000m"
ChIJh4htIE-HLogRUzZxFvdvfEc,Church At Springfield,"51296 Ron McNeil Line, Springfield, ON N0L 2J0, Canada",Springfield,Zone 4 — London / Middlesex,corridor_nearby_search,"nearby:42.8303234,-80.9324@1000m"
ChIJu6qXQnGHLogRQ9HsXpZHqs4,Springfield United Church,"51149 Ron McNeil Line, Springfield, ON N0L 2J0, Canada",Springfield,Zone 4 — London / Middlesex,corridor_nearby_search,"nearby:42.8303234,-80.9324@1000m"
ChIJTwzrFHmHLogR7VOWxzIfOmc,TOWNSHIP PIZZA & SUBS,"51144 Ron McNeil Line, Springfield, ON N0L 2J0, Canada",Springfield,Zone 4 — London / Middlesex,corridor_nearby_search,"nearby:42.8303234,-80.9324@1000m"
ChIJqzpsz9QeLIgRQKT8bLshI1E,Little Mango Tree - Yoga and Holistic Health,"51120 Ron McNeil Line, Springfield, ON N0L 2J0, Canada",Springfield,Zone 4 — London / Middlesex,corridor_nearby_search,"nearby:42.8303234,-80.9324@1000m"
ChIJ-ZiwhnGHLogRcs45AWmvyrE,Springfield Library,"12105 Whittaker Rd, Springfield, ON N0L 2J0, Canada",Springfield,Zone 4 — London / Middlesex,corridor_nearby_search,"nearby:42.8303234,-80.9324@1000m"
ChIJS3olCe9dJYgRY2Z1IcK8EiA,Taco Bell,"60 McNaughton Ave, Wallaceburg, ON N8A 1R9, Canada",Chatham Kent,Zone 2 — Chatham-Kent,corridor_nearby_search,"nearby:42.5825121,-82.3855786@1000m"
ChIJFcY_lVXDOogRzJiRO2u6hMw,South Detroit Pizza Co.,"86 Wigle Ave Unit 42, Kingsville, ON N9Y 2J8, Canada",Leamington,Zone 1 — Windsor / Essex County,corridor_nearby_search,"nearby:42.0345221,-82.7290664@1000m"
ChIJockCB1UrO4gR3kS8yYN5mSA,M.Y. Beauty Life,"2795 Kew Dr, Windsor, ON N8T 3B7, Canada",Windsor,Zone 1 — Windsor / Essex County,corridor_nearby_search,"nearby:42.30550239999999,-82.9377087@1000m"
ChIJZeNlp3IrO4gRwu40jsh_D80,Stem & Stone Massage Therapy Clinic,"2795 Kew Dr, Windsor, ON N8T 3B7, Canada",Windsor,Zone 1 — Windsor / Essex County,corridor_nearby_search,"nearby:42.30550239999999,-82.9377087@1000m"
ChIJWRx8LYyRK4gRg5boBWNd4j4,Guelph Auto Salon (GAS),"11 Malcolm Rd, Guelph, ON N1K 1A7, Canada",Guelph,Zone 6 — Kitchener / Waterloo / Cambridge / Guelph,corridor_nearby_search,"nearby:43.53829409999999,-80.3183907@1000m"
ChIJY4qq3d9mKYgRP0tNshFYKoI,Fresh Start Bakery,"6012 Perth County Line 88, Gowanstown, ON N0G 1Y0, Canada",Listowel,Zone 6 — Kitchener / Waterloo / Cambridge / Guelph,corridor_nearby_search,"nearby:43.7674678,-80.9261913@1000m"
ChIJfcXf_xFnKYgRFJFUVIj-GXY,Listowel Country Inn,"8500 Road 164 #23N, Listowel, ON N4W 3G6, Canada",Listowel,Zone 6 — Kitchener / Waterloo / Cambridge / Guelph,corridor_nearby_search,"nearby:43.7674678,-80.9261913@1000m"
ChIJ1XFy0B7VOogRcEfv0S2sbjQ,B.A.R.E. Essentials Spa - Laser Hair Removal,"9 Amy Croft Dr, Tecumseh, ON N9K 1C7, Canada",Tecumseh,Zone 1 — Windsor / Essex County,corridor_nearby_search,"nearby:42.3068064,-82.8688129@1000m"
ChIJ1XFy0B7VOogRcfjYC1xBScY,Spaxs Nail Bar,"9 Amy Croft Dr, Lakeshore, ON N8N 2L9, Canada",Tecumseh,Zone 1 — Windsor / Essex County,corridor_nearby_search,"nearby:42.3068064,-82.8688129@1000m"
ChIJeYK87vPVOogRwJoOxgjreIo,Lune Dessert Cafe & Green Nest,"9 Amy Croft Dr Unit 3, Windsor, ON N9K 1C7, Canada",Tecumseh,Zone 1 — Windsor / Essex County,corridor_nearby_search,"nearby:42.3068064,-82.8688129@1000m"
ChIJ7-_zAOnUOogR1ONUv_b1JMQ,Dollar Tree,"19 Amy Croft Dr, Windsor, ON N9K 1C7, Canada",Tecumseh,Zone 1 — Windsor / Essex County,corridor_nearby_search,"nearby:42.3068064,-82.8688129@1000m"
ChIJX4Rjk-nUOogR9ZZDJrDiTQ4,Wendy's,"5 Amy Croft Dr RR 1, Tecumseh, ON N9K 1C7, Canada",Tecumseh,Zone 1 — Windsor / Essex County,corridor_nearby_search,"nearby:42.3068064,-82.8688129@1000m"
ChIJc9Eu1R_VOogRqQOViDSwzU8,Boston Pizza,"4 Amy Croft Dr, Windsor, ON N9K 0A1, Canada",Tecumseh,Zone 1 — Windsor / Essex County,corridor_nearby_search,"nearby:42.3068064,-82.8688129@1000m"
ChIJpa5d3OTVOogRGu9o45LVc0M,Beachside Pharmacy,"16 Amy Croft Dr, Lakeshore, ON N9K 0A1, Canada",Tecumseh,Zone 1 — Windsor / Essex County,corridor_nearby_search,"nearby:42.3068064,-82.8688129@1000m"
ChIJzeSo6n8tO4gR35k85AVFAoQ,The Temple of Wellness,"31 Giles Blvd E, Windsor, ON N9A 4B6, Canada",Windsor,Zone 1 — Windsor / Essex County,corridor_nearby_search,"nearby:42.3060259,-83.0311447@1000m"
ChIJI_dlIAj_LogRh_bGVzDX2oE,The Bell Tower Massage Therapy & Spa,"22443 Adelaide Rd, Mount Brydges, ON N0L 1W0, Canada",Mount Brydges,Zone 4 — London / Middlesex,corridor_nearby_search,"nearby:42.905863,-81.4935596@1000m"
ChIJw1lpOwy9K4gRpBMc2U8ZtLk,All in the Details - Auto Detailing,"8127 Wellington County Rd 18, Fergus, ON N1M 2W5, Canada",Fergus,Zone 6 — Kitchener / Waterloo / Cambridge / Guelph,corridor_nearby_search,"nearby:43.7162131,-80.34790679999999@1000m"
ChIJFWpExoS_K4gR0aIhCt7SWrk,MV Real Estate Brokerage,"8072 Wellington County Rd 18, Fergus, ON N1M 2W5, Canada",Fergus,Zone 6 — Kitchener / Waterloo / Cambridge / Guelph,corridor_nearby_search,"nearby:43.7162131,-80.34790679999999@1000m"
ChIJXRFfY4r-K4gRcaJUocQ8Vfg,Cook's Pharmacy,"1201 Queens Bush Rd, Wellesley, ON N0B 2T0, Canada",Wellesley,Zone 6 — Kitchener / Waterloo / Cambridge / Guelph,corridor_nearby_search,"nearby:43.4773464,-80.7647078@1000m"
ChIJAdr5P4r-K4gRbtX3XP9LHTg,Centre For Family Medicine Ahp,"Wellesley, ON N0B 2T0, Canada",Wellesley,Zone 6 — Kitchener / Waterloo / Cambridge / Guelph,corridor_nearby_search,"nearby:43.4773464,-80.7647078@1000m"
ChIJSWccjIr-K4gR0N0C9uByiJE,Karyn E. Shantz Massage Therapy & Reflexology,"3710 Nafziger Rd, Wellesley, ON N0B 2T0, Canada",Wellesley,Zone 6 — Kitchener / Waterloo / Cambridge / Guelph,corridor_nearby_search,"nearby:43.4773464,-80.7647078@1000m"
ChIJ0zstf4r-K4gRRdsXknbJRtM,Wellesley Dental,"1215 Queens Bush Rd #2, Wellesley, ON N0B 2T0, Canada",Wellesley,Zone 6 — Kitchener / Waterloo / Cambridge / Guelph,corridor_nearby_search,"nearby:43.4773464,-80.7647078@1000m"
ChIJz2ob0qqzOogR6kahywb4Exg,Tilbury Dental Centre (Dr. Jennifer Claridge),"59 Mill St E, Tilbury, ON N0P 2L0, Canada",Lakeshore,Zone 1 — Windsor / Essex County,corridor_nearby_search,"nearby:42.2678605,-82.4132683@1000m"
ChIJA3cSc0yzOogRsyzHdV9vO8E,Pizza Hut,"59 Mill St E, Tilbury, ON N0P 2L0, Canada",Lakeshore,Zone 1 — Windsor / Essex County,corridor_nearby_search,"nearby:42.2678605,-82.4132683@1000m"
ChIJS1RQIF64LogRs2yqUh-ozmE,Coldwell Banker Homefield Legacy Realty Brokerage,"150 Queen St E, St. Marys, ON N4X 0B5, Canada",St. Marys,Zone 4 — London / Middlesex,corridor_nearby_search,"nearby:43.2592881,-81.1416718@1000m"
ChIJS1RQIF64LogRxOhNP2vsPmM,Marty Thomson Real Estate,"150 Queen St E, St. Marys, ON N4X 0B5, Canada",St. Marys,Zone 4 — London / Middlesex,corridor_nearby_search,"nearby:43.2592881,-81.1416718@1000m"
ChIJNTFroGC4LogRiZzFl5OxURY,Four Happy Restaurant,"139 Queen St E, St. Marys, ON N4X 1A4, Canada",St. Marys,Zone 4 — London / Middlesex,corridor_nearby_search,"nearby:43.2592881,-81.1416718@1000m"
ChIJ5yD_n2C4LogR4vWEwKNFHs0,O'Grady's Clothing and Accessories,"158 Queen St E, St. Marys, ON N4X 1B9, Canada",St. Marys,Zone 4 — London / Middlesex,corridor_nearby_search,"nearby:43.2592881,-81.1416718@1000m"
ChIJEa7GH164LogR7dnzORN2YyM,Snapping Turtle Coffee Roasters,"145 Queen St E, St. Marys, ON N4X 1A9, Canada",St. Marys,Zone 4 — London / Middlesex,corridor_nearby_search,"nearby:43.2592881,-81.1416718@1000m"
ChIJ9XB2rRRXJYgRygSpI54epbw,Limitless Apparel,"23871 Winter Line Rd, Pain Court, ON N0P 1Z0, Canada",Chatham Kent,Zone 2 — Chatham-Kent,corridor_nearby_search,"nearby:42.3820689,-82.2802332@1000m"
ChIJEyJeuF1RJYgRNIkzOTdkRQA,St Thomas Anglican Church,"7081 Grande River Line, Pain Court, ON N0P 1Z0, Canada",Chatham Kent,Zone 2 — Chatham-Kent,corridor_nearby_search,"nearby:42.3820689,-82.2802332@1000m"
ChIJ__-_dbqpLogRaP_DgWp2yMU,Cemetery,"118 Woodstock St S, Tavistock, ON N0B 2R0, Canada",Tavistock,Zone 5 — Woodstock / Oxford County,corridor_nearby_search,"nearby:43.31866830000001,-80.8460083@1000m"
ChIJ44vs8bCpLogR54QoafUXmgM,Convenience Store,"Tavistock, ON N0B 2R0, Canada",Tavistock,Zone 5 — Woodstock / Oxford County,corridor_nearby_search,"nearby:43.31866830000001,-80.8460083@1000m"
ChIJhffN9tEYLIgRtlmktgRRgMI,Tulip Motel,"Near Toyota Plant, 1275 Dundas St, Woodstock, ON N4S 7V9, Canada",Woodstock,Zone 5 — Woodstock / Oxford County,corridor_nearby_search,"nearby:43.13724819999999,-80.7152043@1000m"
ChIJb1ptaDYfLIgRL1Jw2nIGJbs,The Learning Hive - Private School and Tutoring,"1295 Dundas St Unit 2, Woodstock, ON N4S 7V9, Canada",Woodstock,Zone 5 — Woodstock / Oxford County,corridor_nearby_search,"nearby:43.13724819999999,-80.7152043@1000m"
ChIJ4f_-9tEYLIgR3S-Nqfkutig,Tulip Motel,"Woodstock, ON N4S 7V9, Canada",Woodstock,Zone 5 — Woodstock / Oxford County,corridor_nearby_search,"nearby:43.13724819999999,-80.7152043@1000m"
ChIJAQAAJX_zLogRP3GAQ2apRqE,Flying Squirrel Trampoline Park,"4380 Wellington Rd S, London, ON N6E 2Z8, Canada",London,Zone 4 — London / Middlesex,corridor_nearby_search,"nearby:42.9183511,-81.2057502@1000m"
ChIJH3E90njzLogRTBKxn9tz_AU,Subway,"4380 Wellington Rd S Unit 1A, London, ON N6E 2Z6, Canada",London,Zone 4 — London / Middlesex,corridor_nearby_search,"nearby:42.9183511,-81.2057502@1000m"
ChIJN3UhvFGVK4gR9egvQj6MUIQ,ODINHAUS ELORA - One-Bedroom Apartment,"Centre Wellington, ON N0B 1S0, Canada",Elora,Zone 6 — Kitchener / Waterloo / Cambridge / Guelph,corridor_nearby_search,"nearby:43.68846300000001,-80.45103200000001@1000m"
ChIJg3UXWE2VK4gRykbZB2h94TA,Grand River Community Church,"7438 Wellington Rd 18, Elora, ON N0B 1S0, Canada",Elora,Zone 6 — Kitchener / Waterloo / Cambridge / Guelph,corridor_nearby_search,"nearby:43.68846300000001,-80.45103200000001@1000m"
ChIJ9UYrftiVK4gRC2HJphKAjuI,Goldies Thrift Shop + Ice Cream,"93 Woolwich St W, Elora, ON N0B 1S0, Canada",Elora,Zone 6 — Kitchener / Waterloo / Cambridge / Guelph,corridor_nearby_search,"nearby:43.68846300000001,-80.45103200000001@1000m"
ChIJn68umFaVK4gR9DsXJkDhKd0,The Victoria Suite in Elora- King Bed - One-Bedroom Apartment,"Salem, ON N0B 1S0, Canada",Elora,Zone 6 — Kitchener / Waterloo / Cambridge / Guelph,corridor_nearby_search,"nearby:43.68846300000001,-80.45103200000001@1000m"
ChIJjyY8rOOhL4gR6RURy03qTLY,Mrs. Mitchells Hair Salon,"8082 Centre St, Alvinston, ON N0N 1A0, Canada",Alvinston,Zone 3 — Sarnia / Lambton County,corridor_nearby_search,"nearby:42.821178,-81.866333@1000m"
ChIJNT2RueOhL4gRLLtCa65BU_g,Alvinston Library,"3251 River St, Alvinston, ON N0N 1A0, Canada",Alvinston,Zone 3 — Sarnia / Lambton County,corridor_nearby_search,"nearby:42.821178,-81.866333@1000m"
ChIJvWnLzRybK4gRN0XKLniy3QE,New 2 bedroom legal basement apartment,"Guelph, ON N1E 5P7, Canada",Guelph,Zone 6 — Kitchener / Waterloo / Cambridge / Guelph,corridor_nearby_search,"nearby:43.5541989,-80.2277424@1000m"
ChIJ19JGBrGaK4gRjIbXJIouIlY,One Leg Up Canine Co. – Dog Training & Daycare,"52 Victoria Rd S, Guelph, ON N1E 5P6, Canada",Guelph,Zone 6 — Kitchener / Waterloo / Cambridge / Guelph,corridor_nearby_search,"nearby:43.5541989,-80.2277424@1000m"
ChIJmc0iN4SbK4gRlrkTBumJJnA,Queen's Café Casual Dining,"48 Victoria Rd S, Guelph, ON N1E 5P6, Canada",Guelph,Zone 6 — Kitchener / Waterloo / Cambridge / Guelph,corridor_nearby_search,"nearby:43.5541989,-80.2277424@1000m"
ChIJFYSO4_v1K4gRBTJPfp_EGGE,Luxe Realty Team,"385 Frederick St Unit 32, Kitchener, ON N2H 6S1, Canada",Kitchener,Zone 6 — Kitchener / Waterloo / Cambridge / Guelph,corridor_nearby_search,"nearby:43.4570249,-80.4726292@1000m"
ChIJYVvN5g_1K4gRZflNxhtzGDk,Kitchener Krown Dental,"385 Frederick St, Kitchener, ON N2H 2P2, Canada",Kitchener,Zone 6 — Kitchener / Waterloo / Cambridge / Guelph,corridor_nearby_search,"nearby:43.4570249,-80.4726292@1000m"
ChIJAQAAbLz0K4gRMmXM5w5Nl7I,"HOMELIFE POWER REALTY INC., BROKERAGE*: Rob Piombini","385 Frederick St Unit 32, Kitchener, ON N2H 6S1, Canada",Kitchener,Zone 6 — Kitchener / Waterloo / Cambridge / Guelph,corridor_nearby_search,"nearby:43.4570249,-80.4726292@1000m"
ChIJ_79zEWf1K4gRNMuhpIIxneo,Palm Valley Indian Restaurant,"Frederick Mall, 385 Frederick St #34, Kitchener, ON N2H 2P2, Canada",Kitchener,Zone 6 — Kitchener / Waterloo / Cambridge / Guelph,corridor_nearby_search,"nearby:43.4570249,-80.4726292@1000m"
ChIJrfXS78L1K4gRoezegosg2Xk,Hitesh Bodar - KWC Real Estate Agent,"385 Frederick St #23b, Kitchener, ON N2H 2P3, Canada",Kitchener,Zone 6 — Kitchener / Waterloo / Cambridge / Guelph,corridor_nearby_search,"nearby:43.4570249,-80.4726292@1000m"
ChIJoTHpDrK8K4gRAYparB0kJ1c,The Bicycle Tailor,"6237 6 Line, Belwood, ON N0B 1J0, Canada",Centre Wellington,Zone 6 — Kitchener / Waterloo / Cambridge / Guelph,corridor_nearby_search,"nearby:43.7441789,-80.2758819@1000m"
ChIJS8bDHKTXOogRXWjILtoxoDU,Mike's coffee cafe,"340 Allen Ave, Essex, ON N8M 3G6, Canada",Lakeshore,Zone 1 — Windsor / Essex County,corridor_nearby_search,"nearby:42.1769121,-82.83509219999999@1000m"
ChIJd0iEY0g6L4gRt7y4KREOmAI,Grand Bend Library,"15 Gill Rd, Grand Bend, ON N0M 1T0, Canada",Grand Bend,Zone 3 — Sarnia / Lambton County,corridor_nearby_search,"nearby:43.3108036,-81.75545609999999@1000m"
ChIJtYRaL1A5L4gRfnVVehCrEVw,Mike Sloan - Grand Bend Real Estate with Royal LePage Triland Realty,"2 81 Crescent St, Grand Bend, ON N0M 1T0, Canada",Grand Bend,Zone 3 — Sarnia / Lambton County,corridor_nearby_search,"nearby:43.3108036,-81.75545609999999@1000m"
ChIJI9uzWh87L4gRToj2S_4W6QY,New Life Community Church Grand Bend,"4 Gill Rd, Grand Bend, ON N0M 1T0, Canada",Grand Bend,Zone 3 — Sarnia / Lambton County,corridor_nearby_search,"nearby:43.3108036,-81.75545609999999@1000m"
ChIJbbMUem8PLIgR58UYtwrzTY4,Plattsville Post Office,"11 Albert St W, Plattsville, ON N0J 1S0, Canada",Plattsville,Zone 5 — Woodstock / Oxford County,corridor_nearby_search,"nearby:43.3027824,-80.6211075@1000m"
ChIJ45RaDW8PLIgRKPr8wMWmGwk,Plattsville Church,"19 Albert St E, Plattsville, ON N0J 1S0, Canada",Plattsville,Zone 5 — Woodstock / Oxford County,corridor_nearby_search,"nearby:43.3027824,-80.6211075@1000m"
ChIJnwcdnWUPLIgR67-WRELm1i8,Plattsville Dental,"43 Albert St W #8, Plattsville, ON N0J 1S0, Canada",Plattsville,Zone 5 — Woodstock / Oxford County,corridor_nearby_search,"nearby:43.3027824,-80.6211075@1000m"
ChIJWe_R6m4PLIgRW3AOOLjF5jA,Plattsville Guardian Pharmacy,"47 Albert St W, Plattsville, ON N0J 1S0, Canada",Plattsville,Zone 5 — Woodstock / Oxford County,corridor_nearby_search,"nearby:43.3027824,-80.6211075@1000m"
ChIJZerOoGUPLIgRyFLuTSh7k1g,Plattsville Variety Store,"51 Albert Street West, Oxford 42 Rd, Plattsville, ON N0J 1S0, Canada",Plattsville,Zone 5 — Woodstock / Oxford County,corridor_nearby_search,"nearby:43.3027824,-80.6211075@1000m"
ChIJKR6afW8PLIgRUk7AM43XoNE,Peace United Church,"20 Samuel St, Plattsville, ON N0J 1S0, Canada",Plattsville,Zone 5 — Woodstock / Oxford County,corridor_nearby_search,"nearby:43.3027824,-80.6211075@1000m"
ChIJ-abZ_yg0LIgRjN3qXXJywh8,Maple Leaf Motel,"381 Talbot Rd, Delhi, ON N4B 2A1, Canada",Delhi,Zone 5 — Woodstock / Oxford County,corridor_nearby_search,"nearby:42.8564859,-80.510493@1000m"
ChIJD69yYz01LIgRA3xK1v89c8M,U-Haul Neighborhood Dealer,"420 Talbot Rd, Delhi, ON N4B 2A5, Canada",Delhi,Zone 5 — Woodstock / Oxford County,corridor_nearby_search,"nearby:42.8564859,-80.510493@1000m"
ChIJ-cirjSg0LIgRvnfJwkig-Ss,Dell Motel,"420 Talbot Rd, Delhi, ON N4B 2A5, Canada",Delhi,Zone 5 — Woodstock / Oxford County,corridor_nearby_search,"nearby:42.8564859,-80.510493@1000m"
ChIJU5_t0xcEL4gRARyzZ0tRn0k,Nicole Bartlett - Coldwell Banker Star Real Estate,"93 Frank St, Strathroy, ON N7G 2R5, Canada",Strathroy,Zone 4 — London / Middlesex,corridor_nearby_search,"nearby:42.9574763,-81.62494559999999@1000m"
ChIJU5_t0xcEL4gR9iEYQvlBY_o,"Coldwell Banker Star Real Estate, brokerage","93 Frank St, Strathroy, ON N7G 2R5, Canada",Strathroy,Zone 4 — London / Middlesex,corridor_nearby_search,"nearby:42.9574763,-81.62494559999999@1000m"
ChIJZyydaNAFL4gRA1KOZzNYZAE,DEATH WISH TATTOO,"87 Frank St, Strathroy, ON N7G 2R5, Canada",Strathroy,Zone 4 — London / Middlesex,corridor_nearby_search,"nearby:42.9574763,-81.62494559999999@1000m"
ChIJZZKp1SQFL4gRT2H1h9Kuc7o,"Nicole Miller, Real Estate Agent, Platinum Key Realty","95 Frank St, Strathroy, ON N7G 2R5, Canada",Strathroy,Zone 4 — London / Middlesex,corridor_nearby_search,"nearby:42.9574763,-81.62494559999999@1000m"
ChIJOSsu0RcEL4gRF7mGMfKUt-Q,Holme Realty,"85 Frank St, Strathroy, ON N7G 2R5, Canada",Strathroy,Zone 4 — London / Middlesex,corridor_nearby_search,"nearby:42.9574763,-81.62494559999999@1000m"
ChIJpVX1t_AzK4gRvTe98IDrZDU,Rosehill Massage Therapy,"95 Frank St, Strathroy, ON N7G 2R5, Canada",Strathroy,Zone 4 — London / Middlesex,corridor_nearby_search,"nearby:42.9574763,-81.62494559999999@1000m"
ChIJY32n1RcEL4gRLnmPhYFY3lw,Shirley Miller - Real Estate Agent,"93 Frank St, Strathroy, ON N7G 2R5, Canada",Strathroy,Zone 4 — London / Middlesex,corridor_nearby_search,"nearby:42.9574763,-81.62494559999999@1000m"
ChIJ661cCtMFL4gRq0R4lkU5Z3A,Hassan Hamze Mortgage Broker Maventure Mortgage Co. FSRA#13556,"97 Frank St, Strathroy, ON N7G 2R5, Canada",Strathroy,Zone 4 — London / Middlesex,corridor_nearby_search,"nearby:42.9574763,-81.62494559999999@1000m"
ChIJq9mbNy8FL4gRTcTC39hz9c0,Provocative Sweets,"79 Frank St, Strathroy, ON N7G 2R5, Canada",Strathroy,Zone 4 — London / Middlesex,corridor_nearby_search,"nearby:42.9574763,-81.62494559999999@1000m"
ChIJL__1rrT1K4gRflLx5bgjAIo,The Salvation Army Thrift Store,"563 Highland Rd W, Kitchener, ON N2M 5K2, Canada",Kitchener,Zone 6 — Kitchener / Waterloo / Cambridge / Guelph,corridor_nearby_search,"nearby:43.4342044,-80.5166363@1000m"
ChIJMdnGKVL0K4gRbJQYydtiZpY,Shoppers Drug Mart,"563 Highland Rd W, Kitchener, ON N2M 5K2, Canada",Kitchener,Zone 6 — Kitchener / Waterloo / Cambridge / Guelph,corridor_nearby_search,"nearby:43.4342044,-80.5166363@1000m"
ChIJu4GCnPghVUARO9Y2zYsJHZ8,DAN Real Estate Depot,"525 Highland Rd W Suite 265, Kitchener, ON N2M 5P4, Canada",Kitchener,Zone 6 — Kitchener / Waterloo / Cambridge / Guelph,corridor_nearby_search,"nearby:43.4342044,-80.5166363@1000m"
ChIJYXUvS8KJK4gROcloEnIwgds,Cambridge Fire Station 6,"485 Boxwood Dr, Cambridge, ON N3E 0A7, Canada",Shrewsbury,Zone 2 — Chatham-Kent,corridor_nearby_search,"nearby:43.425272,-80.3621229@1000m"
ChIJq86wwGH4L4gRha3xgIFpK0Q,LightHouse Dental Chatham,"185 Grand Ave W, Chatham, ON N7L 1C2, Canada",Chatham,Zone 2 — Chatham-Kent,corridor_nearby_search,"nearby:42.4035383,-82.19700139999999@1000m"
ChIJpfWg6GH4L4gRRua5QsG7BXA,Chatham Burger,"215 Grand Ave W, Chatham, ON N7L 1C3, Canada",Chatham,Zone 2 — Chatham-Kent,corridor_nearby_search,"nearby:42.4035383,-82.19700139999999@1000m"
ChIJey745GH4L4gRAETLiXZKKug,Grand West Dental | Dentists in Chatham Kent,"227 Grand Ave W, Chatham, ON N7L 1C3, Canada",Chatham,Zone 2 — Chatham-Kent,corridor_nearby_search,"nearby:42.4035383,-82.19700139999999@1000m"
ChIJTyjS_WH4L4gRpEeq6UdOx4s,Grand Ave W at St Agnes Church,"Chatham, ON N7L 1C3, Canada",Chatham,Zone 2 — Chatham-Kent,corridor_nearby_search,"nearby:42.4035383,-82.19700139999999@1000m"
ChIJyawYDFkrO4gRLBNeFdTn2Dg,Silver Streak Auto Spa,"2740 Jefferson Blvd Unit 5, Windsor, ON N8T 3C7, Canada",Windsor,Zone 1 — Windsor / Essex County,corridor_nearby_search,"nearby:42.30432649999999,-82.9448675@1000m"
ChIJ08mO3_wqO4gRXKxTa3N2aVM,East Windsor Massage Therapy Clinic,"2740 Jefferson Blvd, Windsor, ON N8T 3C7, Canada",Windsor,Zone 1 — Windsor / Essex County,corridor_nearby_search,"nearby:42.30432649999999,-82.9448675@1000m"
ChIJ--zznlUV04kRDEUbOHfpK9o,OraCare Dental,"749 Garrison Rd, Fort Erie, ON L2A 1N6, Canada",Erie Beach,Zone 2 — Chatham-Kent,corridor_nearby_search,"nearby:42.9033245,-78.9410197@1000m"
ChIJhVg4nMeDJYgRh2w93_cBzxA,Black & McDonald,"1149 Vanier Rd unit 7, Sarnia, ON N7S 3Y6, Canada",Sarnia,Zone 3 — Sarnia / Lambton County,corridor_nearby_search,"nearby:42.95711559999999,-82.3733943@1000m"
ChIJE5YGs0wHL4gRj1d8ItHFrQ4,Dobrentey Farm Market,"7321 Calvert Dr, Strathroy, ON N7G 3H5, Canada",Strathroy,Zone 4 — London / Middlesex,corridor_nearby_search,"nearby:42.9249516,-81.6427327@1000m"
ChIJlTDrprW5LogRP_p_ejCiPYI,The Well Arts Cafe,"119 Guest Ct, St. Marys, ON N4X 1C9, Canada",St. Marys,Zone 4 — London / Middlesex,corridor_nearby_search,"nearby:43.27452050000001,-81.1275957@1000m"
ChIJURpBpPu3L4gR4fdKk9lGwEg,LCBO,"243 Furnival Rd, Rodney, ON N0L 2C0, Canada",Dutton-Dunwich,Zone 4 — London / Middlesex,corridor_nearby_search,"nearby:42.5680577,-81.6845563@1000m"
ChIJaTSXY9-3L4gRVIFI9QawvQM,Wendy St Dennis,"247 Furnival Rd, Rodney, ON N0L 2C0, Canada",Dutton-Dunwich,Zone 4 — London / Middlesex,corridor_nearby_search,"nearby:42.5680577,-81.6845563@1000m"
ChIJZy6cdWe3L4gReQ0DjHLbHmc,Saint T Apparel,"242 Furnival Rd, Rodney, ON N0L 2C0, Canada",Dutton-Dunwich,Zone 4 — London / Middlesex,corridor_nearby_search,"nearby:42.5680577,-81.6845563@1000m"
ChIJNwA9AFQR1okRWmGS5hK8keo,A&W Canada,"27585 ON-401 Eastbound, Dutton, ON N0L 1J0, Canada",Dutton-Dunwich,Zone 4 — London / Middlesex,corridor_nearby_search,"nearby:42.6440907,-81.56070199999999@1000m"
ChIJYWPOIl6zL4gRYLYrBfnyz7c,Popeyes Louisiana Kitchen,"27585 ON-401 Eb, Dutton, ON N0L 1J0, Canada",Dutton-Dunwich,Zone 4 — London / Middlesex,corridor_nearby_search,"nearby:42.6440907,-81.56070199999999@1000m"
ChIJQScLTEOzL4gR7EkrcJq_LKw,Popeyes Louisiana Kitchen,"290 ON-401, Dutton, ON N0L 1J0, Canada",Dutton-Dunwich,Zone 4 — London / Middlesex,corridor_nearby_search,"nearby:42.6440907,-81.56070199999999@1000m"
ChIJnxujQ9uzL4gRNeGxmq7S-Pc,A&W Canada,"27585 ON-401, Dutton, ON N0L 1J0, Canada",Dutton-Dunwich,Zone 4 — London / Middlesex,corridor_nearby_search,"nearby:42.6440907,-81.56070199999999@1000m"
ChIJC_dbFQObK4gR1VaxO8DyZO4,Guelph Christian Life Church,"3 Watson Rd S, Guelph, ON N1E 6Y9, Canada",Guelph,Zone 6 — Kitchener / Waterloo / Cambridge / Guelph,corridor_nearby_search,"nearby:43.5639108,-80.2055926@1000m"
ChIJXSYfQXr1L4gRFY2vk5BVTVc,Diamond Mobile Auto Detailing Dresden,"272 Brown St, Dresden, ON N0P 1M0, Canada",Dresden,Zone 2 — Chatham-Kent,corridor_nearby_search,"nearby:42.5915518,-82.18347589999999@1000m"
ChIJ1Y3sdi71L4gRM0Vvyk4-ZZI,LCBO,"188 Lindsley St W, Dresden, ON N0P 1M0, Canada",Dresden,Zone 2 — Chatham-Kent,corridor_nearby_search,"nearby:42.5915518,-82.18347589999999@1000m"
ChIJwV9kmzfzK4gRX6F4Jt7a150,Slick Finish Auto Detailing,"30 Howard Pl #4, Kitchener, ON N2K 2Z4, Canada",Cedar Springs,Zone 2 — Chatham-Kent,corridor_nearby_search,"nearby:43.4779363,-80.4647439@1000m"
ChIJf6xED1K1OogRVVL4imoSnJ8,Chez Danielle Unisex Hair Salon,"6640 Tecumseh Rd, Stoney Point, ON N0R 1N0, Canada",Lakeshore,Zone 1 — Windsor / Essex County,corridor_nearby_search,"nearby:42.3051761,-82.55267549999999@1000m"
ChIJZydFYQa1OogRu-97gSBBpio,Stoney Point Mini Mart with LCBO and Beer outlet,"6957 Tecumseh Rd, Stoney Point, ON N0R 1N0, Canada",Lakeshore,Zone 1 — Windsor / Essex County,corridor_nearby_search,"nearby:42.3051761,-82.55267549999999@1000m"
ChIJAf7xiI61OogRke6ZjTwUZo8,U-Haul Neighborhood Dealer,"6957 Tecumseh Rd, Stoney Point, ON N0R 1N0, Canada",Lakeshore,Zone 1 — Windsor / Essex County,corridor_nearby_search,"nearby:42.3051761,-82.55267549999999@1000m"
ChIJlaMTOky1OogRpoWg55fW3f0,Healthpoint pharmacy & WalkinClinic&Blood lab,"7034 Tecumseh Rd, Stoney Point, ON N0R 1N0, Canada",Lakeshore,Zone 1 — Windsor / Essex County,corridor_nearby_search,"nearby:42.3051761,-82.55267549999999@1000m"
ChIJZXxVmxTVOogRPp6WoToNdtI,The Hair Boutique,"1614 Lesperance Rd, Windsor, ON N8N 4Y9, Canada",Tecumseh,Zone 1 — Windsor / Essex County,corridor_nearby_search,"nearby:42.3060831,-82.8832412@1000m"
ChIJPxFewCjVOogRIefxRaZ416c,Manoushii Lebanese Bakery,"Located inside of Tabouli, 1614 Lesperance Rd Unit #5, Tecumseh, ON N8N 4Y9, Canada",Tecumseh,Zone 1 — Windsor / Essex County,corridor_nearby_search,"nearby:42.3060831,-82.8832412@1000m"
ChIJTxWDrAjVOogR_OBRPruYkUc,The Wellness Bar,"Inside of Wellness Market/Studio Plunge, 1614 Lesperance Rd, Tecumseh, ON N8N 1Y3, Canada",Tecumseh,Zone 1 — Windsor / Essex County,corridor_nearby_search,"nearby:42.3060831,-82.8832412@1000m"
ChIJxbgzlBTVOogRWVUHwMMrc4Y,Blue Sky Garden Restaurant,"1614 Lesperance Rd, Windsor, ON N8N 1Y3, Canada",Tecumseh,Zone 1 — Windsor / Essex County,corridor_nearby_search,"nearby:42.3060831,-82.8832412@1000m"
ChIJBw7HWxPVOogRmJFmcJTe4OQ,Tecumseh Family Dental,"1614 Lesperance Rd, Tecumseh, ON N8N 1Y3, Canada",Tecumseh,Zone 1 — Windsor / Essex County,corridor_nearby_search,"nearby:42.3060831,-82.8832412@1000m"
ChIJBw7HWxPVOogR6eljxwYVrU4,Pure Day Spa,"1614 Lesperance Rd, Windsor, ON N8N 1Y2, Canada",Tecumseh,Zone 1 — Windsor / Essex County,corridor_nearby_search,"nearby:42.3060831,-82.8832412@1000m"
ChIJs3DqiXZdKYgRiC5nt_QuSaI,Peaks and Valleys CrossFit,"275 Rocher Rd E, Listowel, ON N4W 0B2, Canada",Grand Bend,Zone 3 — Sarnia / Lambton County,corridor_nearby_search,"nearby:43.7141498,-80.9620154@1000m"
ChIJsTHFOQ9fKYgRM71ap8_CPBk,idesign Kitchen Studio,"1180 Wallace Ave S, Listowel, ON N4W 0B2, Canada",Grand Bend,Zone 3 — Sarnia / Lambton County,corridor_nearby_search,"nearby:43.7141498,-80.9620154@1000m"
ChIJ3QyNUYAtO4gRIBjLKiUmvSc,Guardian Lincoln Road Pharmacy,"1574 Lincoln Rd, Windsor, ON N8Y 2J4, Canada",Windsor,Zone 1 — Windsor / Essex County,corridor_nearby_search,"nearby:42.3067415,-83.0033259@1000m"
ChIJD7DhegBdJYgR9elhzWfgglM,Riverview Cemetery,"1050 Wallace St, Wallaceburg, ON N8A 4L3, Canada",Wallaceburg,Zone 2 — Chatham-Kent,corridor_nearby_search,"nearby:42.5990816,-82.35838729999999@1000m"
ChIJQagkwkVdJYgR4djkAUq1ugU,Serendipity Gift Shop,"325 Margaret Ave, Wallaceburg, ON N8A 2A7, Canada",Wallaceburg,Zone 2 — Chatham-Kent,corridor_nearby_search,"nearby:42.5990816,-82.35838729999999@1000m"
ChIJfRLl7xvf1IkRfND9F7yt2E0,Academy of Learning Computer & Business Career College,"1550 Kingston Rd, Pickering, ON L1V 1X6, Canada",Kerwood,Zone 4 — London / Middlesex,corridor_nearby_search,"nearby:43.8440008,-79.0816243@1000m"
ChIJNRvCXhnf1IkRYYPQS8toROs,Sheridan Dental Centre,"1550 Kingston Rd Unit 12, Pickering, ON L1V 6W9, Canada",Kerwood,Zone 4 — London / Middlesex,corridor_nearby_search,"nearby:43.8440008,-79.0816243@1000m"
ChIJC1p9C9jf1IkRoH3ty5TgK14,E and A Nails & Spa,"1550 Kingston Rd unit 9, Pickering, ON L1V 6W9, Canada",Kerwood,Zone 4 — London / Middlesex,corridor_nearby_search,"nearby:43.8440008,-79.0816243@1000m"
ChIJ4QxnSuHf1IkR1Ux9F6i9e6s,Azul Resto.Lounge,"1550 Kingston Rd unit 22, Pickering, ON L1V 1C3, Canada",Kerwood,Zone 4 — London / Middlesex,corridor_nearby_search,"nearby:43.8440008,-79.0816243@1000m"
ChIJYeg3agHtLogRKena90KDI54,Clintkutz Barbing Salon,"425 First St #7B, London, ON N5W 5K5, Canada",London,Zone 4 — London / Middlesex,corridor_nearby_search,"nearby:43.0005809,-81.1958348@1000m"
ChIJj_c5ze7tLogRW66jvkX42Q4,AK’s Barber Shop,"1498 Dundas St, London, ON N5W 3B9, Canada",London,Zone 4 — London / Middlesex,corridor_nearby_search,"nearby:43.0005809,-81.1958348@1000m"
ChIJIxQEdlzjL4gRtp_hAU6ouIk,Level Up! Arcade & Bowling,"130 Marlborough St N, Blenheim, ON N0P 1A0, Canada",Chatham Kent,Zone 2 — Chatham-Kent,corridor_nearby_search,"nearby:42.3335716,-82.00769210000001@1000m"
ChIJR4aifHTjL4gR0y3x5QRo9qU,St Mary's Church,"95 Marlborough St N, Blenheim, ON N0P 1A0, Canada",Chatham Kent,Zone 2 — Chatham-Kent,corridor_nearby_search,"nearby:42.3335716,-82.00769210000001@1000m"
ChIJK_Qxp8_zK4gRXj9PglrcAgM,Davenport Catering,"100 Frobisher Dr #6, Waterloo, ON N2V 2A1, Canada",Waterloo,Zone 6 — Kitchener / Waterloo / Cambridge / Guelph,corridor_nearby_search,"nearby:43.50585179999999,-80.5302813@1000m"
ChIJCZhJWUwfLIgReth1o2qYEMI,KC Auto Spa,"965 Keyes Dr, Woodstock, ON N4V 1C3, Canada",Woodstock,Zone 5 — Woodstock / Oxford County,corridor_nearby_search,"nearby:43.1207606,-80.72486099999999@1000m"
ChIJh5qP90sfLIgRkKgtvT0tRFY,Allanti Beauty Institute + Allanti Beauty Supply & Spa,"964 Parkinson Rd, Woodstock, ON N4S 4A6, Canada",Woodstock,Zone 5 — Woodstock / Oxford County,corridor_nearby_search,"nearby:43.1207606,-80.72486099999999@1000m"
ChIJicxTTgAfLIgR4m809M9rKps,Dale Kitchen and Bath,"966 Parkinson Rd, Woodstock, ON N4S 4A6, Canada",Woodstock,Zone 5 — Woodstock / Oxford County,corridor_nearby_search,"nearby:43.1207606,-80.72486099999999@1000m"
ChIJvWb_6pHzK4gRT9YTXsk0sj0,Property Management Kitchener-Waterloo - PMT,"560 Conestogo Rd, Waterloo, ON N2L 4E3, Canada",Kerwood,Zone 4 — London / Middlesex,corridor_nearby_search,"nearby:43.4984346,-80.53797949999999@1000m"
ChIJA5DXhBGDJYgR3YNxvm6as6U,Sarnia Veterinary Urgent Care,"817 Phillip St, Sarnia, ON N7T 1Z7, Canada",Sarnia,Zone 3 — Sarnia / Lambton County,corridor_nearby_search,"nearby:42.9623254,-82.38153@1000m"
ChIJ-ZYkbtJtLIgR2_r00Yzal2I,Portland St Cemetery,"3V3, Portland St, Brant, ON N3L 2H9, Canada",Paris,Zone 6 — Kitchener / Waterloo / Cambridge / Guelph,corridor_nearby_search,"nearby:43.19820780000001,-80.3754501@1000m"
ChIJA9CGb9JtLIgRHbkJRCgOSyU,Old Anglican Paris Cemetery,"Paris, Brant, ON N3L 3V3, Canada",Paris,Zone 6 — Kitchener / Waterloo / Cambridge / Guelph,corridor_nearby_search,"nearby:43.19820780000001,-80.3754501@1000m"
ChIJ9R6hZ9JtLIgR5GL9M52vhEU,St James Anglican Church Cemetery,"Brant, ON N3L 3V3, Canada",Paris,Zone 6 — Kitchener / Waterloo / Cambridge / Guelph,corridor_nearby_search,"nearby:43.19820780000001,-80.3754501@1000m"
ChIJAQAAX9JtLIgRCGomm5S6XzM,Cemetery,"Brant, ON N3L 3V3, Canada",Paris,Zone 6 — Kitchener / Waterloo / Cambridge / Guelph,corridor_nearby_search,"nearby:43.19820780000001,-80.3754501@1000m"
ChIJD79aBQBtLIgRhQEQxm85G_Q,Arena,"104 Walnut St, Paris, ON N3L 2K1, Canada",Paris,Zone 6 — Kitchener / Waterloo / Cambridge / Guelph,corridor_nearby_search,"nearby:43.19820780000001,-80.3754501@1000m"
ChIJE7LxPgCjLogRLRR0A9KC7KE,The Highland Ice Cream,"103 Commissioner St, Embro, ON N0J 1J0, Canada",East Zorra-Tavistock,Zone 5 — Woodstock / Oxford County,corridor_nearby_search,"nearby:43.1548413,-80.90041339999999@1000m"
ChIJyXPuZjSKK4gR3_sUdlron0A,Airborne Trampoline KW,"115 Saltsman Dr, Cambridge, ON N3H 4R7, Canada",Dawn-Euphemia,Zone 3 — Sarnia / Lambton County,corridor_nearby_search,"nearby:43.4195468,-80.3810894@1000m"
ChIJvQ-lgQbDOogRgXesc9j6vx0,Fire House Catering,"958 Road 2 E a, Kingsville, ON N9Y 2E5, Canada",Kingsville,Zone 1 — Windsor / Essex County,corridor_nearby_search,"nearby:42.0506487,-82.7037424@1000m"
ChIJ9xXJYIr-K4gRh4l-uGGScEI,Wellesley Preschool,"157 David St, Wellesley, ON N0B 2T0, Canada",Wellesley,Zone 6 — Kitchener / Waterloo / Cambridge / Guelph,corridor_nearby_search,"nearby:43.47039849999999,-80.7676747@1000m"
ChIJKT-Ms1j-K4gRPs3VvitM55s,Wellesley Mennonite Church,"157 David St, Wellesley, ON N0B 2T0, Canada",Wellesley,Zone 6 — Kitchener / Waterloo / Cambridge / Guelph,corridor_nearby_search,"nearby:43.47039849999999,-80.7676747@1000m"
ChIJlT8_4f__K4gRLn8YqNs9tQo,Wellesley Auto Spa,"148 David St, Wellesley, ON N0B 2T0, Canada",Wellesley,Zone 6 — Kitchener / Waterloo / Cambridge / Guelph,corridor_nearby_search,"nearby:43.47039849999999,-80.7676747@1000m"
ChIJmykmoVj-K4gR_xkjLsPjm9I,Definitive Kitchen & Bath Solutions,"3536 Nafziger Rd, Wellesley, ON N0B 2T0, Canada",Wellesley,Zone 6 — Kitchener / Waterloo / Cambridge / Guelph,corridor_nearby_search,"nearby:43.47039849999999,-80.7676747@1000m"
ChIJb_zxUgDvK4gRJuJnBr_9-kA,Ma & Pa's Kitchen,"325 Arthur St S, Elmira, ON N3B 2P5, Canada",Arkona,Zone 3 — Sarnia / Lambton County,corridor_nearby_search,"nearby:43.5809983,-80.5607763@1000m"
ChIJRd-g52juK4gRk_LNBzGGFKs,Convenience Store,"Arthur St S, Elmira, ON N3B 3N2, Canada",Arkona,Zone 3 — Sarnia / Lambton County,corridor_nearby_search,"nearby:43.5809983,-80.5607763@1000m"
ChIJuQWKbK_vK4gRx-bQUW-W0iA,Burger King,"325 Arthur St S, Elmira, ON N3B 3L5, Canada",Arkona,Zone 3 — Sarnia / Lambton County,corridor_nearby_search,"nearby:43.5809983,-80.5607763@1000m"
ChIJAQMeOmnuK4gRLrCX4KziJ8U,Elmira Car Wash,"110 Earl Martin Dr, Elmira, ON N3B 3N2, Canada",Arkona,Zone 3 — Sarnia / Lambton County,corridor_nearby_search,"nearby:43.5809983,-80.5607763@1000m"
ChIJmzcvIWnuK4gRmgCzMNTG17U,Copper Pot Coffee,"90 Earl Martin Dr Unit 2, Elmira, ON N3B 2P5, Canada",Arkona,Zone 3 — Sarnia / Lambton County,corridor_nearby_search,"nearby:43.5809983,-80.5607763@1000m"
ChIJmzcvIWnuK4gRP5nIZHG_k2o,Murphy's Law Distillery Ltd.,"90 Earl Martin Dr Unit 2, Elmira, ON N3B 3L4, Canada",Arkona,Zone 3 — Sarnia / Lambton County,corridor_nearby_search,"nearby:43.5809983,-80.5607763@1000m"
ChIJy8Lfu4YtO4gRNNipoQrtsa0,HomeLife GoldStar Realty Inc.,"3050 Jefferson Blvd, Windsor, ON N8T 3G9, Canada",Windsor,Zone 1 — Windsor / Essex County,corridor_nearby_search,"nearby:42.2984312,-82.943428@1000m"
ChIJ_6dIVgArO4gRUkY0osX3naU,AA Truck Driving School,"3050 Jefferson Blvd, Windsor, ON N8T 3G9, Canada",Windsor,Zone 1 — Windsor / Essex County,corridor_nearby_search,"nearby:42.2984312,-82.943428@1000m"
ChIJAQDA2VkqO4gRw7PNcx7Rwco,Darin Schiller: Verge Real Estate Team at Keller Williams Lifestyles Realty,"3070 Jefferson Blvd, Windsor, ON N8T 2W8, Canada",Windsor,Zone 1 — Windsor / Essex County,corridor_nearby_search,"nearby:42.2984312,-82.943428@1000m"
ChIJjYxRa9QVfqAR2FUz1tMvxJo,Brett Vorshuk - Real Estate,"3070 Jefferson Blvd, Windsor, ON N8T 3G9, Canada",Windsor,Zone 1 — Windsor / Essex County,corridor_nearby_search,"nearby:42.2984312,-82.943428@1000m"
ChIJseWIFWsrO4gR16cHVP34NoU,Jenee McBounds Real Estate,"3070 Jefferson Blvd, Windsor, ON N8T 3G9, Canada",Windsor,Zone 1 — Windsor / Essex County,corridor_nearby_search,"nearby:42.2984312,-82.943428@1000m"
ChIJBZ0fYQbVOogRh9kIGJ86MS8,Peter Piatkiewicz - KW Signature - Keller Williams Realty,"3070 Jefferson Blvd, Windsor, ON N8T 3G9, Canada",Windsor,Zone 1 — Windsor / Essex County,corridor_nearby_search,"nearby:42.2984312,-82.943428@1000m"
ChIJnQwQoB0i9Y4Rxn2k3aIckgk,Dan Kakish - Real Estate,"3070 Jefferson Blvd, Windsor, ON N8T 3G9, Canada",Windsor,Zone 1 — Windsor / Essex County,corridor_nearby_search,"nearby:42.2984312,-82.943428@1000m"
ChIJKbG22MS7OogRpJUW6cG-_io,Original Guys Pizza Pies - OG Pizza (Wheatley),"14 Talbot Rd W, Wheatley, ON N0P 2P0, Canada",Wheatley,Zone 1 — Windsor / Essex County,corridor_nearby_search,"nearby:42.0948149,-82.4631327@1000m"
ChIJrcAYAXbjL4gRaOdk6cVV1Ts,Lucky Wok Restaurant,"4 Talbot Rd E, Wheatley, ON N0P 2P0, Canada",Wheatley,Zone 1 — Windsor / Essex County,corridor_nearby_search,"nearby:42.0948149,-82.4631327@1000m"
ChIJrYBKcwC7OogRt_bIRSd75YA,Joe's Bar,"6 Chatham-Kent County Rd 3, Wheatley, ON N0P 2P0, Canada",Wheatley,Zone 1 — Windsor / Essex County,corridor_nearby_search,"nearby:42.0948149,-82.4631327@1000m"
ChIJK60WH8W7OogRNnFxyZ8qbLM,Wheatley Dental,"17 Erie St S, Wheatley, ON N0P 2P0, Canada",Wheatley,Zone 1 — Windsor / Essex County,corridor_nearby_search,"nearby:42.0948149,-82.4631327@1000m"
ChIJMfaoI6XQOogRbUIqIAzqv40,McDonald's,"390 Maidstone Ave W, Essex, ON N8M 2X5, Canada",Tecumseh,Zone 1 — Windsor / Essex County,corridor_nearby_search,"nearby:42.1761242,-82.8452214@1000m"
ChIJVampqynXOogRGXOWN571YEY,Beauty & Smooth,"136 Reed St, Essex, ON N8M 0B2, Canada",Tecumseh,Zone 1 — Windsor / Essex County,corridor_nearby_search,"nearby:42.1761242,-82.8452214@1000m"
ChIJqXyhKUrXOogRFm2AGmZPgEg,Deep jewelry and handlooms,"122 Jones St, Essex, ON N8M 0B2, Canada",Tecumseh,Zone 1 — Windsor / Essex County,corridor_nearby_search,"nearby:42.1761242,-82.8452214@1000m"
ChIJkY-FTc0qO4gRLaLw8R2ZVog,Phat Albert Wok & Grill,"2020 Front Rd, LaSalle, ON N9J 2B9, Canada",LaSalle,Zone 1 — Windsor / Essex County,corridor_nearby_search,"nearby:42.2295891,-83.1024312@1000m"
ChIJdRlFDLUxO4gRprd1pi64bEY,Families First Funeral Home,"2130 Front Rd, Windsor, ON N9J 2B9, Canada",LaSalle,Zone 1 — Windsor / Essex County,corridor_nearby_search,"nearby:42.2295891,-83.1024312@1000m"
ChIJMXhQFbUxO4gRdLsJTGiMR00,Shoppers Simply Pharmacy,"2125 Front Rd, LaSalle, ON N9J 2C1, Canada",LaSalle,Zone 1 — Windsor / Essex County,corridor_nearby_search,"nearby:42.2295891,-83.1024312@1000m"
ChIJk6KD681XLogRQfyk2bOCfYQ,STANDING STONE GAS BAR,"11234 Littlewood Dr, Southwold, ON N0L 2G0, Canada",Southwold,Zone 4 — London / Middlesex,corridor_nearby_search,"nearby:42.8373808,-81.3860649@1000m"
ChIJXZylZMhXLogRU4_hDX2wXgg,Heritage smoke shop,"Littlewood Dr, Middlesex County, ON N0L 2G0, Canada",Southwold,Zone 4 — London / Middlesex,corridor_nearby_search,"nearby:42.8373808,-81.3860649@1000m"
ChIJrR4OYfZXLogRDvxGNexPnNE,Stand Alone Smoke Shop,"6101 Bodkin Rd, Southwold, ON N0L 1W0, Canada",Southwold,Zone 4 — London / Middlesex,corridor_nearby_search,"nearby:42.8373808,-81.3860649@1000m"
ChIJiSix8s1XLogRSzCd7Z2GzEI,Kennedy's Corner Store (Bev's Smoke Shop),"101 Bodkin Rd, Southwold, ON N0L 2G0, Canada",Southwold,Zone 4 — London / Middlesex,corridor_nearby_search,"nearby:42.8373808,-81.3860649@1000m"
ChIJ-zS35apXLogR7qq0tHlKjvk,Gas bar +smokes,"101 Bodkin Rd, Southwold, ON N0L 2G0, Canada",Southwold,Zone 4 — London / Middlesex,corridor_nearby_search,"nearby:42.8373808,-81.3860649@1000m"
ChIJs2UpsLH1K4gR7Wb65phIi5s,Choi's Dental Studio,"609 Kumpf Dr Suite106, Waterloo, ON N2V 1K8, Canada",Kitchener,Zone 6 — Kitchener / Waterloo / Cambridge / Guelph,corridor_nearby_search,"nearby:43.504859,-80.54625779999999@1000m"
ChIJ63hyvFsxLIgRmlknd1OSdM0,Woodlawn Community Centre,"225420 Otterville Rd, Otterville, ON N0J 1R0, Canada",Forest,Zone 3 — Sarnia / Lambton County,corridor_nearby_search,"nearby:42.9242319,-80.62652539999999@1000m"
ChIJMRoBpJrxLogRto-yO-_7bYM,Shelby's Legendary Shawarma - Support Centre,"4056 Meadowbrook Dr #130, London, ON N6L 1E1, Canada",Warwick,Zone 3 — Sarnia / Lambton County,corridor_nearby_search,"nearby:42.91975980000001,-81.26533739999999@1000m"
ChIJ0R0wSTEtO4gRrdoFFzPByWw,Core Medical Centre (CMC) Urgent Care Clinic,"1329 Windsor Ave, Windsor, ON N8X 3L8, Canada",Windsor,Zone 1 — Windsor / Essex County,corridor_nearby_search,"nearby:42.3050916,-83.02595939999999@1000m"
ChIJ74a-JL8tO4gRAf9MlfPHzSA,HealthFirst Pharmacy (Windsor Avenue Pharmacy),"1329 Windsor Ave, Windsor, ON N8X 3L8, Canada",Windsor,Zone 1 — Windsor / Essex County,corridor_nearby_search,"nearby:42.3050916,-83.02595939999999@1000m"
ChIJWYiVao74L4gRoFRJZz4CQFo,Sunset Lounge And Banquet Hall,"280 Merritt Ave, Chatham, ON N7M 3G1, Canada",Chatham,Zone 2 — Chatham-Kent,corridor_nearby_search,"nearby:42.3944189,-82.1978798@1000m"
ChIJ6adGro34L4gR_zV-IRe_o6g,Kids' Stuff-The Family Learning Centre On The Thames,"30 Crystal Dr, Chatham, ON N7M 3C7, Canada",Chatham,Zone 2 — Chatham-Kent,corridor_nearby_search,"nearby:42.3944189,-82.1978798@1000m"
ChIJWYRhEY74L4gR8xY6050N-tM,FirstOntario Credit Union,"318 Merritt Ave, Chatham, ON N7M 3G1, Canada",Chatham,Zone 2 — Chatham-Kent,corridor_nearby_search,"nearby:42.3944189,-82.1978798@1000m"
ChIJnQq5_8FfLogResmQUkB4VO4,The Hamilton Brewery,"130 Edward St, St Thomas, ON N5P 1Z1, Canada",Thames Centre,Zone 4 — London / Middlesex,corridor_nearby_search,"nearby:42.7883589,-81.1697138@1000m"
ChIJFanWy_5tLIgROnr_6unw7pQ,Community Hub Pharmacy,"25 Curtis Ave N, Paris, ON N3L 3W1, Canada",Paris,Zone 6 — Kitchener / Waterloo / Cambridge / Guelph,corridor_nearby_search,"nearby:43.1924725,-80.3728484@1000m"
ChIJJY1cEIktO4gRQ68EE4qK6hY,Prince at College,"Windsor, ON N9C 1R8, Canada",LaSalle,Zone 1 — Windsor / Essex County,corridor_nearby_search,"nearby:42.2877123,-83.0762166@1000m"
ChIJASrzOYktO4gR6ZrntCkuuZE,Prince at College,"Windsor, ON N9C 1T5, Canada",LaSalle,Zone 1 — Windsor / Essex County,corridor_nearby_search,"nearby:42.2877123,-83.0762166@1000m"
ChIJRSHBGYktO4gRIcINFew2Ots,College at Prince,"Windsor, ON N9C 1R8, Canada",LaSalle,Zone 1 — Windsor / Essex County,corridor_nearby_search,"nearby:42.2877123,-83.0762166@1000m"
ChIJVe_5uvwpO4gR9iJwBezii9s,Dr. Z. Pan Dentist,"1955 Provincial Rd #1, Windsor, ON N8W 5V7, Canada",Windsor,Zone 1 — Windsor / Essex County,corridor_nearby_search,"nearby:42.25299769999999,-82.9690974@1000m"
ChIJh3OvO2EpO4gRyRj1wZqm8IM,Provincial Dental | Dentist in Windsor,"1955 Provincial Rd #1, Windsor, ON N8W 5V7, Canada",Windsor,Zone 1 — Windsor / Essex County,corridor_nearby_search,"nearby:42.25299769999999,-82.9690974@1000m"
ChIJZUnypzcpO4gRNvxleWvc2sE,Rajdhani Sweets & Restaurant Windsor,"3051 Legacy Park Dr, Windsor, ON N8W 5W4, Canada",Windsor,Zone 1 — Windsor / Essex County,corridor_nearby_search,"nearby:42.25299769999999,-82.9690974@1000m"
ChIJKWYFMQApO4gRjBNERVRjA_s,Dollarama,"3051 Legacy Park Drive Mikhail Centre, Windsor, ON N8W 5S6, Canada",Windsor,Zone 1 — Windsor / Essex County,corridor_nearby_search,"nearby:42.25299769999999,-82.9690974@1000m"
ChIJ6f97D37yLogRdCC34ZRL9Y8,Jay Valentino l Holistic Massage Specialist,"1138 Brydges St, London, ON N5W 2B7, Canada",London,Zone 4 — London / Middlesex,corridor_nearby_search,"nearby:42.9865647,-81.20793909999999@1000m"
ChIJ-9NY4nalL4gR5jW5x7bHY78,St. Charles Parish,"244 Stella Ave, Glencoe, ON N0L 1M0, Canada",Glencoe,Zone 4 — London / Middlesex,corridor_nearby_search,"nearby:42.7534374,-81.7032723@1000m"
ChIJXzyOkG2lL4gRoT8U-ZQsld8,Carruthers Self Storage,"177 McRae St, Glencoe, ON N0L 1M0, Canada",Glencoe,Zone 4 — London / Middlesex,corridor_nearby_search,"nearby:42.7534374,-81.7032723@1000m"
ChIJQfsYKIalL4gRGag2-SsaWoM,Crystal Clean Mobile Auto Detailing Glencoe,"184 South St, Glencoe, ON N0L 1M0, Canada",Glencoe,Zone 4 — London / Middlesex,corridor_nearby_search,"nearby:42.7534374,-81.7032723@1000m"
ChIJHZ7AlXKlL4gRlJFMoqBefBU,VanHeck Funeral Home Ltd,"172 Symes St, Glencoe, ON N0L 1M0, Canada",Glencoe,Zone 4 — London / Middlesex,corridor_nearby_search,"nearby:42.7534374,-81.7032723@1000m"
ChIJozsnTWItO4gRQk7bsfMytDs,U-Haul Neighborhood Dealer,"1035 Crawford Ave, Windsor, ON N9A 5E1, Canada",Windsor,Zone 1 — Windsor / Essex County,corridor_nearby_search,"nearby:42.3045938,-83.04317569999999@1000m"
ChIJ2YXQvCuDJYgRttuFoCWyhIc,Bears no beer bar and boosting service.,"120 Sutton St, Sarnia, ON N7T 3S5, Canada",Sarnia,Zone 3 — Sarnia / Lambton County,corridor_nearby_search,"nearby:42.9582899,-82.38742169999999@1000m"
ChIJE77JdlPXOogRoNxXDFmgnPE,Original Michigan Diner,"27 Victoria Ave, Essex, ON N8M 1M3, Canada",Lakeshore,Zone 1 — Windsor / Essex County,corridor_nearby_search,"nearby:42.1748588,-82.8248266@1000m"
ChIJfSeHhFPXOogRR2OJKNbMFIw,Essex Fire Station 1,"55 Alice St N, Essex, ON N8M 1C6, Canada",Lakeshore,Zone 1 — Windsor / Essex County,corridor_nearby_search,"nearby:42.1748588,-82.8248266@1000m"
ChIJbxh_LT4tO4gR7A_WrD5qO4A,The Shala Yoga & Meditation Studio,"1603 University Ave W, Windsor, ON N9B 1C3, Canada",Windsor,Zone 1 — Windsor / Essex County,corridor_nearby_search,"nearby:42.3118564,-83.05787389999999@1000m"
ChIJZfLMXIgtO4gRYaOl3p-yqaQ,Janpath Indian Cuisine - Best Indian restaurant in Windsor,"1689 University Ave W, Windsor, ON N9B 1C3, Canada",Windsor,Zone 1 — Windsor / Essex County,corridor_nearby_search,"nearby:42.3118564,-83.05787389999999@1000m"
ChIJJZzGWG0tO4gRQafCsdUrejQ,University at Campbell,"Windsor, ON N9B 1C3, Canada",Windsor,Zone 1 — Windsor / Essex County,corridor_nearby_search,"nearby:42.3118564,-83.05787389999999@1000m"
ChIJH3iLp3ItO4gRY31rjMhPEV0,Dental Office,"1689 University Ave W, Windsor, ON N9B 1C3, Canada",Windsor,Zone 1 — Windsor / Essex County,corridor_nearby_search,"nearby:42.3118564,-83.05787389999999@1000m"
ChIJq8DqX20tO4gRfEWQTzQwrss,University Eyecare Ctr,"1695 University Ave W C, Windsor, ON N9B 1C3, Canada",Windsor,Zone 1 — Windsor / Essex County,corridor_nearby_search,"nearby:42.3118564,-83.05787389999999@1000m"
ChIJzY7c_F8pLIgRkDNIGW6wDM8,Dad's Ice Cream,"6 Vance Dr, Tillsonburg, ON N4G 4W9, Canada",Bayham,Zone 4 — London / Middlesex,corridor_nearby_search,"nearby:42.8772385,-80.7422593@1000m"
ChIJOSjLR-ArLIgRvm3gfg9t4j8,Park Property Management,"6 Lamers Ct, Tillsonburg, ON N4G 5B5, Canada",Bayham,Zone 4 — London / Middlesex,corridor_nearby_search,"nearby:42.8772385,-80.7422593@1000m"
ChIJB2BF3N8rLIgRLHiR6bkXzn0,Burger King,"540 Broadway St, Tillsonburg, ON N4G 3S7, Canada",Bayham,Zone 4 — London / Middlesex,corridor_nearby_search,"nearby:42.8772385,-80.7422593@1000m"
ChIJsYf4G5IrLIgRF3VkDjJSQYY,Park Property Management,"5 Lamers Ct, Tillsonburg, ON N4G 4Z4, Canada",Bayham,Zone 4 — London / Middlesex,corridor_nearby_search,"nearby:42.8772385,-80.7422593@1000m"
ChIJ2_2jUUQrLIgR_6Acj7tHISM,Park Property Management,"72 Devonshire Ave, Tillsonburg, ON N4G 4T2, Canada",Bayham,Zone 4 — London / Middlesex,corridor_nearby_search,"nearby:42.8772385,-80.7422593@1000m"
ChIJgfK6SJAniicRk-Hhn2B4Qj4,Tico Clean Auto Detailing Services,"375 Thomas St #2, Ingersoll, ON N5C 1B0, Canada",Thamesville,Zone 2 — Chatham-Kent,corridor_nearby_search,"nearby:43.0275611,-80.8897866@1000m"
ChIJnYn_nyZzLIgRfcV0vO5bSOc,Ayr Massage Therapist,"74 Stanley St, Ayr, ON N0B 1E0, Canada",Ayr,Zone 6 — Kitchener / Waterloo / Cambridge / Guelph,corridor_nearby_search,"nearby:43.2857429,-80.45030849999999@1000m"
ChIJhT3G_C1zLIgRTxE_36MS8wg,O'Neill's Dental Hygiene Clinic,"76 Stanley St, Ayr, ON N0B 1E0, Canada",Ayr,Zone 6 — Kitchener / Waterloo / Cambridge / Guelph,corridor_nearby_search,"nearby:43.2857429,-80.45030849999999@1000m"
ChIJv2fC7jmJK4gRgQ-xT3oAecw,"Tatiana Viveiros, Registered Massage Therapy","86 Stanley St, Ayr, ON N0B 1E0, Canada",Ayr,Zone 6 — Kitchener / Waterloo / Cambridge / Guelph,corridor_nearby_search,"nearby:43.2857429,-80.45030849999999@1000m"
ChIJBWXICSx9LogRWMtTXusjSXc,Smart Dental Hygiene,"587 John St N, Aylmer, ON N5H 2A7, Canada",Aylmer,Zone 4 — London / Middlesex,corridor_nearby_search,"nearby:42.7815981,-80.9802675@1000m"
ChIJnWrl6yt9LogR_AIRBUxfdnQ,Kindred Credit Union,"589 John St N, Aylmer, ON N5H 2A7, Canada",Aylmer,Zone 4 — London / Middlesex,corridor_nearby_search,"nearby:42.7815981,-80.9802675@1000m"
ChIJayMBokzjL4gRX4EbNZQu458,Health Hub Dental,"2 Hyland Dr Unit 14, Blenheim, ON N0P 1A0, Canada",Blenheim,Zone 2 — Chatham-Kent,corridor_nearby_search,"nearby:42.3407924,-82.0066542@1000m"
ChIJhUpfVKjjL4gRB2MWMp3-EDQ,Sunshine Drugs - Blenheim Health Hub Pharmacy,"2 Hyland Dr, Blenheim, ON N0P 1A0, Canada",Blenheim,Zone 2 — Chatham-Kent,corridor_nearby_search,"nearby:42.3407924,-82.0066542@1000m"
ChIJfdxMQwDjL4gRHAu_lfzk35Y,Dollar Tree,"314 Chatham St N, Blenheim, ON N0P 1A0, Canada",Blenheim,Zone 2 — Chatham-Kent,corridor_nearby_search,"nearby:42.3407924,-82.0066542@1000m"
ChIJdwJtQW4rO4gRgygpUCcsvjM,New Gen Truck Driving School Ltd,"4355 County Rd 42, Windsor, ON N8V 0A2, Canada",Windsor,Zone 1 — Windsor / Essex County,corridor_nearby_search,"nearby:42.2676133,-82.9448484@1000m"
ChIJR8ene4adLogR-7QRl5c-JHo,U-Haul Neighborhood Dealer,"201 Bell St, Ingersoll, ON N5C 2P2, Canada",Ingersoll,Zone 4 — London / Middlesex,corridor_nearby_search,"nearby:43.04011680000001,-80.8954954@1000m"
ChIJqTy9RrbjL4gRby07h6kt6Rc,Femme Salon,"183 Chatham St S, Blenheim, ON N0P 1A0, Canada",Blenheim,Zone 2 — Chatham-Kent,corridor_nearby_search,"nearby:42.3329852,-81.9915063@1000m"
ChIJW3P80p7jL4gReCwjPyZsML8,Wayne's Pizza & Subs,"183 Chatham St S Unit #2, Blenheim, ON N0P 1A0, Canada",Blenheim,Zone 2 — Chatham-Kent,corridor_nearby_search,"nearby:42.3329852,-81.9915063@1000m"
ChIJx-Zvtp7jL4gRpAmHhfkmlZc,Blenheim District High School,"163 Chatham St S, Blenheim, ON N0P 1A0, Canada",Blenheim,Zone 2 — Chatham-Kent,corridor_nearby_search,"nearby:42.3329852,-81.9915063@1000m"
ChIJ25s76p7jL4gR82_9xsr0Qds,Blenheim High School,"Blenheim, ON N0P 1A0, Canada",Blenheim,Zone 2 — Chatham-Kent,corridor_nearby_search,"nearby:42.3329852,-81.9915063@1000m"
ChIJKWgXk57jL4gRfn8Fl98xQ6s,Chatham-Kent Fire Station 18,"2 Charles St, Blenheim, ON N0P 1A0, Canada",Blenheim,Zone 2 — Chatham-Kent,corridor_nearby_search,"nearby:42.3329852,-81.9915063@1000m"
ChIJqwuNggQfLIgRVskAn-B4zYc,"Remax Realty Specialists Inc., Brokerage -Jagtar SIngh Broker","178B Ingersoll Rd, Woodstock, ON N4S 7V6, Canada",Woodstock,Zone 5 — Woodstock / Oxford County,corridor_nearby_search,"nearby:43.1223094,-80.7762553@1000m"
ChIJoRk_6j0ZLIgRguPFhJLX-ks,Glow Me Now Aesthetic Lounge & Medical Spa,"178 Ingersoll Rd, Woodstock, ON N4S 7V6, Canada",Woodstock,Zone 5 — Woodstock / Oxford County,corridor_nearby_search,"nearby:43.1223094,-80.7762553@1000m"
ChIJayCeoJVtLIgRHZzktHR6zbc,Mario`s Pizza,"340 Grand River St N, Paris, ON N3L 3R7, Canada",Paris,Zone 6 — Kitchener / Waterloo / Cambridge / Guelph,corridor_nearby_search,"nearby:43.2140846,-80.39177699999999@1000m"
ChIJ_1BZp5VtLIgReqN408sc1rA,Paris Car Wash,"340 Grand River St N, Brant, ON N3L 3R7, Canada",Paris,Zone 6 — Kitchener / Waterloo / Cambridge / Guelph,corridor_nearby_search,"nearby:43.2140846,-80.39177699999999@1000m"
ChIJ8cusXgAFzkwRfUvMPAOSlQM,Almanac Urban Mill & Bakery (Little Italy),"50 Beech St, Ottawa, ON K1S 4M8, Canada",Adelaide-Metcalfe,Zone 4 — London / Middlesex,corridor_nearby_search,"nearby:45.4002266,-75.707684@1000m"
ChIJkRr6_AT1K4gR9dkX1Qsqdxg,Joseph Halleran Real Estate,"283 Duke St W Unit 222, Kitchener, ON N2H 5C2, Canada",Kitchener,Zone 6 — Kitchener / Waterloo / Cambridge / Guelph,corridor_nearby_search,"nearby:43.4548301,-80.4972143@1000m"
ChIJjQR_O5qcJYgRw0TslAphtOI,M.P. Joan Walker Real Estate Brokerage,"588 Beach Ln, Sarnia, ON N7V 2Y8, Canada",Muirkirk,Zone 2 — Chatham-Kent,corridor_nearby_search,"nearby:43.0098385,-82.3880898@1000m"
ChIJmUqtxlKbJYgRiW4nCpmnHbI,Sacred Heart Roman Catholic Church,"1465 Lecaron Ave, Sarnia, ON N7V 3J4, Canada",Muirkirk,Zone 2 — Chatham-Kent,corridor_nearby_search,"nearby:43.0098385,-82.3880898@1000m"
ChIJgzDDb7OEJYgRpZhPBGXxFpQ,QuickRX Pharmacy Software,"682 Beach Ln, Sarnia, ON N7V 2Z2, Canada",Muirkirk,Zone 2 — Chatham-Kent,corridor_nearby_search,"nearby:43.0098385,-82.3880898@1000m"
ChIJHwFc7lrxLogR7JCWJZ3yKn0,Red Swan Pizza - London (S) Wonderland Rd,"Inside Wonderland Gateway Centre, 3339 Wonderland Rd S Unit 3, London, ON N6L 1K1, Canada",Grand Bend,Zone 3 — Sarnia / Lambton County,corridor_nearby_search,"nearby:42.9298186,-81.2796209@1000m"
ChIJ66n5GNTxLogRTljLwUXQe4I,Wonderland nails and spa,"3339 Wonderland Rd S unit 2, London, ON N6L 0E3, Canada",Grand Bend,Zone 3 — Sarnia / Lambton County,corridor_nearby_search,"nearby:42.9298186,-81.2796209@1000m"
ChIJPdBSfAHxLogRnrN61Uz3d28,Malibu Restaurant South,"3339 Wonderland Rd S, London, ON N6L 0E3, Canada",Grand Bend,Zone 3 — Sarnia / Lambton County,corridor_nearby_search,"nearby:42.9298186,-81.2796209@1000m"
ChIJk00J9RWxLogRNF2Rb5BawXg,Linton Avenue Self Storage,"64 Linton Ave, Stratford, ON N5A 0B1, Canada",Dresden,Zone 2 — Chatham-Kent,corridor_nearby_search,"nearby:43.3590351,-80.9983388@1000m"
ChIJtYxMv_exLogRg-VazXcfEDg,Beauty Paws,"260 Monteith Ave, Stratford, ON N5A 2P8, Canada",Dresden,Zone 2 — Chatham-Kent,corridor_nearby_search,"nearby:43.3590351,-80.9983388@1000m"
ChIJS2pOk9M7LIgRJoDrv7z_iQE,Jordan's Divine Dish Restaurant & Catering,"P.O. 291, 37 Stover St S, Norwich, ON N0J 1P0, Canada",Norwich,Zone 5 — Woodstock / Oxford County,corridor_nearby_search,"nearby:42.9847306,-80.59420279999999@1000m"
ChIJsVMj7gQ7LIgRd0dhHHEEV1s,Norwich Community Centre,"53 Stover St S, Norwich, ON N0J 1P0, Canada",Norwich,Zone 5 — Woodstock / Oxford County,corridor_nearby_search,"nearby:42.9847306,-80.59420279999999@1000m"
ChIJddoGEgM7LIgRjyMjCtdc_Ig,Norwich Lawn Bowling Club,"20 Stover St S, Norwich, ON N0J 1P0, Canada",Norwich,Zone 5 — Woodstock / Oxford County,corridor_nearby_search,"nearby:42.9847306,-80.59420279999999@1000m"
ChIJZZVbif06LIgRCv9XH_RmJa8,Norwich Arena,"53 Stover St S, Norwich, ON N0J 1P0, Canada",Norwich,Zone 5 — Woodstock / Oxford County,corridor_nearby_search,"nearby:42.9847306,-80.59420279999999@1000m"
ChIJrZp0KgD5L4gRcYg23jg_SiQ,The Drey Bar and Cafe,"730 Richmond St, Chatham, ON N7M 5J5, Canada",Chatham,Zone 2 — Chatham-Kent,corridor_nearby_search,"nearby:42.3856695,-82.2050527@1000m"
ChIJtf4-WAD5L4gRYOdwMcPG_9Q,Flying Squirrel Laser Tag Arena,"730 Richmond St, Chatham, ON N7M 5J5, Canada",Chatham,Zone 2 — Chatham-Kent,corridor_nearby_search,"nearby:42.3856695,-82.2050527@1000m"
ChIJ-9d2Mx75L4gR8tWTTXcPE3k,Flying Squirrel Trampoline Park Chatham,"730 Richmond St, Chatham, ON N7M 5J5, Canada",Chatham,Zone 2 — Chatham-Kent,corridor_nearby_search,"nearby:42.3856695,-82.2050527@1000m"
ChIJ2fdQtpn4L4gREfzMf2pfoVY,McDonald's,"710 Richmond St, Chatham, ON N7M 5J5, Canada",Chatham,Zone 2 — Chatham-Kent,corridor_nearby_search,"nearby:42.3856695,-82.2050527@1000m"
ChIJVx_WYyuLK4gRc1GpfzNIAA0,Royal Star Realty Inc.,"2139 Kingsway Dr, Kitchener, ON N2C 1A1, Canada",Brigden,Zone 3 — Sarnia / Lambton County,corridor_nearby_search,"nearby:43.4344214,-80.4535389@1000m"
ChIJl8Z1OkeLK4gRNzdJov3rBss,Muhozi Beauty Salon,"2149 Kingsway Dr, Kitchener, ON N2C 1A1, Canada",Brigden,Zone 3 — Sarnia / Lambton County,corridor_nearby_search,"nearby:43.4344214,-80.4535389@1000m"
ChIJbbWui6YtO4gRbD_T1p0L4J4,U-Haul Neighborhood Dealer,"3511 Wyandotte St E, Windsor, ON N8Y 1G2, Canada",Windsor,Zone 1 — Windsor / Essex County,corridor_nearby_search,"nearby:42.3240807,-82.99589499999999@1000m"
ChIJE5wi7sIDL4gR2G6bxzt7Bgo,Ashley's Lash Lounge,"48 Juniper Crescent, Strathroy, ON N7G 4G4, Canada",Strathroy,Zone 4 — London / Middlesex,corridor_nearby_search,"nearby:42.95852,-81.59967@1000m"
ChIJIeJ2fLUDL4gR-dBCxhXi79E,Flawless Beauty,"12 Willow Crescent, Strathroy, ON N7G 4C1, Canada",Strathroy,Zone 4 — London / Middlesex,corridor_nearby_search,"nearby:42.95852,-81.59967@1000m"
ChIJAQCcrPMDL4gRjU4pv6D225s,Dental Online Services,"52 Willow Crescent, Strathroy, ON N7G 4G3, Canada",Strathroy,Zone 4 — London / Middlesex,corridor_nearby_search,"nearby:42.95852,-81.59967@1000m"
ChIJdWQYwfQDL4gRMz4AFpd0M7g,Clark Antique Hardware Co,"4 Hickory Blvd W, Strathroy, ON N7G 4A9, Canada",Strathroy,Zone 4 — London / Middlesex,corridor_nearby_search,"nearby:42.95852,-81.59967@1000m"
ChIJR3hRImLTOogR_OnuFF3ac_w,"Dr Mark Lackorzynski, Dr Ali Al Safi, Lakeshore Oasis Dental","486 Advance Blvd #170, Tecumseh, ON N8N 0B8, Canada",Tecumseh,Zone 1 — Windsor / Essex County,corridor_nearby_search,"nearby:42.30448,-82.8192981@1000m"
ChIJR3hRImLTOogRJ2pExu3vn3U,Hands On Massage Therapy,"486 Advance Blvd #150, Tecumseh, ON N8N 0B8, Canada",Tecumseh,Zone 1 — Windsor / Essex County,corridor_nearby_search,"nearby:42.30448,-82.8192981@1000m"
ChIJ8_kn19PVOogRP-zld1Zjt74,New Step Orthotics and Footwear,"486 Advance Blvd #140b, Tecumseh, ON N8N 5G8, Canada",Tecumseh,Zone 1 — Windsor / Essex County,corridor_nearby_search,"nearby:42.30448,-82.8192981@1000m"
ChIJoek1cOzSOogRQx1VkS_41DI,Salon Utopia MedSpa,"486 Advance Blvd, Tecumseh, ON N8N 0B8, Canada",Tecumseh,Zone 1 — Windsor / Essex County,corridor_nearby_search,"nearby:42.30448,-82.8192981@1000m"
ChIJoek1cOzSOogRZaxhLMbOkwc,Oasis Pharmacy,"486 Advance Blvd Unit 140B, Tecumseh, ON N8N 0B8, Canada",Tecumseh,Zone 1 — Windsor / Essex County,corridor_nearby_search,"nearby:42.30448,-82.8192981@1000m"
ChIJpQNpUAYbLIgRyrm8zI2VGo4,Pizza Pizza,"177 Blandford St, Innerkip, ON N0J 1M0, Canada",Innerkip,Zone 5 — Woodstock / Oxford County,corridor_nearby_search,"nearby:43.2072225,-80.69831339999999@1000m"
ChIJzQxUVTofLIgRJstNZbVyxk0,Millpond Academy - Private Elementary School & Summer Camp,"11 Vincent St, Innerkip, ON N0J 1M0, Canada",Innerkip,Zone 5 — Woodstock / Oxford County,corridor_nearby_search,"nearby:43.2072225,-80.69831339999999@1000m"
ChIJsyWOYX0RLIgRHKm0LFmJs7A,TITOS PIZZA,"11 Wilmot St N, Drumbo, ON N0J 1G0, Canada",Drumbo,Zone 5 — Woodstock / Oxford County,corridor_nearby_search,"nearby:43.2388074,-80.5540092@1000m"
ChIJ021-FZcRLIgRIKdyR10VZQc,West Auto Detailing,"Powell St, Drumbo, ON N0J 1G0, Canada",Drumbo,Zone 5 — Woodstock / Oxford County,corridor_nearby_search,"nearby:43.2388074,-80.5540092@1000m"
ChIJzXqMwu8RLIgRdI9iyw_si4M,Pizza Pizza,"Esso Gas Station, 69 Oxford St W, Drumbo, ON N0J 1G0, Canada",Drumbo,Zone 5 — Woodstock / Oxford County,corridor_nearby_search,"nearby:43.2388074,-80.5540092@1000m"
ChIJm5Shm1ERLIgRI1CzDLKVmPU,On The Run - Convenience Store,"69 Oxford St W, Drumbo, ON N0J 1G0, Canada",Drumbo,Zone 5 — Woodstock / Oxford County,corridor_nearby_search,"nearby:43.2388074,-80.5540092@1000m"
ChIJySPwWF6fL4gR5f-LpXYABIo,Lambton College Legacy Project - Alvinston,"Morrell St, Alvinston, ON N0N 1A0, Canada",Alvinston,Zone 3 — Sarnia / Lambton County,corridor_nearby_search,"nearby:42.8254725,-81.8658724@1000m"
ChIJ86bVNzc_K4gRnkn0XwLFZ2A,Saigon Noodle Products,"1075 Westport Crescent, Mississauga, ON L5T 1E8, Canada",Stoney Point,Zone 1 — Windsor / Essex County,corridor_nearby_search,"nearby:43.6509337,-79.65972239999999@1000m"
ChIJMU0VL3DxLogRuVfL2DZejzE,McDonald's,"1040 Wharncliffe Rd S, London, ON N6L 1H2, Canada",London,Zone 4 — London / Middlesex,corridor_nearby_search,"nearby:42.9368106,-81.2592827@1000m"
ChIJITfsJzSyolIR3qQf97ys7lE,Salvation Army Thrift Store,"34 Whyte Ave, Dryden, ON P8N 1B4, Canada",Brigden,Zone 3 — Sarnia / Lambton County,corridor_nearby_search,"nearby:49.7835629,-92.8397724@1000m"
ChIJwzJnkDayolIRXEsTxqqllpU,Bridges Dryden & Area Adult Learning Centre,"34D Whyte Ave, Dryden, ON P8N 1Z3, Canada",Brigden,Zone 3 — Sarnia / Lambton County,corridor_nearby_search,"nearby:49.7835629,-92.8397724@1000m"
ChIJq6qqXzGyolIRenHgeWjQsss,Timbers Community Church,"34 Whyte Ave, Dryden, ON P8N 2Z1, Canada",Brigden,Zone 3 — Sarnia / Lambton County,corridor_nearby_search,"nearby:49.7835629,-92.8397724@1000m"
ChIJjbRZNzSyolIRGYQ8OQfsEXw,Downtown Dollar Store,"36 Whyte Ave, Dryden, ON P8N 1Z2, Canada",Brigden,Zone 3 — Sarnia / Lambton County,corridor_nearby_search,"nearby:49.7835629,-92.8397724@1000m"
ChIJU83eavuzolIRq6JR1h0P39A,Garage Church,"34 D King St, Dryden, ON P8N 2Z6, Canada",Brigden,Zone 3 — Sarnia / Lambton County,corridor_nearby_search,"nearby:49.7835629,-92.8397724@1000m"
ChIJjWJP2TWyolIRBgS7TrfZKoA,Kowality Motor Inn,"31 Earl Ave, Dryden, ON P8N 1X6, Canada",Brigden,Zone 3 — Sarnia / Lambton County,corridor_nearby_search,"nearby:49.7835629,-92.8397724@1000m"
ChIJgQL_4gYVL4gRne2ex2zBBDw,Shale Ridge Nordic Spa & Stay,"9090 Widder Rd, Thedford, ON N0M 2N0, Canada",Warwick,Zone 3 — Sarnia / Lambton County,corridor_nearby_search,"nearby:43.1756229,-81.84581299999999@1000m"
ChIJT6la2UjROogR4QoMBUN5Zfo,Western Union,"47 Arthur Ave, Essex, ON N8M 2N1, Canada",Essex,Zone 1 — Windsor / Essex County,corridor_nearby_search,"nearby:42.1741989,-82.8200447@1000m"
ChIJOXJ9ZqvQOogRipDQvdq-YZo,Domino's Pizza,"41 Arthur Ave, Essex, ON N8M 2N1, Canada",Essex,Zone 1 — Windsor / Essex County,corridor_nearby_search,"nearby:42.1741989,-82.8200447@1000m"
ChIJaXaHZqvQOogRCZKilij35F4,LCBO,"Southdale Plaza, 39 Arthur Ave, Essex, ON N8M 2N1, Canada",Essex,Zone 1 — Windsor / Essex County,corridor_nearby_search,"nearby:42.1741989,-82.8200447@1000m"
ChIJDVv6RqvQOogRhaX6lHQLUpw,Shoppers Drug Mart,"5 Talbot St S, Essex, ON N8M 1A6, Canada",Essex,Zone 1 — Windsor / Essex County,corridor_nearby_search,"nearby:42.1741989,-82.8200447@1000m"
ChIJ5Qnu7JLROogR-vucsBCEHY8,Dollarama,"Southland Plaza, 13 Talbot St N, Essex, ON N8M 1A5, Canada",Essex,Zone 1 — Windsor / Essex County,corridor_nearby_search,"nearby:42.1741989,-82.8200447@1000m"
ChIJkdOerFTXOogRj9_V88cY3po,Nick's Barber Shop,"17 Talbot St N, Essex, ON N8M 1A4, Canada",Essex,Zone 1 — Windsor / Essex County,corridor_nearby_search,"nearby:42.1741989,-82.8200447@1000m"
ChIJ__kSHXI7K4gRXHgR0Ediqr4,Astra Spa Etobicoke | Massage & Holistic Centre,"2001 Albion Rd, Etobicoke, ON M9W 6V6, Canada",Belle River,Zone 1 — Windsor / Essex County,corridor_nearby_search,"nearby:43.7484186,-79.627111@1000m"
ChIJKTCMb2RXLogR0cPns7a3r04,Ivy's Gift Shop,"119 Bodkin Rd, Southwold, ON N0L 2G0, Canada",Southwest Middlesex,Zone 4 — London / Middlesex,corridor_nearby_search,"nearby:42.8400075,-81.3799415@1000m"
ChIJ_X_XM1xXLogRw0U4sRICLhc,Mama Bear Fabric And Gift Shop,"Evan John Rd, Southwold, ON N0L 2G0, Canada",Southwest Middlesex,Zone 4 — London / Middlesex,corridor_nearby_search,"nearby:42.8400075,-81.3799415@1000m"
ChIJ232XfwdBL4gRS0KDrbfq7-E,Judy Burnett / Oliver and Associates real Estate Brokerage Inc.,"7559 Biddulph St, Port Franks, ON N0M 2L0, Canada",Port Franks,Zone 3 — Sarnia / Lambton County,corridor_nearby_search,"nearby:43.2320804,-81.892696@1000m"
ChIJWxeLaFlAL4gRf9fusRcu7jg,Oh! Pizza,"9985 Erie St, Port Franks, ON N0M 2L0, Canada",Port Franks,Zone 3 — Sarnia / Lambton County,corridor_nearby_search,"nearby:43.2320804,-81.892696@1000m"
ChIJ1afkgXrlK4gRJKguKD2Aidw,Wallenstein Bible Chapel,"4522 Herrgott Rd, Wallenstein, ON N0B 2S0, Canada",Shedden,Zone 4 — London / Middlesex,corridor_nearby_search,"nearby:43.5882256,-80.6416188@1000m"
ChIJjyH3QhycLogRPoMwGQXxdZU,TRACEY FLYNN Sales Representative/Sutton Group Select Realty Brokerage,"77 Thames St S, Ingersoll, ON N5C 2T2, Canada",Thamesford,Zone 4 — London / Middlesex,corridor_nearby_search,"nearby:43.0396172,-80.8844321@1000m"
ChIJK9lfQhycLogRoCXLZg9A4s8,Sutton Group Select Realty,"77 Thames St S, Ingersoll, ON N5C 2T2, Canada",Thamesford,Zone 4 — London / Middlesex,corridor_nearby_search,"nearby:43.0396172,-80.8844321@1000m"
ChIJTZkqWhycLogRE-8uyHGQvBs,Dove Dental Centres,"59 Thames St S, Ingersoll, ON N5C 2S8, Canada",Thamesford,Zone 4 — London / Middlesex,corridor_nearby_search,"nearby:43.0396172,-80.8844321@1000m"
ChIJ_TgY-BycLogRoz7zr-NMCrk,St. Paul's Presbyterian Church,"56 Thames St S, Ingersoll, ON N5C 2S9, Canada",Thamesford,Zone 4 — London / Middlesex,corridor_nearby_search,"nearby:43.0396172,-80.8844321@1000m"
ChIJ1ZNnmGyVK4gRMAMBdJMcxYo,Elora Car Wash,"Elora, ON N0B 1S0, Canada",Elmira,Zone 6 — Kitchener / Waterloo / Cambridge / Guelph,corridor_nearby_search,"nearby:43.6764941,-80.42672309999999@1000m"
ChIJQbomUxOVK4gRKz5qyu55BnI,On The Run - Convenience Store,"76 Wellington Rd, ON-7, Elora, ON N0B 1S0, Canada",Elmira,Zone 6 — Kitchener / Waterloo / Cambridge / Guelph,corridor_nearby_search,"nearby:43.6764941,-80.42672309999999@1000m"
ChIJOS2oP2uVK4gRkmDnvZVW3QA,"The Village Inn - Elora, Ontario","66 Wellington Rd 7, Elora, ON N0B 1S0, Canada",Elmira,Zone 6 — Kitchener / Waterloo / Cambridge / Guelph,corridor_nearby_search,"nearby:43.6764941,-80.42672309999999@1000m"
ChIJETbNgCUBLIgRAygX7vruj0Y,Hillcrest Mennonite Church,"1056 Huron St, New Hamburg, ON N3A 3E9, Canada",New Hamburg,Zone 6 — Kitchener / Waterloo / Cambridge / Guelph,corridor_nearby_search,"nearby:43.3700759,-80.73740480000001@1000m"
ChIJFYc3if7cK4gRjk2GOv2Pjmw,PMD Arena,"68 Main St W, Drayton, ON N0G 1P0, Canada",Drayton,Zone 6 — Kitchener / Waterloo / Cambridge / Guelph,corridor_nearby_search,"nearby:43.760432,-80.68076099999999@1000m"
ChIJkyVnRYmMK4gRSX-E73vcO20,Breslau Dental,"10 Dolman St #4, Breslau, ON N0G 1M0, Canada",Breslau,Zone 6 — Kitchener / Waterloo / Cambridge / Guelph,corridor_nearby_search,"nearby:43.4787632,-80.41524849999999@1000m"
ChIJD6i3RImMK4gR1-oW1LffTwI,Subway,"10 Dolman St, Breslau, ON N0B 1M0, Canada",Breslau,Zone 6 — Kitchener / Waterloo / Cambridge / Guelph,corridor_nearby_search,"nearby:43.4787632,-80.41524849999999@1000m"
ChIJtSWkZ4mMK4gRrLLcSetLKO4,"Breslau Chiropractic - Massage Therapy, Chiropractic, Naturopathic Dr.","79 Woolwich St S #2, Breslau, ON N0B 1M0, Canada",Breslau,Zone 6 — Kitchener / Waterloo / Cambridge / Guelph,corridor_nearby_search,"nearby:43.4787632,-80.41524849999999@1000m"
ChIJlUAmawKciFMRvUIZd7W4dgw,Dollarama,"315 Arthur St S, Elmira, ON N3B 3L5, Canada",Elmira,Zone 6 — Kitchener / Waterloo / Cambridge / Guelph,corridor_nearby_search,"nearby:43.5814281,-80.5585679@1000m"
ChIJHWhkaAbvK4gRDxaxVovchS8,Rexall,"315 Arthur St S Unit 108, Elmira, ON N3B 3L5, Canada",Elmira,Zone 6 — Kitchener / Waterloo / Cambridge / Guelph,corridor_nearby_search,"nearby:43.5814281,-80.5585679@1000m"
ChIJ_-OcdO50K4gRsSybW3N72dQ,Four Seasons Dental,"151 Mill St E, Acton, ON L7J 1H9, Canada",Dresden,Zone 2 — Chatham-Kent,corridor_nearby_search,"nearby:43.6346289,-80.03842379999999@1000m"
ChIJfVLHEe50K4gR5W2_quvESio,The Red Harp Pub,"137 Mill St E, Acton, ON L7J 1H9, Canada",Dresden,Zone 2 — Chatham-Kent,corridor_nearby_search,"nearby:43.6346289,-80.03842379999999@1000m"
ChIJI6-fEe50K4gRmBfOjSht914,Station Hotel (Acton) LTD,"137 Mill St E, Acton, ON L7J 1H9, Canada",Dresden,Zone 2 — Chatham-Kent,corridor_nearby_search,"nearby:43.6346289,-80.03842379999999@1000m"
ChIJux-rEO50K4gRdftQ2N2R99Q,Smooth Solutions Spa & Laser Clinic,"129 Mill St E, Acton, ON L7J 1H9, Canada",Dresden,Zone 2 — Chatham-Kent,corridor_nearby_search,"nearby:43.6346289,-80.03842379999999@1000m"
ChIJa89teLgbLIgRyAkcvmcJD18,Serenity Massage Clinic,"41 Elisabeth St, Innerkip, ON N0J 1M0, Canada",Innerkip,Zone 5 — Woodstock / Oxford County,corridor_nearby_search,"nearby:43.215784,-80.688368@1000m"
ChIJjya6uFobLIgROT-VNK33Jt8,Lift Beauty,"806009 Oxford Road 29, Innerkip, ON N0J 1M0, Canada",Innerkip,Zone 5 — Woodstock / Oxford County,corridor_nearby_search,"nearby:43.215784,-80.688368@1000m"
ChIJ37GlJ70bLIgRlLR-lX-a70A,Corner Farm Market,"206 Blandford St, Innerkip, ON N0J 1M0, Canada",Innerkip,Zone 5 — Woodstock / Oxford County,corridor_nearby_search,"nearby:43.215784,-80.688368@1000m"
ChIJAYMwNgAbLIgRtpLgMzOKBfI,Innerkip Fire Station,"204 Stonegate Rd, Innerkip, ON N0J 1M0, Canada",Innerkip,Zone 5 — Woodstock / Oxford County,corridor_nearby_search,"nearby:43.215784,-80.688368@1000m"
ChIJK07tpGJDKYgRjM_Zbp6DUxc,Atwood Presbyterian Church,"140 Monument Rd, Atwood, ON N0G 1B0, Canada",Erieau,Zone 2 — Chatham-Kent,corridor_nearby_search,"nearby:43.674336,-81.01384879999999@1000m"
ChIJB8Mqpx5DKYgR72GBS36AhmE,Small Town Coffee Company,"Atwood, ON N0G 1B0, Canada",Erieau,Zone 2 — Chatham-Kent,corridor_nearby_search,"nearby:43.674336,-81.01384879999999@1000m"
ChIJSWxvEJeyOogRHjhH_sLQvko,Burger King,"62 Highway 401 Eastbound, Tilbury, ON N0P 2L0, Canada",Tilbury,Zone 2 — Chatham-Kent,corridor_nearby_search,"nearby:42.2765658,-82.4013696@1000m"
ChIJKb5Lb9GFL4gRx_3fnb2tPPA,Oil Spring Car Wash,"2587 Margaret St, Oil Springs, ON N0N 1P0, Canada",Oil Springs,Zone 3 — Sarnia / Lambton County,corridor_nearby_search,"nearby:42.78428520000001,-82.1290886@1000m"
ChIJ6-yKcBPNOogRdEZ5Vx_Y_5I,Petit Dragon Motel,"165 1st St, Belle River, ON N8L 1K8, Canada",Belle River,Zone 1 — Windsor / Essex County,corridor_nearby_search,"nearby:42.2954143,-82.7100121@1000m"
ChIJk4sEuhDNOogR_hz4Kwxa-ig,Cooper Court Hotel,"561 Broadway St, Belle River, ON N8L 1K8, Canada",Belle River,Zone 1 — Windsor / Essex County,corridor_nearby_search,"nearby:42.2954143,-82.7100121@1000m"
ChIJJQtuvBPNOogRDTjEDm0hE_Q,O&M HAIR Salon,"573A Notre Dame St, Belle River, ON N8L 1K8, Canada",Belle River,Zone 1 — Windsor / Essex County,corridor_nearby_search,"nearby:42.2954143,-82.7100121@1000m"
ChIJf8bD-EqXLogRoOWfqdQik-0,ZORRA FIRE STATION,"682832 Dundas St #682812, Thamesford, ON N0M 2M0, Canada",Thamesford,Zone 4 — London / Middlesex,corridor_nearby_search,"nearby:43.0552462,-81.00625110000001@1000m"
ChIJYZHRR1CXLogRf8ibAmnH6Dc,Zorra Township Fire Station 1,"682820 Dundas St, Thamesford, ON N0M 2M0, Canada",Thamesford,Zone 4 — London / Middlesex,corridor_nearby_search,"nearby:43.0552462,-81.00625110000001@1000m"
ChIJa4VtgiuXLogR2t4r7sC4NhI,Thamesford Family Dental,"249 Dundas St, Thamesford, ON N0M 2M0, Canada",Thamesford,Zone 4 — London / Middlesex,corridor_nearby_search,"nearby:43.0552462,-81.00625110000001@1000m"
ChIJtavRrEqXLogRj11dd5ukdqo,Truth Community Church,"154978 15 Line, Thamesford, ON N0M 2M0, Canada",Thamesford,Zone 4 — London / Middlesex,corridor_nearby_search,"nearby:43.0552462,-81.00625110000001@1000m"
ChIJV7499EuXLogR9l6_j8W35qI,St. John's Anglican Church,"220 Dundas St W, Thamesford, ON N0M 2M0, Canada",Thamesford,Zone 4 — London / Middlesex,corridor_nearby_search,"nearby:43.0552462,-81.00625110000001@1000m"
ChIJq6qq_0uXLogR9Pp5tcZ6sFU,Cemetery,"Thamesford, ON N0M 2M0, Canada",Thamesford,Zone 4 — London / Middlesex,corridor_nearby_search,"nearby:43.0552462,-81.00625110000001@1000m"
ChIJMV-S7rKDK4gRaviiEFEZ070,Cassoulet Catering,"79 Brock Rd S, Guelph, ON N0B 2J0, Canada",Guelph,Zone 6 — Kitchener / Waterloo / Cambridge / Guelph,corridor_nearby_search,"nearby:43.4624801,-80.14991719999999@1000m"
ChIJy1O4N8OaK4gRr8ygJeCMCVk,Aberfoyle Antique Market,"57 Brock Rd S, Puslinch, ON N0B 2J0, Canada",Guelph,Zone 6 — Kitchener / Waterloo / Cambridge / Guelph,corridor_nearby_search,"nearby:43.4624801,-80.14991719999999@1000m"
ChIJPRVCy9CDK4gRggu_7sGTZPo,The Library,"80 Brock Rd S, Puslinch, ON N0B 2J0, Canada",Guelph,Zone 6 — Kitchener / Waterloo / Cambridge / Guelph,corridor_nearby_search,"nearby:43.4624801,-80.14991719999999@1000m"
ChIJcS4Gyq-DK4gRz5tm7WD3Hr0,Puslinch Optimist Recreation Centre,"23 Brock Rd S, Puslinch, ON N0B 2J0, Canada",Guelph,Zone 6 — Kitchener / Waterloo / Cambridge / Guelph,corridor_nearby_search,"nearby:43.4624801,-80.14991719999999@1000m"
ChIJR6nxKK6DK4gR3rmn2tsewLM,"Wellington County Library, Puslinch Branch","29 Brock Rd S, Puslinch, ON N0B 2J0, Canada",Guelph,Zone 6 — Kitchener / Waterloo / Cambridge / Guelph,corridor_nearby_search,"nearby:43.4624801,-80.14991719999999@1000m"
ChIJ6QntoiVvK4gRReVEmZaO5ek,All Kind Construction & Property Management,"15 Brownridge Road Unit 5, Halton Hills, ON L7G 0E2, Canada",Grand Bend,Zone 3 — Sarnia / Lambton County,corridor_nearby_search,"nearby:43.5504621,-79.860681@1000m"
ChIJq1E6DLwvK4gRMkeyqhhnDWM,Alliance Millwork - Kitchen Cabinets Vaughan,"97 Buttermill Ave., Vaughan, ON L4K 3X2, Canada",Stoney Point,Zone 1 — Windsor / Essex County,corridor_nearby_search,"nearby:43.800179,-79.53167169999999@1000m"
ChIJNdm6w6MvK4gRQ6b1qkG5Wco,Pantalone Realty Corporation Ltd,"291 Edgeley Blvd, Concord, ON L4K 3Z4, Canada",Stoney Point,Zone 1 — Windsor / Essex County,corridor_nearby_search,"nearby:43.800179,-79.53167169999999@1000m"
ChIJ94MP27L1K4gR0sWxNHCvrOI,Adorel beauty studio,"31 Mcbrine Dr Unit 6, Kitchener, ON N2R 1J1, Canada",Belmont,Zone 4 — London / Middlesex,corridor_nearby_search,"nearby:43.4024663,-80.477683@1000m"
ChIJ_W7SQY5dJYgRnZ-A8tlhJwU,Kitchen Design at Rona,"860 Murray St, Wallaceburg, ON N8A 1W4, Canada",Wallaceburg,Zone 2 — Chatham-Kent,corridor_nearby_search,"nearby:42.5760744,-82.3823089@1000m"
ChIJ0S7TpwHwLogRjQM4huin1v4,"Domino's Pizza London, Ontario Office","1565 N Routledge Park #3, London, ON N6H 5L5, Canada",London,Zone 4 — London / Middlesex,corridor_nearby_search,"nearby:42.9993888,-81.3369333@1000m"
ChIJOTVqoy3xLogRT0hE8zBCMGE,Cafe at 3L,"1535 N Routledge Park, London, ON N6H 5L6, Canada",London,Zone 4 — London / Middlesex,corridor_nearby_search,"nearby:42.9993888,-81.3369333@1000m"
ChIJAQCQGUFdJYgRzHfbxCzq2TM,Wallace Property Management Inc,"780 Wallace St E, Wallaceburg, ON N8A 1M6, Canada",Wallaceburg,Zone 2 — Chatham-Kent,corridor_nearby_search,"nearby:42.5910697,-82.3731262@1000m"
ChIJ0TBcNeDzK4gRaIvduXVUyIU,BBQ Boyzz & Smokehouse Catering Company,"70 Dumart Pl, Kitchener, ON N2K 3C7, Canada",Harrow,Zone 1 — Windsor / Essex County,corridor_nearby_search,"nearby:43.4817319,-80.46036409999999@1000m"
ChIJteXyxFGXLogRI54PXQVmrCc,Brunny's Sports Bar & Grill,"121 Dundas St, Thamesford, ON N0M 2M0, Canada",Thamesford,Zone 4 — London / Middlesex,corridor_nearby_search,"nearby:43.0586896,-80.9964179@1000m"
ChIJf3lvZdnzLogRdqLhQcT2D1k,Extended Beauty Spa & Training Studio,"124 Allen St, Thamesford, ON N0M 2M0, Canada",Thamesford,Zone 4 — London / Middlesex,corridor_nearby_search,"nearby:43.0586896,-80.9964179@1000m"
ChIJ8fZUP_grLIgR1PQDXGmQIng,Beer Store 3042,"114 Concession St E, Tillsonburg, ON N4G 1P7, Canada",Bayham,Zone 4 — London / Middlesex,corridor_nearby_search,"nearby:42.8680517,-80.7219593@1000m"
ChIJUc_OSfgrLIgR-sdS8_ggG_A,Asado Burrito Fresh Mexican Grill - Burrito Restaurant | Pizza | Mexican Food Tillsonburg,"124 Tillson Ave, Tillsonburg, ON N4G 3A5, Canada",Bayham,Zone 4 — London / Middlesex,corridor_nearby_search,"nearby:42.8680517,-80.7219593@1000m"
ChIJW3rb3nr4L4gRrcO_T4tipDU,Chatham-Kent Fire Station 2,"270 Sandys St, Chatham, ON N7L 3P8, Canada",Chatham,Zone 2 — Chatham-Kent,corridor_nearby_search,"nearby:42.4096078,-82.20377839999999@1000m"
ChIJG7Rhygr5L4gRyKHnH0F3rmY,Namaste Restaurant & Bar,"170 McNaughton Ave W, Chatham, ON N7L 1R2, Canada",Chatham,Zone 2 — Chatham-Kent,corridor_nearby_search,"nearby:42.4096078,-82.20377839999999@1000m"
ChIJHRVnK875L4gRZHgmvwruntk,True North Cannabis Co - Chatham Dispensary - McNaughton Ave,"170 McNaughton Ave W Unit 4, Chatham-Kent, ON N7L 1R4, Canada",Chatham,Zone 2 — Chatham-Kent,corridor_nearby_search,"nearby:42.4096078,-82.20377839999999@1000m"
ChIJsdNxEDP5L4gRzMR6Pl9RWUM,MyLinh Nails & Spa,"180 McNaughton Ave W #3, Chatham, ON N7L 4Z7, Canada",Chatham,Zone 2 — Chatham-Kent,corridor_nearby_search,"nearby:42.4096078,-82.20377839999999@1000m"
ChIJhdZgH3v4L4gR_DGpodPlens,McNaughton Pharmacy,"180 McNaughton Ave W #2, Chatham, ON N7L 4Z7, Canada",Chatham,Zone 2 — Chatham-Kent,corridor_nearby_search,"nearby:42.4096078,-82.20377839999999@1000m"
ChIJe9sfFwD5L4gRtTDhNqIvlU8,The Urban Grill,"180 McNaughton Ave W, Chatham, ON N7L 4Z7, Canada",Chatham,Zone 2 — Chatham-Kent,corridor_nearby_search,"nearby:42.4096078,-82.20377839999999@1000m"
ChIJf83XRM35L4gRBUD6hTHmmdU,Original Guys Pizza Pies - OG Pizza (Chatham),"170 McNaughton Ave W #2, Chatham, ON N7L 1R4, Canada",Chatham,Zone 2 — Chatham-Kent,corridor_nearby_search,"nearby:42.4096078,-82.20377839999999@1000m"
ChIJOTvarfB3LIgR8fh7kZXT9ks,Canadian Made Apparel Inc.,"111 Savage Dr, Cambridge, ON N1T 1S5, Canada",Wardsville,Zone 4 — London / Middlesex,corridor_nearby_search,"nearby:43.3655012,-80.2856154@1000m"
ChIJTVSOx_B3LIgRC4mUMSZwb9E,SmartStop Self Storage,"111 Savage Dr, Cambridge, ON N1T 1S5, Canada",Wardsville,Zone 4 — London / Middlesex,corridor_nearby_search,"nearby:43.3655012,-80.2856154@1000m"
ChIJIa1H29h3LIgRvwu6WY-GC3U,Chaves Auto Detailing,"111 Savage Dr, Cambridge, ON N1T 1S5, Canada",Wardsville,Zone 4 — London / Middlesex,corridor_nearby_search,"nearby:43.3655012,-80.2856154@1000m"
ChIJtTSvVRE_K4gRefi3HhHfxjE,JP Truck Driving School,"55 Rutherford Rd S, Brampton, ON L6W 3J4, Canada",Cedar Springs,Zone 2 — Chatham-Kent,corridor_nearby_search,"nearby:43.6966391,-79.73743189999999@1000m"
ChIJiz6jGRw-K4gRlt7dKTXEIgs,Real City Realty INC - Flat Fee Brokerage,"55 Rutherford Rd S #3, Brampton, ON L6W 3J4, Canada",Cedar Springs,Zone 2 — Chatham-Kent,corridor_nearby_search,"nearby:43.6966391,-79.73743189999999@1000m"
ChIJJXxulM7dLogRpCT5ekFrwhU,Beauty Basics,"177 Spencer Ave, Lucan, ON N0M 2J0, Canada",Lucan Biddulph,Zone 4 — London / Middlesex,corridor_nearby_search,"nearby:43.1872421,-81.39720229999999@1000m"
ChIJWcMVx3DdLogRkq7B8OA1shk,Saintsbury Family Dental,"100 Main St, Lucan, ON N0M 2J0, Canada",Lucan Biddulph,Zone 4 — London / Middlesex,corridor_nearby_search,"nearby:43.1872421,-81.39720229999999@1000m"
ChIJuQswzrvdLogRoArdJch34Mg,Gateway Church,"120 Main St, Lucan, ON N0M 2J0, Canada",Lucan Biddulph,Zone 4 — London / Middlesex,corridor_nearby_search,"nearby:43.1872421,-81.39720229999999@1000m"
ChIJo4z5UGndLogR4zmyB5qTY68,Quickie Convenience Store,"33406 Richmond St, Lucan, ON N0M 2J0, Canada",Lucan Biddulph,Zone 4 — London / Middlesex,corridor_nearby_search,"nearby:43.1872421,-81.39720229999999@1000m"
ChIJpax33mmcLogRm1-6HYL7fvI,A&W Canada,"170 Culloden Rd, Ingersoll, ON N5C 3J7, Canada",Ingersoll,Zone 4 — London / Middlesex,corridor_nearby_search,"nearby:43.0170636,-80.87469589999999@1000m"
ChIJY7367XyXLogRPcw1LR0aLEM,CWK Consignment,"90 Samnah Crescent, Ingersoll, ON N5C 3J7, Canada",Ingersoll,Zone 4 — London / Middlesex,corridor_nearby_search,"nearby:43.0170636,-80.87469589999999@1000m"
ChIJx_qej0KcLogRhnVTkuqcD90,Detail Auto Spa,"40 Samnah Crescent, Ingersoll, ON N5C 3J7, Canada",Ingersoll,Zone 4 — London / Middlesex,corridor_nearby_search,"nearby:43.0170636,-80.87469589999999@1000m"
ChIJFYAsfIuTL4gR9rdCJcnMCYE,St Matthews Anglican Church,"6219 Fansher Rd, Florence, ON N0P 1R0, Canada",Dawn-Euphemia,Zone 3 — Sarnia / Lambton County,corridor_nearby_search,"nearby:42.6529844,-82.0082695@1000m"
ChIJq1WmndiML4gR6ukSPvF8HzY,Florence & District Community Centre,"Florence, ON N0P 1R0, Canada",Dawn-Euphemia,Zone 3 — Sarnia / Lambton County,corridor_nearby_search,"nearby:42.6529844,-82.0082695@1000m"
ChIJ32uvbi-SL4gREHK3qhMSiDs,Lambton College Legacy Project - Dawn Euphemia,"6213 Mill St, Florence, ON N0P 1R0, Canada",Dawn-Euphemia,Zone 3 — Sarnia / Lambton County,corridor_nearby_search,"nearby:42.6529844,-82.0082695@1000m"
ChIJHZmubi-SL4gR-G_obND7s1c,Florence Library,"6213 Mill St, Florence, ON N0P 1R0, Canada",Dawn-Euphemia,Zone 3 — Sarnia / Lambton County,corridor_nearby_search,"nearby:42.6529844,-82.0082695@1000m"
ChIJWfyXhB0tO4gRaiBXwz0of3k,Albanian Eagle Cafe,"707 Erie St E, Windsor, ON N9A 3Y3, Canada",Windsor,Zone 1 — Windsor / Essex County,corridor_nearby_search,"nearby:42.3124822,-83.02340300000002@1000m"
ChIJYRTsJPMtO4gRh82mtjB9fCk,Latin Restaurant El Milagro,"769 Erie St E B, Windsor, ON N9A 3Y2, Canada",Windsor,Zone 1 — Windsor / Essex County,corridor_nearby_search,"nearby:42.3124822,-83.02340300000002@1000m"
ChIJd3VVFWItO4gRk1-09hDYe2U,Lolo Café,"769 Erie St E Unit C, Windsor, ON N9A 3Y3, Canada",Windsor,Zone 1 — Windsor / Essex County,corridor_nearby_search,"nearby:42.3124822,-83.02340300000002@1000m"
ChIJ-br0DO8sO4gRtvy6AyJTDEE,Alex Barber Shop,"661 Erie St E, Windsor, ON N9A 3Y1, Canada",Windsor,Zone 1 — Windsor / Essex County,corridor_nearby_search,"nearby:42.3124822,-83.02340300000002@1000m"
ChIJ7wMXA1gtO4gRK35CuRW148A,EM Boutique Suites,"781 Erie St E, Windsor, ON N9A 3Y3, Canada",Windsor,Zone 1 — Windsor / Essex County,corridor_nearby_search,"nearby:42.3124822,-83.02340300000002@1000m"
ChIJezO6ZiUtO4gRZ6bPX6FRQxE,Gina's Cafe windsor,"770 Erie St E, Windsor, ON N9A 3Y2, Canada",Windsor,Zone 1 — Windsor / Essex County,corridor_nearby_search,"nearby:42.3124822,-83.02340300000002@1000m"
ChIJxaH5DgKuLogRzz4t3hJPQrE,A & B Coffee & Vending,"291 Lorne Ave E U#5, Stratford, ON N4Z 1H3, Canada",Amherstburg,Zone 1 — Windsor / Essex County,corridor_nearby_search,"nearby:43.3593537,-81.0052031@1000m"
ChIJ0WKaDqOcJYgRUx4qFpj15aQ,Flakery Bakery,"516 Louisa St, Point Edward, ON N7V 1W8, Canada",Point Edward,Zone 3 — Sarnia / Lambton County,corridor_nearby_search,"nearby:42.9926594,-82.4069276@1000m"
ChIJUe27FqOcJYgRdzrdc0dvcfk,Village Massage Therapy,"512 Louisa St, Point Edward, ON N7V 1W8, Canada",Point Edward,Zone 3 — Sarnia / Lambton County,corridor_nearby_search,"nearby:42.9926594,-82.4069276@1000m"
ChIJ907ajgCzOogRW9h_LVpriho,Tilbury Walk-In Clinic,"15 Mill St E, Tilbury, ON N0P 2L0, Canada",Tilbury,Zone 2 — Chatham-Kent,corridor_nearby_search,"nearby:42.2648462,-82.42655119999999@1000m"
ChIJmZKU6Cb3LogR-ol6IC4RPoc,Range Property Management,"60 Meg Dr, London, ON N6E 3T6, Canada",London,Zone 4 — London / Middlesex,corridor_nearby_search,"nearby:42.9227445,-81.23075229999999@1000m"
ChIJ_12WyqRE04kRDNiPrGGeDvw,Apple Self Storage,"4655 Kent Ave, Niagara Falls, ON L2H 1J3, Canada",Thamesville,Zone 2 — Chatham-Kent,corridor_nearby_search,"nearby:43.10492740000001,-79.12075229999999@1000m"
ChIJR7gyJJhF04kRRczq-4CDQpc,TDot Kitchen and Cabinets Niagara,"4807 Kent Ave, Niagara Falls, ON L2H 1J5, Canada",Thamesville,Zone 2 — Chatham-Kent,corridor_nearby_search,"nearby:43.10492740000001,-79.12075229999999@1000m"
ChIJCfmox43zK4gRYOGn_1jgI9U,Apple Self Storage,"290 Marsland Dr, Waterloo, ON N2J 3Z1, Canada",Kitchener,Zone 6 — Kitchener / Waterloo / Cambridge / Guelph,corridor_nearby_search,"nearby:43.4810974,-80.5162193@1000m"
ChIJp6RnlmbzK4gReUCa6ztZ69I,Realtor Rob Mansour - Real Estate Broker,"136 University Ave E, Waterloo, ON N2J 2W3, Canada",Kitchener,Zone 6 — Kitchener / Waterloo / Cambridge / Guelph,corridor_nearby_search,"nearby:43.4810974,-80.5162193@1000m"
ChIJiZIjasSHKk0RyXSv0Rj__gA,Kingdom Hall of Jehovah's Witnesses,"1070 Manitoba St, Bracebridge, ON P1L 0K8, Canada",Southwest Middlesex,Zone 4 — London / Middlesex,corridor_nearby_search,"nearby:45.0785983,-79.3361355@1000m"
ChIJFfK0ViA_K4gR4a2IgemtD8Y,Cosmopolitan Realty Brokerage (Best Real Estate),"2470 Lucknow Dr UNIT 14, Mississauga, ON L5S 1J9, Canada",Dealtown,Zone 2 — Chatham-Kent,corridor_nearby_search,"nearby:43.6952445,-79.6553785@1000m"
ChIJN4hmk1KVK4gRUlRgAsCu65E,Handsome Devil Bistro,"146 Metcalfe St, Elora, ON N0B 1S0, Canada",Centre Wellington,Zone 6 — Kitchener / Waterloo / Cambridge / Guelph,corridor_nearby_search,"nearby:43.6831233,-80.4310869@1000m"
ChIJEQ7XtmmVK4gR6e4GpBiePMU,Centre Wellington Dental,"71-D James St, Elora, ON N0B 1S0, Canada",Centre Wellington,Zone 6 — Kitchener / Waterloo / Cambridge / Guelph,corridor_nearby_search,"nearby:43.6831233,-80.4310869@1000m"
ChIJaaDuJ2aVK4gR5yD_Di06UmA,Elora Post Office,"128 Geddes St GD, Elora, ON N0B 0B9, Canada",Centre Wellington,Zone 6 — Kitchener / Waterloo / Cambridge / Guelph,corridor_nearby_search,"nearby:43.6831233,-80.4310869@1000m"
ChIJ333fgHWVK4gRRT4IvzXSIf8,Half Moon Boutique and Tangle Art Studio,"136 Metcalfe St, Elora, ON N0B 1S0, Canada",Centre Wellington,Zone 6 — Kitchener / Waterloo / Cambridge / Guelph,corridor_nearby_search,"nearby:43.6831233,-80.4310869@1000m"
ChIJbWNbIVHE1YkRpgBY-Q_lZNQ,St. Joseph Catholic Elementary School,"St. Joseph's Catholic Elementary School, 919 D'Arcy St, Cobourg, ON K9A 4B4, Canada",Dresden,Zone 2 — Chatham-Kent,corridor_nearby_search,"nearby:43.9779279,-78.1637326@1000m"
ChIJux-S1qvF1YkRJvVNx-UOrrc,CCC Canada Candy Company,"740 Division St Building 5, Cobourg, ON K9A 4S3, Canada",Dresden,Zone 2 — Chatham-Kent,corridor_nearby_search,"nearby:43.9779279,-78.1637326@1000m"
ChIJEZZpwVHE1YkRkX8jcoXKVk8,Lions Community Centre,"157 Elgin St E, Cobourg, ON K9A 1A1, Canada",Dresden,Zone 2 — Chatham-Kent,corridor_nearby_search,"nearby:43.9779279,-78.1637326@1000m"
ChIJWYyPSPnOKKIR0-47T6j5YqU,Century 21 Local Home Team Realty Inc. Julia Warren Realtor,"3200 Deziel Dr #310, Windsor, ON N8W 5K8, Canada",Windsor,Zone 1 — Windsor / Essex County,corridor_nearby_search,"nearby:42.2826847,-82.97117519999999@1000m"
ChIJe-CcuPcrO4gRfjyxA8ykxlA,Century 21 Local Home Team Realty Inc. Windsor,"3200 Deziel Dr #310, Windsor, ON N8W 5K8, Canada",Windsor,Zone 1 — Windsor / Essex County,corridor_nearby_search,"nearby:42.2826847,-82.97117519999999@1000m"
ChIJgZ5OH3EBEIsRzeZO15etzFs,Julianna Biondo Realtor® - Century 21 Local Home Team Realty Inc.,"3200 Deziel Dr #310, Windsor, ON N8W 5K8, Canada",Windsor,Zone 1 — Windsor / Essex County,corridor_nearby_search,"nearby:42.2826847,-82.97117519999999@1000m"
ChIJJSJ4Y2ZeWyARcxzDY9akeDs,John Rossi - Real Estate Agent,"3200 Deziel Dr #310, Windsor, ON N8W 5K8, Canada",Windsor,Zone 1 — Windsor / Essex County,corridor_nearby_search,"nearby:42.2826847,-82.97117519999999@1000m"
ChIJ5wXjkjUrO4gRVhiqwhNEkKk,Mike and Janet - Real Estate Sales Representatives,"Century 21 Local Home Team Realty, 3200 Deziel Dr #310, Windsor, ON N8W 5A5, Canada",Windsor,Zone 1 — Windsor / Essex County,corridor_nearby_search,"nearby:42.2826847,-82.97117519999999@1000m"
ChIJDxHS__X4L4gRca2aRSWFi90,St. Clair College Student Residence - Chatham Campus,"23407 Bear Line Rd, Chatham, ON N7M 5W4, Canada",Wheatley,Zone 1 — Windsor / Essex County,corridor_nearby_search,"nearby:42.3906533,-82.22480279999999@1000m"
ChIJpQwijlgvK4gREObkLDPfbiw,Foundation Group Real Estate & Property Management,"411 Confederation Pkwy #17, Concord, ON L4K 0A8, Canada",Stoney Point,Zone 1 — Windsor / Essex County,corridor_nearby_search,"nearby:43.8322545,-79.49326429999999@1000m"
ChIJH0nK18kuK4gRuxASm3GUMXI,Royal LePage Citizen Realty / Lisa Vogelsberg,"411 Confederation Pkwy #17, Concord, ON L4K 0A8, Canada",Stoney Point,Zone 1 — Windsor / Essex County,corridor_nearby_search,"nearby:43.8322545,-79.49326429999999@1000m"
ChIJH0nK18kuK4gRB_d5xGPIP00,Freed Hotel Residences / Royal LePage Citizen Realty,"411 Confederation Pkwy #17, Concord, ON L4K 0A8, Canada",Stoney Point,Zone 1 — Windsor / Essex County,corridor_nearby_search,"nearby:43.8322545,-79.49326429999999@1000m"
ChIJV9XxDX_R1IkRSENjAolDVvw,NASIM YUSUFI - ROYAL LEPAGE CITIZEN REALTY,"411 Confederation Pkwy #17, Concord, ON L4K 0A8, Canada",Stoney Point,Zone 1 — Windsor / Essex County,corridor_nearby_search,"nearby:43.8322545,-79.49326429999999@1000m"
ChIJIZ3a20EvK4gRx6crYuBE2nY,"Gilbert Realty Inc., Brokerage","411 Confederation Pkwy Unit 9, Concord, ON L4K 0A8, Canada",Stoney Point,Zone 1 — Windsor / Essex County,corridor_nearby_search,"nearby:43.8322545,-79.49326429999999@1000m"
ChIJI3iKE5svK4gRd8MGBFDPM5s,Westminster Property Management Corporation,"411 Confederation Pkwy Unit 9, Concord, ON L4K 0A8, Canada",Stoney Point,Zone 1 — Windsor / Essex County,corridor_nearby_search,"nearby:43.8322545,-79.49326429999999@1000m"
ChIJl0YRLG0gO4gR8OA5f7lpl-k,St Anthony of Padua Catholic Church,"120 Munger St W, Harrow, ON N0R 1G0, Canada",Essex,Zone 1 — Windsor / Essex County,corridor_nearby_search,"nearby:42.0390999,-82.91924639999999@1000m"
ChIJKy7U3z-IK4gREc5TmKn8m04,Lesley Barber Speech-Language Pathologist,"180 Shearson Crescent, Cambridge, ON N1T 1J6, Canada",Cambridge,Zone 6 — Kitchener / Waterloo / Cambridge / Guelph,corridor_nearby_search,"nearby:43.3974312,-80.30042569999999@1000m"
ChIJBX6JB7D1K4gRlCvGp9zEqvs,Vong Realty Group,"180 Shearson Crescent #6, Cambridge, ON N1T 1P4, Canada",Cambridge,Zone 6 — Kitchener / Waterloo / Cambridge / Guelph,corridor_nearby_search,"nearby:43.3974312,-80.30042569999999@1000m"
ChIJp5zrmlJhLogR2Fw0dv-F6ow,Explore Church,"1 Silver St, St Thomas, ON N5P 4L8, Canada",St. Thomas,Zone 4 — London / Middlesex,corridor_nearby_search,"nearby:42.7954511,-81.160797@1000m"
ChIJ5aA5A4BgLogRmGJbtKxaTs0,St. Thomas Fire Station 2,"235 Burwell Rd, St Thomas, ON N5P 4J7, Canada",St. Thomas,Zone 4 — London / Middlesex,corridor_nearby_search,"nearby:42.7954511,-81.160797@1000m"
ChIJ2UZjPw0aL4gRWW1ujlcI0rw,Strathroy Motor Inn,"28540 Centre Rd, Strathroy, ON N7G 3H6, Canada",Strathroy,Zone 4 — London / Middlesex,corridor_nearby_search,"nearby:42.9798265,-81.6286325@1000m"
ChIJe0IvH4AFL4gROtpyFdfwjNY,The Indian Herbs Kitchen,"Starthroy Motor Inn Parking, Lot, 28540 Centre Rd, Strathroy, ON N7G 3H6, Canada",Strathroy,Zone 4 — London / Middlesex,corridor_nearby_search,"nearby:42.9798265,-81.6286325@1000m"
ChIJJw3fTJUFL4gRVkTYzBHkTRQ,U-Haul Neighborhood Dealer,"28540 Centre Rd, Strathroy, ON N7G 3H6, Canada",Strathroy,Zone 4 — London / Middlesex,corridor_nearby_search,"nearby:42.9798265,-81.6286325@1000m"
ChIJu2hR8qrQOogRTvghWfxOpEE,St. Paul's Anglican Church,"92 St Paul St, Essex, ON N8M 1C4, Canada",Essex,Zone 1 — Windsor / Essex County,corridor_nearby_search,"nearby:42.1714972,-82.8185747@1000m"
ChIJl7FJT6rQOogRzphNFHwFh28,Magnetic Jewelry,"99 Talbot St S, Essex, ON N8M 2T1, Canada",Essex,Zone 1 — Windsor / Essex County,corridor_nearby_search,"nearby:42.1714972,-82.8185747@1000m"
ChIJhyjRjpbROogR91vIakkS8OQ,Pizza Hut,"105 Talbot St S, Essex, ON N8M 2P9, Canada",Essex,Zone 1 — Windsor / Essex County,corridor_nearby_search,"nearby:42.1714972,-82.8185747@1000m"
ChIJy08fmuwtO4gR4a3427a8Mk8,The We Store Cannabis & CBD - Windsor (Huron Church Rd),"1800 Huron Church Rd, Windsor, ON N9C 2L5, Canada",Windsor,Zone 1 — Windsor / Essex County,corridor_nearby_search,"nearby:42.2836285,-83.054999@1000m"
ChIJIwEmpb8tO4gRSy1A9-vlwQA,Taco Bell,"1790 Huron Church Rd, Windsor, ON N9C 2L4, Canada",Windsor,Zone 1 — Windsor / Essex County,corridor_nearby_search,"nearby:42.2836285,-83.054999@1000m"
ChIJt4w1nL8tO4gRyDrlYww5xwI,Dairy Queen Grill & Chill,"1818 Huron Church Rd, Windsor, ON N9C 2L5, Canada",Windsor,Zone 1 — Windsor / Essex County,corridor_nearby_search,"nearby:42.2836285,-83.054999@1000m"
ChIJ9fnvsL8tO4gRvkWD7mili24,Pizza Hut,"1770 Huron Church Rd, Windsor, ON N9C 2L4, Canada",Windsor,Zone 1 — Windsor / Essex County,corridor_nearby_search,"nearby:42.2836285,-83.054999@1000m"
ChIJt4w1nL8tO4gRdGvS7QA2f5o,Beer Store 3260,"1818 Huron Church Rd, Windsor, ON N9C 2L5, Canada",Windsor,Zone 1 — Windsor / Essex County,corridor_nearby_search,"nearby:42.2836285,-83.054999@1000m"
ChIJ7wMTgN8tO4gR-Qdn_TrdgB4,Isleep Inn,"1800 Daytona Ave, Windsor, ON N9B 3W5, Canada",Windsor,Zone 1 — Windsor / Essex County,corridor_nearby_search,"nearby:42.2836285,-83.054999@1000m"
ChIJqfI_lr8tO4gR48-ImbVIXjQ,Huron Church Animal Hospital,"1797 Huron Church Rd, Windsor, ON N9C 2L3, Canada",Windsor,Zone 1 — Windsor / Essex County,corridor_nearby_search,"nearby:42.2836285,-83.054999@1000m"
ChIJS8UCrb8tO4gRoKtAIWICWhY,Beauty Boutique by Shoppers Drug Mart,"1760 Huron Church Rd, Windsor, ON N9C 2L4, Canada",Windsor,Zone 1 — Windsor / Essex County,corridor_nearby_search,"nearby:42.2836285,-83.054999@1000m"
ChIJz2R-sb8tO4gRkmJGFGS4_F8,Shoppers Drug Mart,"1760 Huron Church Rd, Windsor, ON N9C 2L4, Canada",Windsor,Zone 1 — Windsor / Essex County,corridor_nearby_search,"nearby:42.2836285,-83.054999@1000m"
ChIJpTwN05AtO4gRAb-ufNvdsRQ,KFC,"1840 Huron Church Rd, Windsor, ON N9C 2L5, Canada",Windsor,Zone 1 — Windsor / Essex County,corridor_nearby_search,"nearby:42.2836285,-83.054999@1000m"
ChIJK1ncDoItO4gRIOkfktxRfcE,Sunset Grill,"1830 Huron Church Rd Unit 2, Windsor, ON N9C 2L5, Canada",Windsor,Zone 1 — Windsor / Essex County,corridor_nearby_search,"nearby:42.2836285,-83.054999@1000m"
ChIJryEg-uA0KYgRc44MvRPcXn0,Heron Pose Yoga,"118 Huron Rd, Mitchell, ON N0K 1N0, Canada",Mitchell's Bay,Zone 2 — Chatham-Kent,corridor_nearby_search,"nearby:43.4758322,-81.214258@1000m"
ChIJwYU4RqWcJYgRIq_GbBbbWAI,LCBO,"692 Lite St, Point Edward, ON N7V 1A5, Canada",Sarnia,Zone 3 — Sarnia / Lambton County,corridor_nearby_search,"nearby:42.9905661,-82.40481659999999@1000m"
ChIJSWlPaVh5L4gRFTVbNxDcOWA,"Marcanda Gifts , Tea Room& Boutique","4562 London Line, Wyoming, ON N0N 1T0, Canada",Wyoming,Zone 3 — Sarnia / Lambton County,corridor_nearby_search,"nearby:42.98002340000001,-82.1097893@1000m"
ChIJQ8ZlaVh5L4gRiKDzHu8aa2w,Country View Motel & RV Resort,"4569 London Line, Wyoming, ON N0N 1T0, Canada",Wyoming,Zone 3 — Sarnia / Lambton County,corridor_nearby_search,"nearby:42.98002340000001,-82.1097893@1000m"
ChIJkVRK9Vh5L4gR6ov1Gm_mXRE,Countryview Motel and RV Resort,"Plympton-Wyoming, ON N0N 1T0, Canada",Wyoming,Zone 3 — Sarnia / Lambton County,corridor_nearby_search,"nearby:42.98002340000001,-82.1097893@1000m"
ChIJOWy3jFd5L4gRuF1dyKlfCyY,Convenience Store,"4509 London Line, Wyoming, ON N0N 1T0, Canada",Wyoming,Zone 3 — Sarnia / Lambton County,corridor_nearby_search,"nearby:42.98002340000001,-82.1097893@1000m"
ChIJO4Rihyd5L4gRJ7cALpndEio,Pizza Pizza,"Gulf Gas Station, 4493 London Line, Wyoming, ON N0N 1T0, Canada",Wyoming,Zone 3 — Sarnia / Lambton County,corridor_nearby_search,"nearby:42.98002340000001,-82.1097893@1000m"
ChIJcUe9ZaKLK4gR03HymBTNlws,Bento Sushi,"1375 Weber St E, Kitchener, ON N2A 2Y7, Canada",Kitchener,Zone 6 — Kitchener / Waterloo / Cambridge / Guelph,corridor_nearby_search,"nearby:43.43094320000001,-80.4429505@1000m"
ChIJIYo9HDiZLIgR0ZvvVsJ8KUc,Dollarama,"1375 Weber St E, Kitchener, ON N2A 3A7, Canada",Kitchener,Zone 6 — Kitchener / Waterloo / Cambridge / Guelph,corridor_nearby_search,"nearby:43.43094320000001,-80.4429505@1000m"
ChIJdRAfkCaLK4gRqSgQX8J-Mbc,Loblaw pharmacy,"1375 Weber St E, Kitchener, ON N2A 2Y7, Canada",Kitchener,Zone 6 — Kitchener / Waterloo / Cambridge / Guelph,corridor_nearby_search,"nearby:43.43094320000001,-80.4429505@1000m"
ChIJWWVa9DT1K4gRmqy6qcMjP5I,Zaymaq Boutique,"1333 Weber St E, Kitchener, ON N2A 1C2, Canada",Kitchener,Zone 6 — Kitchener / Waterloo / Cambridge / Guelph,corridor_nearby_search,"nearby:43.43094320000001,-80.4429505@1000m"
ChIJlUgaLiN2JYgRzVrNP7otZ3w,Aamjiwnaang Binoojiinyag Kino Maagewgamgoos Early Learning Centre,"1900 Virgil Ave, Sarnia, ON N7T 8A7, Canada",Point Edward,Zone 3 — Sarnia / Lambton County,corridor_nearby_search,"nearby:42.9127339,-82.4505411@1000m"
ChIJyQ49dGR3JYgRz7ucXPA0xmk,Little Chickadee Bakery,"1712 Vidal St S, Sarnia, ON N7T 7Y1, Canada",Point Edward,Zone 3 — Sarnia / Lambton County,corridor_nearby_search,"nearby:42.9127339,-82.4505411@1000m"
ChIJr__DKA53JYgRA8xdcNH23XQ,Waterfront Smoke Shop,"1836 St Clair Pkwy, Sarnia, ON N7T 7H5, Canada",Point Edward,Zone 3 — Sarnia / Lambton County,corridor_nearby_search,"nearby:42.9127339,-82.4505411@1000m"
ChIJq6rakYVgLogRj1NAvBJknP8,Yurek Pharmacy Limited,"31 Laing Blvd, St Thomas, ON N5P 3Z4, Canada",St. Thomas,Zone 4 — London / Middlesex,corridor_nearby_search,"nearby:42.7878326,-81.1533456@1000m"
ChIJDQRbv9dfLogRNG1KfDZkoao,Smurf's Truck & Auto Detailing,"37 Laing Blvd, St Thomas, ON N5P 3Z4, Canada",St. Thomas,Zone 4 — London / Middlesex,corridor_nearby_search,"nearby:42.7878326,-81.1533456@1000m"
ChIJp-npkqqzOogRc3ocyPw5WJ0,ST Andrew's Anglican Church,"17 Superior St, Tilbury, ON N0P 2L0, Canada",Stoney Point,Zone 1 — Windsor / Essex County,corridor_nearby_search,"nearby:42.2615098,-82.4339274@1000m"
ChIJKQfUtqqzOogRT2DpIn2mK90,Chatham-Kent Fire Station 19,"9 Superior St, Tilbury, ON N0P 2L0, Canada",Stoney Point,Zone 1 — Windsor / Essex County,corridor_nearby_search,"nearby:42.2615098,-82.4339274@1000m"
ChIJ45S9UQCzOogRnyacUFxbmwU,The Great Wall Bar & Restaurant,"71 Queen St N, Tilbury, ON N0P 2L0, Canada",Stoney Point,Zone 1 — Windsor / Essex County,corridor_nearby_search,"nearby:42.2615098,-82.4339274@1000m"
ChIJUyhU8HazOogRGgIDJ9iTA8U,Helena's Cakes & Café,"41 Queen St N, Tilbury, ON N0P 2L0, Canada",Stoney Point,Zone 1 — Windsor / Essex County,corridor_nearby_search,"nearby:42.2615098,-82.4339274@1000m"
ChIJj0Je_0WzOogRzu9h_tv8Zqs,Buckingham Realty (Windsor) Ltd. (Tilbury Office),"45 Queen St N, Tilbury, ON N0P 2L0, Canada",Stoney Point,Zone 1 — Windsor / Essex County,corridor_nearby_search,"nearby:42.2615098,-82.4339274@1000m"
ChIJ5412tKqzOogRUGBNqsJVTt0,Buckingham Realty,"45 Queen St N, Tilbury, ON N0P 2L0, Canada",Stoney Point,Zone 1 — Windsor / Essex County,corridor_nearby_search,"nearby:42.2615098,-82.4339274@1000m"
ChIJaTekOTD1L4gRWu8cOL7Yvqk,Subway,"438 St George St, Dresden, ON N0P 1M0, Canada",Dresden,Zone 2 — Chatham-Kent,corridor_nearby_search,"nearby:42.59053369999999,-82.17983679999999@1000m"
ChIJr6Fiw_LsL4gRtbyU2bat08s,Jeff's Barber Shop,"455 St George St S, Dresden, ON N0P 1M0, Canada",Dresden,Zone 2 — Chatham-Kent,corridor_nearby_search,"nearby:42.59053369999999,-82.17983679999999@1000m"
ChIJxyZnVy71L4gRL3Mzsj3szqc,Godfathers Pizza - Dresden,"474 St George St, Dresden, ON N0P 1M0, Canada",Dresden,Zone 2 — Chatham-Kent,corridor_nearby_search,"nearby:42.59053369999999,-82.17983679999999@1000m"
ChIJ1TKTVy71L4gRglCnB09slQw,MacTavish Pharmacy,"480 St George St, Dresden, ON N0P 1M0, Canada",Dresden,Zone 2 — Chatham-Kent,corridor_nearby_search,"nearby:42.59053369999999,-82.17983679999999@1000m"
ChIJTaJKIxi-K4gRB9N5-qeObxg,Mission Thrift Store • Fergus,"525 Maple St, Fergus, ON N1M 0B6, Canada",Fergus,Zone 6 — Kitchener / Waterloo / Cambridge / Guelph,corridor_nearby_search,"nearby:43.6986768,-80.3865299@1000m"
ChIJYUosCSCVK4gRJmWni7eMdMQ,Pharmasave Trailside Pharmacy & Compounding,"6420 Beatty Line N #101, Fergus, ON N1M 3B1, Canada",Fergus,Zone 6 — Kitchener / Waterloo / Cambridge / Guelph,corridor_nearby_search,"nearby:43.6986768,-80.3865299@1000m"
ChIJiTgZx34rLIgRjrjzfFuUlu4,Zafiato Cafe Supplies,"1450 Bell Mill Side Rd Unit B, Tillsonburg, ON N4G 4G9, Canada",Bayham,Zone 4 — London / Middlesex,corridor_nearby_search,"nearby:42.8491134,-80.7050958@1000m"
ChIJ27ug6jvdOogRRkd9QCIklgg,Green Heart Kitchen,"28 Main St W, Kingsville, ON N9Y 1H1, Canada",Kingsville,Zone 1 — Windsor / Essex County,corridor_nearby_search,"nearby:42.0383424,-82.7407535@1000m"
ChIJz75abi7dOogROGR3Wld9CNA,The Green Heart Inn - Superior Apartment,"Kingsville, ON N9Y 1H1, Canada",Kingsville,Zone 1 — Windsor / Essex County,corridor_nearby_search,"nearby:42.0383424,-82.7407535@1000m"
ChIJcd6xutfdOogROgTnY3Oi_Xw,Miller's Bakery,"21 Chestnut St, Kingsville, ON N9Y 1J9, Canada",Kingsville,Zone 1 — Windsor / Essex County,corridor_nearby_search,"nearby:42.0383424,-82.7407535@1000m"
ChIJU0qVcy7dOogRfK8ZiVQFFLw,Elite Restaurant,"20 Main St W, Kingsville, ON N9Y 1H1, Canada",Kingsville,Zone 1 — Windsor / Essex County,corridor_nearby_search,"nearby:42.0383424,-82.7407535@1000m"
ChIJ-aiQcS7dOogRZVIW_0GhvkI,The Main Grill and Ale House,"24 Main St W, Kingsville, ON N9Y 1H1, Canada",Kingsville,Zone 1 — Windsor / Essex County,corridor_nearby_search,"nearby:42.0383424,-82.7407535@1000m"
ChIJH84CfgDdOogR4dlqSuFkc1g,Chuck's Roadhouse Bar & Grill,"32 Main St W, Kingsville, ON N9Y 1H3, Canada",Kingsville,Zone 1 — Windsor / Essex County,corridor_nearby_search,"nearby:42.0383424,-82.7407535@1000m"
ChIJ058Yb18pO4gRl142lAJT_AY,Welcome Home Kitchen & Bath,"2560 Central Ave, Windsor, ON N8W 4J5, Canada",Windsor,Zone 1 — Windsor / Essex County,corridor_nearby_search,"nearby:42.2980791,-82.97473099999999@1000m"
ChIJgTsa0SgsO4gRufcilZx6I-g,Windsor Real Estate Photography,"2556 Central Ave Unit 1A, Windsor, ON N8W 4J5, Canada",Windsor,Zone 1 — Windsor / Essex County,corridor_nearby_search,"nearby:42.2980791,-82.97473099999999@1000m"
ChIJ58atEhycLogRZlX4sVvED08,Miss Ingersoll Restaurant,"107 Thames St S, Ingersoll, ON N5C 2J3, Canada",Ingersoll,Zone 4 — London / Middlesex,corridor_nearby_search,"nearby:43.039309,-80.8826856@1000m"
ChIJp3aCbBycLogRiIFC17d5dvA,Dairy Queen Grill & Chill,"5 Charles St E, Ingersoll, ON N5C 1J5, Canada",Ingersoll,Zone 4 — London / Middlesex,corridor_nearby_search,"nearby:43.039309,-80.8826856@1000m"
ChIJF98NWgCdLogRW38IT-T57vE,The Evergreen Coffee Lounge,"111 Thames St S, Ingersoll, ON N5C 2T3, Canada",Ingersoll,Zone 4 — London / Middlesex,corridor_nearby_search,"nearby:43.039309,-80.8826856@1000m"
ChIJAY8ChCudLogRN6maOYwMqq4,Aftermath Tattoo Studios,"103 Thames St S, Ingersoll, ON N5C 2T3, Canada",Ingersoll,Zone 4 — London / Middlesex,corridor_nearby_search,"nearby:43.039309,-80.8826856@1000m"
ChIJGQVHnh6cLogRNEHxuMUoOds,Jessica Quesnel:Re/Max a-b Realty Ltd. Brokerage,"46 Charles St E, Ingersoll, ON N5C 1J6, Canada",Ingersoll,Zone 4 — London / Middlesex,corridor_nearby_search,"nearby:43.039309,-80.8826856@1000m"
ChIJGQVHnh6cLogRaW4Q6RwVOZs,"Cathy DosSantos , RETIRED from Realty a-b Ltd. Broker","46 Charles St E, Ingersoll, ON N5C 1J6, Canada",Ingersoll,Zone 4 — London / Middlesex,corridor_nearby_search,"nearby:43.039309,-80.8826856@1000m"
ChIJ-ZrncrU7L4gRATqO-ulVuOI,Danu Cellars at Dark Horse Estate Winery,"70665 B Line, Grand Bend, ON N0M 1T0, Canada",Grand Bend,Zone 3 — Sarnia / Lambton County,corridor_nearby_search,"nearby:43.3041419,-81.7350452@1000m"
ChIJuVqVFgBvL4gRH6aBR7VMqE4,Bluecoast Laundromat,"7 James St N, Forest, ON N0N 1J0, Canada",Forest,Zone 3 — Sarnia / Lambton County,corridor_nearby_search,"nearby:43.0975036,-82.00165129999999@1000m"
ChIJI3r-NwBvL4gRscgCCZQQesA,Vitalpoint Church Forest,"24 King St W, Forest, ON N0N 1J0, Canada",Forest,Zone 3 — Sarnia / Lambton County,corridor_nearby_search,"nearby:43.0975036,-82.00165129999999@1000m"
ChIJu6KMMh1vL4gRfciXiAheTVU,Cana China Restaurant,"20 King St W, Forest, ON N0N 1J0, Canada",Forest,Zone 3 — Sarnia / Lambton County,corridor_nearby_search,"nearby:43.0975036,-82.00165129999999@1000m"
ChIJG-zkpgRvL4gRH5GJJEaB8_U,Forest Dental Office Dr Jennifer Burns,"5 Ann St, Forest, ON N0N 1J0, Canada",Forest,Zone 3 — Sarnia / Lambton County,corridor_nearby_search,"nearby:43.0975036,-82.00165129999999@1000m"
ChIJpwbbrGt8JYgR4mEfqyHwOu0,Steadman Brothers Funeral Chapels,"3040 Brigden Rd, Brigden, ON N0N 1B0, Canada",Dawn-Euphemia,Zone 3 — Sarnia / Lambton County,corridor_nearby_search,"nearby:42.8139844,-82.2840449@1000m"
ChIJQ1cNphp9JYgR89e6n1nfJ2o,Brigden Pizza,"3022 Brigden Rd, Brigden, ON N0N 1B0, Canada",Dawn-Euphemia,Zone 3 — Sarnia / Lambton County,corridor_nearby_search,"nearby:42.8139844,-82.2840449@1000m"
ChIJ1TP_f2l8JYgRbTdHjSCTnCo,The Tousled Chair Hair Salon,"3016 Brigden Rd, Brigden, ON N0N 1B0, Canada",Dawn-Euphemia,Zone 3 — Sarnia / Lambton County,corridor_nearby_search,"nearby:42.8139844,-82.2840449@1000m"
ChIJ123RA2x8JYgRUGYhx4H40wI,Brigden Fire Station,"1561 1st St, Brigden, ON N0N 1B0, Canada",Dawn-Euphemia,Zone 3 — Sarnia / Lambton County,corridor_nearby_search,"nearby:42.8139844,-82.2840449@1000m"
ChIJR0W9y799LogRNLLY30YlkKI,Color Boutique,"272 John St S, Aylmer, ON N5H 2E2, Canada",Aylmer,Zone 4 — London / Middlesex,corridor_nearby_search,"nearby:42.7671822,-80.9827268@1000m"
ChIJOybetyF9LogR5w9E42KpH8w,Platinum Mobile Auto Detailing Aylmer,"53 Clarence St, Aylmer, ON N5H 1T6, Canada",Aylmer,Zone 4 — London / Middlesex,corridor_nearby_search,"nearby:42.7671822,-80.9827268@1000m"
ChIJVffLGc58LogR_IuYArQekQ0,Assumption Catholic Elementary School,"42 South Street E, Aylmer, ON N5H 1S6, Canada",Aylmer,Zone 4 — London / Middlesex,corridor_nearby_search,"nearby:42.7671822,-80.9827268@1000m"
ChIJgay4CtJ8LogR11kR7AZ91ic,Aylmer Baptist Church,"153 John St S, Aylmer, ON N5H 2C6, Canada",Aylmer,Zone 4 — London / Middlesex,corridor_nearby_search,"nearby:42.7671822,-80.9827268@1000m"
ChIJ_RinwP0oLIgRp5sVo-9CF9I,Gary Overbeek Real Estate Agent & Team - YOUR HOME SOLD GUARANTEED* Woodstock Realtor,"1269 Commerce Way Unit 2B, Woodstock, ON N4V 0A2, Canada",Woodstock,Zone 5 — Woodstock / Oxford County,corridor_nearby_search,"nearby:43.1208428,-80.7125958@1000m"
ChIJ7znC7wQ7LIgR2zUNvfNcL-I,Go Platinum Realty Inc,"1269 Commerce Way, Woodstock, ON N4V 0A2, Canada",Woodstock,Zone 5 — Woodstock / Oxford County,corridor_nearby_search,"nearby:43.1208428,-80.7125958@1000m"
ChIJkX-lrWn_zUwRsvR-0TajQSM,Smart Dental Technics,"83 Iber Rd, Stittsville, ON K2S 1E9, Canada",Emeryville,Zone 1 — Windsor / Essex County,corridor_nearby_search,"nearby:45.2789387,-75.9054008@1000m"
ChIJS3Z1JCeQK4gRWPfDtNhj-II,Romero's Restaurant,"355 Elmira Rd N Unit 101, Guelph, ON N1K 1S5, Canada",Guelph,Zone 6 — Kitchener / Waterloo / Cambridge / Guelph,corridor_nearby_search,"nearby:43.53215,-80.30682999999999@1000m"
ChIJDSWSA16lL4gRSQiied-LX0Q,Glencoe Fire Station,"71 Main St, Glencoe, ON N0L 1M0, Canada",Glencoe,Zone 4 — London / Middlesex,corridor_nearby_search,"nearby:42.7373269,-81.6963022@1000m"
ChIJiXJZAGalL4gR-ewftvrcWhQ,Glencoe church of Christ,"115 Victoria St, Glencoe, ON N0L 1M0, Canada",Glencoe,Zone 4 — London / Middlesex,corridor_nearby_search,"nearby:42.7373269,-81.6963022@1000m"
ChIJuXL54sutLogRGJvICGDiia8,Spotlight Church,"58 Griffith Rd W, Stratford, ON N4Z 0A6, Canada",Stratford,Zone 6 — Kitchener / Waterloo / Cambridge / Guelph,corridor_nearby_search,"nearby:43.352268,-80.98946409999999@1000m"
ChIJEUv1qcuxLogRqhp_0JXzi0c,The Ensuite Bath & Kitchen Showroom - EMCO Stratford,"72 Dunlop Pl, Stratford, ON N4Z 0A6, Canada",Stratford,Zone 6 — Kitchener / Waterloo / Cambridge / Guelph,corridor_nearby_search,"nearby:43.352268,-80.98946409999999@1000m"
ChIJ4Xg6igLzK4gReh3eWFoOZss,24/7 Self Serve Car Wash,"567 King St N, Waterloo, ON N2L 5Z7, Canada",Oil Springs,Zone 3 — Sarnia / Lambton County,corridor_nearby_search,"nearby:43.4995275,-80.5340089@1000m"
ChIJp553oOF8ZSERgsyr7LGUOEQ,Kanwer Taggar | Real Estate,"1027 Gordon St, Guelph, ON N1G 4X1, Canada",Guelph,Zone 6 — Kitchener / Waterloo / Cambridge / Guelph,corridor_nearby_search,"nearby:43.5206406,-80.21096159999999@1000m"
ChIJO20A0D6FK4gRJF5zRAa4vtU,Vip Spa,"1027 Gordon St Unit 4, Guelph, ON N1G 4X1, Canada",Guelph,Zone 6 — Kitchener / Waterloo / Cambridge / Guelph,corridor_nearby_search,"nearby:43.5206406,-80.21096159999999@1000m"
ChIJVVUFbMqEK4gR1_k4qrP7wPA,"HOMELIFE POWER REALTY INC., BROKERAGE *: Bhinderjit Singh","1027 Gordon St, Guelph, ON N1G 4X1, Canada",Guelph,Zone 6 — Kitchener / Waterloo / Cambridge / Guelph,corridor_nearby_search,"nearby:43.5206406,-80.21096159999999@1000m"
ChIJYZu23_6FK4gRP0gx2wFDtC8,Beauty Queen Health Centre,"1027 Gordon St Unit 4, Guelph, ON N1G 4X1, Canada",Guelph,Zone 6 — Kitchener / Waterloo / Cambridge / Guelph,corridor_nearby_search,"nearby:43.5206406,-80.21096159999999@1000m"
ChIJJ4QKm1uFK4gReY80ZwAzeXU,Jackie Harrison - Guelph Top Real Estate Agent,"1027 Gordon St, Guelph, ON N1G 4X1, Canada",Guelph,Zone 6 — Kitchener / Waterloo / Cambridge / Guelph,corridor_nearby_search,"nearby:43.5206406,-80.21096159999999@1000m"
ChIJr8IN_VyFK4gRn-bYcNIMPn4,Western Union,"1027 Gordon St U8, Guelph, ON N1G 4X1, Canada",Guelph,Zone 6 — Kitchener / Waterloo / Cambridge / Guelph,corridor_nearby_search,"nearby:43.5206406,-80.21096159999999@1000m"
ChIJdVTvwtKFK4gRQ2USEQoJOBU,Arch Homes Team - Guelph Top Real Estate Agent,"1027 Gordon St, Guelph, ON N1G 4X1, Canada",Guelph,Zone 6 — Kitchener / Waterloo / Cambridge / Guelph,corridor_nearby_search,"nearby:43.5206406,-80.21096159999999@1000m"
ChIJD4rIC72FK4gRxowwLJqlS6Y,Centurion Coffee,"1027 Gordon St Suite 10, Guelph, ON N1G 4X1, Canada",Guelph,Zone 6 — Kitchener / Waterloo / Cambridge / Guelph,corridor_nearby_search,"nearby:43.5206406,-80.21096159999999@1000m"
ChIJszMTd8qEK4gRYWSFTNunK1U,HomeLife Power Realty Inc | Guelph Realtors,"1027 Gordon St, Guelph, ON N1G 4X1, Canada",Guelph,Zone 6 — Kitchener / Waterloo / Cambridge / Guelph,corridor_nearby_search,"nearby:43.5206406,-80.21096159999999@1000m"
ChIJwXzHGBK-K4gRJKNczEd42NE,The Elora Beauty bar,"115 GEDDES STREET, SIDE ENTRANCE IS LOCATED ON, Colborne St, Elora, ON N0B 1S0, Canada",Fergus,Zone 6 — Kitchener / Waterloo / Cambridge / Guelph,corridor_nearby_search,"nearby:43.6835702,-80.43006969999999@1000m"
ChIJe63pFWiVK4gRx5lrHFtfYzQ,Shoppers Drug Mart,"89 Geddes St, Elora, ON N0B 1S0, Canada",Fergus,Zone 6 — Kitchener / Waterloo / Cambridge / Guelph,corridor_nearby_search,"nearby:43.6835702,-80.43006969999999@1000m"
ChIJb6q-9HSVK4gRuPOXDq6tHW0,Woofs & Wags Boutique,"99 Geddes St, Elora, ON N0B 1S0, Canada",Fergus,Zone 6 — Kitchener / Waterloo / Cambridge / Guelph,corridor_nearby_search,"nearby:43.6835702,-80.43006969999999@1000m"
ChIJh7m5EuWVK4gREG2wBVhQNKQ,LPT Paul Shantz Real Estate,"Elora/Waterloo, Waterloo St, Elora, ON N0B 1S0, Canada",Fergus,Zone 6 — Kitchener / Waterloo / Cambridge / Guelph,corridor_nearby_search,"nearby:43.6835702,-80.43006969999999@1000m"
ChIJ6ZaT9YRgLogRTDQ9jaWcgXg,CrossFit Elgin,"11 Sparling Rd, St Thomas, ON N5P 4A4, Canada",Anderdon,Zone 1 — Windsor / Essex County,corridor_nearby_search,"nearby:42.7875792,-81.15585329999999@1000m"
ChIJJ-8Uy4iNK4gRVsFkfGNVUvo,GLOW N SHINE BEAUTY BAR INC.,"415 Dolman St, Breslau, ON N0B 1M0, Canada",Breslau,Zone 6 — Kitchener / Waterloo / Cambridge / Guelph,corridor_nearby_search,"nearby:43.47204079999999,-80.4165991@1000m"
ChIJrRugNXtdKYgRRWivQ4Ju3yE,The Clothing Loft - Consignment Shop,"145 Argyle Ave N, Listowel, ON N4W 1M7, Canada",Listowel,Zone 6 — Kitchener / Waterloo / Cambridge / Guelph,corridor_nearby_search,"nearby:43.7323899,-80.9544976@1000m"
ChIJLy-qqGRdKYgRkaQB-OX8c18,Dollar Store & More,"245 Main St W, Listowel, ON N4W 1M7, Canada",Listowel,Zone 6 — Kitchener / Waterloo / Cambridge / Guelph,corridor_nearby_search,"nearby:43.7323899,-80.9544976@1000m"
ChIJx7W9oef1K4gR6qZGXKK2zog,Chameleon Dental Arts,"525 Belmont Ave W #109, Kitchener, ON N2M 5E2, Canada",Kitchener,Zone 6 — Kitchener / Waterloo / Cambridge / Guelph,corridor_nearby_search,"nearby:43.4475009,-80.5158364@1000m"
ChIJA2PpdABtLIgRSIW9kIvRIS0,Hotline apparel,"71 Folsetter Dr, Brant, ON N3L 0E2, Canada",Paris,Zone 6 — Kitchener / Waterloo / Cambridge / Guelph,corridor_nearby_search,"nearby:43.157818,-80.3793195@1000m"
ChIJJf0X8EbYK4gRT7mtCp2YEHA,Palmerston Dental,"30 Minto Rd, Palmerston, ON N0G 2P0, Canada",Centre Wellington,Zone 6 — Kitchener / Waterloo / Cambridge / Guelph,corridor_nearby_search,"nearby:43.83450800000001,-80.862939@1000m"
ChIJJVsWvMXtLogRvTDJR9Wdo4c,Flip Shot | London Real Estate Photography Company,"573 Mornington Ave, London, ON N5Y 4T9, Canada",London,Zone 4 — London / Middlesex,corridor_nearby_search,"nearby:43.0018427,-81.20850519999999@1000m"
ChIJW1bkf2WqOogRXciBHfWw_fU,Erie Café & Variety,"Erie St S, Merlin, ON N0P 1W0, Canada",Merlin,Zone 2 — Chatham-Kent,corridor_nearby_search,"nearby:42.2395046,-82.2324982@1000m"
ChIJj4kktGWqOogRLavnl9BlpZo,Chatham-Kent Fire Station 17,"9 Sullivan St, Merlin, ON N0P 1W0, Canada",Merlin,Zone 2 — Chatham-Kent,corridor_nearby_search,"nearby:42.2395046,-82.2324982@1000m"
ChIJFWW4UPaqOogR_V6h7adcO2o,Chatham-Kent Public Library - Merlin Branch,"13 Aberdeen St, Merlin, ON N0P 1W0, Canada",Merlin,Zone 2 — Chatham-Kent,corridor_nearby_search,"nearby:42.2395046,-82.2324982@1000m"
ChIJO0vskmh_LogRn7Eho-_d860,Richmond United Church,"53895 Church St, Aylmer, ON N5H 2R1, Canada",Malahide,Zone 4 — London / Middlesex,corridor_nearby_search,"nearby:42.7562393,-80.83691929999999@1000m"
ChIJ-ZsHcvcTK4gR4h19tk9q6QM,Shape Nail Lounge,"318 Guelph St, Georgetown, ON L7G 4B5, Canada",Kerwood,Zone 4 — London / Middlesex,corridor_nearby_search,"nearby:43.6489588,-79.8911985@1000m"
ChIJl39lnswSK4gRIY0fv33dZAU,Swiss Chalet,"320 Guelph St, Georgetown, ON L7G 4B5, Canada",Kerwood,Zone 4 — London / Middlesex,corridor_nearby_search,"nearby:43.6489588,-79.8911985@1000m"
ChIJl39lnswSK4gRARCqH5GIriY,Harvey's,"320 Guelph St, Georgetown, ON L7G 4B5, Canada",Kerwood,Zone 4 — London / Middlesex,corridor_nearby_search,"nearby:43.6489588,-79.8911985@1000m"
ChIJZ3OgucwSK4gRiefrL91Ke3s,Tonya Bisante - Brampton Real Estate Agent - REALTOR®,"324 Guelph St, Georgetown, ON L7G 4B5, Canada",Kerwood,Zone 4 — London / Middlesex,corridor_nearby_search,"nearby:43.6489588,-79.8911985@1000m"
ChIJawyd7MwSK4gRLxMnpcMu9JI,Mitchell Saldanha Real Estate Team,"324 Guelph St, Georgetown, ON L7G 4B5, Canada",Kerwood,Zone 4 — London / Middlesex,corridor_nearby_search,"nearby:43.6489588,-79.8911985@1000m"
ChIJ0elhrCP1K4gRY8B7VPG4Mxg,Nicholson Realty,"20 Hanson Ave #5, Kitchener, ON N2C 2E2, Canada",Grand Bend,Zone 3 — Sarnia / Lambton County,corridor_nearby_search,"nearby:43.4253452,-80.47361579999999@1000m"
ChIJjzSukv_zK4gRxR_RTxhwuXE,The Realty Den Corporation,"20 Hanson Ave Unit #5, Kitchener, ON N2C 2E2, Canada",Grand Bend,Zone 3 — Sarnia / Lambton County,corridor_nearby_search,"nearby:43.4253452,-80.47361579999999@1000m"
ChIJDTNwvnWVLogR7422AviLEpo,Franklyn's Paw Spa,"198 King St, Thorndale, ON N0M 2P0, Canada",Thames Centre,Zone 4 — London / Middlesex,corridor_nearby_search,"nearby:43.10497549999999,-81.1467892@1000m"
ChIJZUF8Tl-VLogR0kU3XstJkxY,"PRO/RES REALTY INC., real estate brokerage","230 King St, Thorndale, ON N0M 2P0, Canada",Thames Centre,Zone 4 — London / Middlesex,corridor_nearby_search,"nearby:43.10497549999999,-81.1467892@1000m"
ChIJkXZTxJ-VLogR5LVvzw1shoY,Isaac's Auto Detailing Thorndale,"225 King St, Thorndale, ON N0M 2P0, Canada",Thames Centre,Zone 4 — London / Middlesex,corridor_nearby_search,"nearby:43.10497549999999,-81.1467892@1000m"
ChIJNS3jTyeVLogR52xFjZTizjw,Thorndale Family Restaurant ~Take Out ~ Dine In ~ Catering,"186 King St, Thorndale, ON N0M 2P0, Canada",Thames Centre,Zone 4 — London / Middlesex,corridor_nearby_search,"nearby:43.10497549999999,-81.1467892@1000m"
ChIJIeA1xVaVLogR73GxXk07ZWY,Thorndale Restaurant Menu,"188 King St, Thorndale, ON N0M 2P0, Canada",Thames Centre,Zone 4 — London / Middlesex,corridor_nearby_search,"nearby:43.10497549999999,-81.1467892@1000m"
ChIJswqNeisJzUwRK4FrRbBNoFQ,Self Storage Solutions,"4205 Development Dr, Brockville, ON K6V 5W1, Canada",Wardsville,Zone 4 — London / Middlesex,corridor_nearby_search,"nearby:44.62601189999999,-75.7001287@1000m"
ChIJtU0QgAeEJYgRuh4byAeH6hU,Ontario Secondary School Teachers' Federation,"50 Ube Dr, Sarnia, ON N7W 1B6, Canada",Sarnia,Zone 3 — Sarnia / Lambton County,corridor_nearby_search,"nearby:42.993005,-82.3162207@1000m"
ChIJgdrILxKDJYgRVj5tx5w-oRw,Burger King,"81 Ube Dr, Sarnia, ON N7W 1B6, Canada",Sarnia,Zone 3 — Sarnia / Lambton County,corridor_nearby_search,"nearby:42.993005,-82.3162207@1000m"
ChIJ-fsh-Z0tLIgRzfHs4S3_W9Y,On The Run - Convenience Store,"115 Simcoe St, Tillsonburg, ON N4G 2J2, Canada",Bayham,Zone 4 — London / Middlesex,corridor_nearby_search,"nearby:42.8558395,-80.7117761@1000m"
ChIJ-zX6Y2rzLogRzsJlbjGM0EI,Self-Storage at U-Haul,"95 Towerline Pl, London, ON N6E 2T3, Canada",London,Zone 4 — London / Middlesex,corridor_nearby_search,"nearby:42.9343796,-81.19655949999999@1000m"
ChIJe_sfqzzzLogRtgVTz1-nQz8,Moving Supplies at U-Haul,"95 Towerline Pl, London, ON N6E 2T3, Canada",London,Zone 4 — London / Middlesex,corridor_nearby_search,"nearby:42.9343796,-81.19655949999999@1000m"
ChIJe-fZKgnzLogRAivmXzXAC7E,U-Box at U-Haul,"95 Towerline Pl, London, ON N6E 2T3, Canada",London,Zone 4 — London / Middlesex,corridor_nearby_search,"nearby:42.9343796,-81.19655949999999@1000m"
ChIJhciQFxjzLogRFwzLtAhvBHc,Trailer Rental at U-Haul,"95 Towerline Pl, London, ON N6E 2T3, Canada",London,Zone 4 — London / Middlesex,corridor_nearby_search,"nearby:42.9343796,-81.19655949999999@1000m"
ChIJOVX0NW7zLogRCuMG9_6vu8E,U-Haul Moving & Storage at Towerline Place,"95 Towerline Pl, London, ON N6E 2T3, Canada",London,Zone 4 — London / Middlesex,corridor_nearby_search,"nearby:42.9343796,-81.19655949999999@1000m"
ChIJwwFoKf7xLogRc3lYeYwXAgE,Holy Family French Immersion Catholic Elementary School,"177 Oxford St, Woodstock, ON N4S 6A6, Canada",Woodstock,Zone 5 — Woodstock / Oxford County,corridor_nearby_search,"nearby:43.13267930000001,-80.76852730000002@1000m"
ChIJhycp-DDrK4gRGSvyePXvF4o,Bloomsbury Methodist Cemetery,"7212 Wellington Road 17, Moorefield, ON N0B 1A0, Canada",Centre Wellington,Zone 6 — Kitchener / Waterloo / Cambridge / Guelph,corridor_nearby_search,"nearby:43.6981389,-80.54643089999999@1000m"
ChIJWzVpEZbzLogROO0TgQHhk1g,The Barber Plus,"1105 Wellington Rd, London, ON N6E 1V4, Canada",London,Zone 4 — London / Middlesex,corridor_nearby_search,"nearby:42.9319149,-81.225033@1000m"
ChIJqU1bO5TzLogRwIHSxsuYCtQ,Mac's Sushi,"1105 Wellington Rd, London, ON N6E 1V4, Canada",London,Zone 4 — London / Middlesex,corridor_nearby_search,"nearby:42.9319149,-81.225033@1000m"
ChIJc10_jDlLtkwRp3NMhRMOdfY,Dollarama,"1105 Wellington Rd S, Mall, London, ON N6E 1V4, Canada",London,Zone 4 — London / Middlesex,corridor_nearby_search,"nearby:42.9319149,-81.225033@1000m"
ChIJpXQDB78pO4gR6omgeqXjwtc,Husky House Restaurant,"4040 County Rd 46, Maidstone, ON N0R 1K0, Canada",Anderdon,Zone 1 — Windsor / Essex County,corridor_nearby_search,"nearby:42.2446575,-82.9477271@1000m"
